A vulnerability, which was classified as critical, was found in openBI up to 1.0.8. This affects the function uploadUnity of the file /application/index/controller/Unity.php. The manipulation of the argument file leads to unrestricted upload. It is possible to initiate the attack remotely. The exploit has been disclosed to the public and may be used. The associated identifier of this vulnerability is VDB-252471.	CVSS:3.1/AV:N/AC:L/PR:N/UI:N/S:U/C:H/I:H/A:H
A stack based buffer overflow exists in Delta Electronics Delta Industrial Automation DOPSoft when parsing the InitialMacroLen field of a DPS file. A remote, unauthenticated attacker can exploit this vulnerability by enticing a user to open a specially crafted DPS file to achieve remote code execution.	CVSS:3.1/AV:L/AC:L/PR:N/UI:R/S:U/C:H/I:H/A:H
A unrestricted php file upload vulnerability exists in the import.json.php temporary copy functionality of WWBN AVideo dev master commit 15fed957fb. A specially crafted HTTP request can lead to arbitrary code execution when chained with an LFI vulnerability. An attacker can send a series of HTTP requests to trigger this vulnerability.	CVSS:3.1/AV:N/AC:L/PR:L/UI:N/S:U/C:H/I:H/A:H
MolecularFaces before 0.3.0 is vulnerable to cross site scripting. A remote attacker can execute arbitrary JavaScript in the context of a victim browser via crafted molfiles.	CVSS:3.1/AV:N/AC:L/PR:N/UI:R/S:C/C:L/I:L/A:N
CEF (Chromium Embedded Framework ) is a simple framework for embedding Chromium-based browsers in other applications. `CefLayeredWindowUpdaterOSR::OnAllocatedSharedMemory` does not check the size of the shared memory, which leads to out-of-bounds read outside the sandbox. This vulnerability was patched in commit 1f55d2e.	CVSS:3.1/AV:N/AC:L/PR:L/UI:N/S:C/C:H/I:N/A:H
A use-after-free flaw was found in the netfilter subsystem of the Linux kernel. If the catchall element is garbage-collected when the pipapo set is removed, the element can be deactivated twice. This can cause a use-after-free issue on an NFT_CHAIN object or NFT_OBJECT object, allowing a local unprivileged user with CAP_NET_ADMIN capability to escalate their privileges on the system.	CVSS:3.1/AV:L/AC:L/PR:H/UI:N/S:U/C:H/I:H/A:H
Vyper is a Pythonic Smart Contract Language for the Ethereum Virtual Machine. The `concat` built-in can write over the bounds of the memory buffer that was allocated for it and thus overwrite existing valid data. The root cause is that the `build_IR` for `concat` doesn't properly adhere to the API of copy functions (for `>=0.3.2` the `copy_bytes` function). A contract search was performed and no vulnerable contracts were found in production. The buffer overflow can result in the change of semantics of the contract. The overflow is length-dependent and thus it might go unnoticed during contract testing. However, certainly not all usages of concat will result in overwritten valid data as we require it to be in an internal function and close to the return statement where other memory allocations don't occur. This issue has been addressed in commit `55e18f6d1` which will be included in future releases. Users are advised to update when possible.	CVSS:3.1/AV:N/AC:L/PR:N/UI:N/S:U/C:H/I:H/A:H
Improper Input Validation in Hitron Systems DVR LGUVR-4H 1.02~4.02 allows an attacker to cause network attack in case of using defalut admin ID/PW.	CVSS:3.1/AV:N/AC:L/PR:N/UI:N/S:U/C:N/I:N/A:H
A vulnerability was found in Totolink N200RE V5 9.3.5u.6255_B20211224. It has been classified as problematic. Affected is an unknown function of the file /cgi-bin/cstecgi.cgi. The manipulation leads to session expiration. It is possible to launch the attack remotely. The complexity of an attack is rather high. The exploitability is told to be difficult. The exploit has been disclosed to the public and may be used. VDB-252186 is the identifier assigned to this vulnerability. NOTE: The vendor was contacted early about this disclosure but did not respond in any way.	CVSS:3.1/AV:N/AC:L/PR:L/UI:N/S:U/C:L/I:N/A:N
In OpenDDS through 3.27, there is a segmentation fault for a DataWriter with a large value of resource_limits.max_samples. NOTE: the vendor's position is that the product is not designed to handle a max_samples value that is too large for the amount of memory on the system.	CVSS:3.1/AV:N/AC:L/PR:N/UI:N/S:U/C:N/I:N/A:H
"Trillium is a composable toolkit for building internet applications with async rust. In `trillium-http` prior to 0.3.12 and `trillium-client` prior to 0.5.4, insufficient validation of outbound header values may lead to request splitting or response splitting attacks in scenarios where attackers have sufficient control over headers. This only affects use cases where attackers have control of request headers, and can insert ""\r\n"" sequences. Specifically, if untrusted and unvalidated input is inserted into header names or values.  Outbound `trillium_http::HeaderValue` and `trillium_http::HeaderName` can be constructed infallibly and were not checked for illegal bytes when sending requests from the client or responses from the server. Thus, if an attacker has sufficient control over header values (or names) in a request or response that they could inject `\r\n` sequences, they could get the client and server out of sync, and then pivot to gain control over other parts of requests or responses. (i.e. exfiltrating data from other requests, SSRF, etc.)  In `trillium-http` versions 0.3.12 and later, if a header name is invalid in server response headers, the specific header and any associated values are omitted from network transmission. Additionally, if a header value is invalid in server response headers, the individual header value is omitted from network transmission. Other headers values with the same header name will still be sent. In `trillium-client` versions 0.5.4 and later, if any header name or header value is invalid in the client request headers, awaiting the client Conn returns an `Error::MalformedHeader` prior to any network access. As a workaround, Trillium services and client applications should sanitize or validate untrusted input that is included in header values and header names. Carriage return, newline, and null characters are not allowed."	CVSS:3.1/AV:N/AC:H/PR:N/UI:N/S:U/C:H/I:H/A:H
IBM Operational Decision Manager 8.10.3, 8.10.4, 8.10.5.1, 8.11, 8.11.0.1, 8.11.1 and 8.12.0.1 is susceptible to remote code execution attack via JNDI injection when passing an unchecked argument to a certain API. IBM X-Force ID: 279145.	CVSS:3.1/AV:N/AC:L/PR:N/UI:N/S:U/C:H/I:H/A:H
** UNSUPPORTED WHEN ASSIGNED ** The improper privilege management vulnerability in the command “show_allsessions” in Zyxel NAS326 firmware versions before V5.21(AAZF.17)C0 and NAS542 firmware versions before V5.21(ABAG.14)C0 could allow an authenticated attacker to obtain a logged-in administrator’s session information containing cookies on an affected device.	CVSS:3.1/AV:N/AC:L/PR:L/UI:N/S:U/C:H/I:N/A:N
Improper Neutralization of Input During Web Page Generation ('Cross-site Scripting') vulnerability in MojofyWP WP Affiliate Disclosure allows Stored XSS.This issue affects WP Affiliate Disclosure: from n/a through 1.2.7.	CVSS:3.1/AV:N/AC:L/PR:L/UI:R/S:C/C:L/I:L/A:N
The LearnPress plugin for WordPress is vulnerable to time-based SQL Injection via the ‘order_by’ parameter in all versions up to, and including, 4.2.5.7 due to insufficient escaping on the user supplied parameter and lack of sufficient preparation on the existing SQL query.  This makes it possible for unauthenticated attackers to append additional SQL queries into already existing queries that can be used to extract sensitive information from the database.	CVSS:3.1/AV:N/AC:L/PR:N/UI:N/S:U/C:H/I:N/A:N
A heap overflow vulnerability in IPSec component of Ivanti Connect Secure (9.x  22.x) and Ivanti Policy Secure allows an unauthenticated malicious user to send specially crafted requests in-order-to crash the service thereby causing a DoS attack or in certain conditions read contents from memory.	CVSS:3.1/AV:N/AC:L/PR:N/UI:N/S:U/C:L/I:N/A:H
The Photo Gallery by 10Web – Mobile-Friendly Image Gallery plugin for WordPress is vulnerable to Directory Traversal in all versions up to, and including, 1.8.19 via the rename_item function. This makes it possible for authenticated attackers to rename arbitrary files on the server. This can lead to site takeovers if the wp-config.php file of a site can be renamed. By default this can be exploited by administrators only. In the premium version of the plugin, administrators can give gallery management permissions to lower level users, which might make this exploitable by users as low as contributors.	CVSS:3.1/AV:N/AC:L/PR:H/UI:N/S:U/C:H/I:H/A:H
Cross-Site Request Forgery (CSRF) vulnerability in Marco Milesi Browser Theme Color.This issue affects Browser Theme Color: from n/a through 1.3.	CVSS:3.1/AV:N/AC:L/PR:N/UI:R/S:U/C:H/I:H/A:H
"In the Linux kernel, the following vulnerability has been resolved:  parisc: Clear stale IIR value on instruction access rights trap  When a trap 7 (Instruction access rights) occurs, this means the CPU couldn't execute an instruction due to missing execute permissions on the memory region.  In this case it seems the CPU didn't even fetched the instruction from memory and thus did not store it in the cr19 (IIR) register before calling the trap handler. So, the trap handler will find some random old stale value in cr19.  This patch simply overwrites the stale IIR value with a constant magic ""bad food"" value (0xbaadf00d), in the hope people don't start to try to understand the various random IIR values in trap 7 dumps."	CVSS:3.1/AV:L/AC:L/PR:L/UI:N/S:U/C:N/I:N/A:H
Improper Neutralization of Input During Web Page Generation ('Cross-site Scripting') vulnerability in Epiphyt Embed Privacy allows Stored XSS.This issue affects Embed Privacy: from n/a through 1.8.0.	CVSS:3.1/AV:N/AC:L/PR:L/UI:R/S:C/C:L/I:L/A:N
Leanote version 2.7.0 allows obtaining arbitrary local files. This is possible  because the application is vulnerable to LFR.	CVSS:3.1/AV:L/AC:L/PR:L/UI:N/S:U/C:H/I:N/A:N
The WPForms Pro plugin for WordPress is vulnerable to Stored Cross-Site Scripting via form submission parameters in all versions up to, and including, 1.8.5.3 due to insufficient input sanitization and output escaping. This makes it possible for unauthenticated attackers to inject arbitrary web scripts in pages that will execute whenever a user accesses an injected page.	CVSS:3.1/AV:N/AC:L/PR:N/UI:R/S:C/C:L/I:L/A:N
IBM Operational Decision Manager 8.10.3 could allow a remote authenticated attacker to execute arbitrary code on the system, caused by an unsafe deserialization. By sending specially crafted request, an attacker could exploit this vulnerability to execute arbitrary code in the context of SYSTEM.  IBM X-Force ID:  279146.	CVSS:3.1/AV:N/AC:L/PR:L/UI:N/S:U/C:H/I:H/A:H
A potential attacker with access to the Westermo Lynx device would be able to execute malicious code that could affect the correct functioning of the device.	CVSS:3.1/AV:N/AC:L/PR:L/UI:N/S:U/C:N/I:H/A:N
Improper Control of Dynamically-Managed Code Resources, Unrestricted Upload of File with Dangerous Type, Inclusion of Functionality from Untrusted Control Sphere vulnerability in Apache Solr.This issue affects Apache Solr: from 6.0.0 through 8.11.2, from 9.0.0 before 9.4.1.  In the affected versions, Solr ConfigSets accepted Java jar and class files to be uploaded through the ConfigSets API. When backing up Solr Collections, these configSet files would be saved to disk when using the LocalFileSystemRepository (the default for backups). If the backup was saved to a directory that Solr uses in its ClassPath/ClassLoaders, then the jar and class files would be available to use with any ConfigSet, trusted or untrusted.  When Solr is run in a secure way (Authorization enabled), as is strongly suggested, this vulnerability is limited to extending the Backup permissions with the ability to add libraries. Users are recommended to upgrade to version 8.11.3 or 9.4.1, which fix the issue. In these versions, the following protections have been added:    *  Users are no longer able to upload files to a configSet that could be executed via a Java ClassLoader.   *  The Backup API restricts saving backups to directories that are used in the ClassLoader.	CVSS:3.1/AV:N/AC:L/PR:L/UI:N/S:U/C:H/I:H/A:H
There is a command injection vulnerability in the ssdpcgi_main function of cgibin binary in D-Link DIR-815 router firmware v1.04.	CVSS:3.1/AV:N/AC:L/PR:N/UI:N/S:U/C:H/I:H/A:H
Jenkins 2.217 through 2.441 (both inclusive), LTS 2.222.1 through 2.426.2 (both inclusive) does not perform origin validation of requests made through the CLI WebSocket endpoint, resulting in a cross-site WebSocket hijacking (CSWSH) vulnerability, allowing attackers to execute CLI commands on the Jenkins controller.	CVSS:3.1/AV:N/AC:L/PR:N/UI:R/S:U/C:H/I:H/A:H
** UNSUPPORTED WHEN ASSIGNED ** A vulnerability was found in blockmason credit-protocol. It has been declared as problematic. Affected by this vulnerability is the function executeUcacTx of the file contracts/CreditProtocol.sol of the component UCAC Handler. The manipulation leads to denial of service. This product does not use versioning. This is why information about affected and unaffected releases are unavailable. The patch is named 082e01f18707ef995e80ebe97fcedb229a55efc5. It is recommended to apply a patch to fix this issue. The associated identifier of this vulnerability is VDB-252799. NOTE: This vulnerability only affects products that are no longer supported by the maintainer.	CVSS:3.1/AV:N/AC:L/PR:N/UI:N/S:U/C:N/I:N/A:H
This vulnerability exist in Skyworth Router CM5100, version 4.1.1.24, due to insufficient validation of user supplied input for the SMTP Username parameter at its web interface.  A remote attacker could exploit this vulnerability by supplying specially crafted input to the parameter at the web interface of the vulnerable targeted system.  Successful exploitation of this vulnerability could allow the attacker to perform stored XSS attacks on the targeted system.	CVSS:3.1/AV:N/AC:L/PR:L/UI:R/S:C/C:L/I:L/A:N
Label Studio is an a popular open source data labeling tool. Versions prior to 1.9.2 have a cross-site scripting (XSS) vulnerability that could be exploited when an authenticated user uploads a crafted image file for their avatar that gets rendered as a HTML file on the website. Executing arbitrary JavaScript could result in an attacker performing malicious actions on Label Studio users if they visit the crafted avatar image. For an example, an attacker can craft a JavaScript payload that adds a new Django Super Administrator user if a Django administrator visits the image.  The file `users/functions.py` lines 18-49 show that the only verification check is that the file is an image by extracting the dimensions from the file. Label Studio serves avatar images using Django's built-in `serve` view, which is not secure for production use according to Django's documentation. The issue with the Django `serve` view is that it determines the `Content-Type` of the response by the file extension in the URL path. Therefore, an attacker can upload an image that contains malicious HTML code and name the file with a `.html` extension to be rendered as a HTML page. The only file extension validation is performed on the client-side, which can be easily bypassed.  Version 1.9.2 fixes this issue. Other remediation strategies include validating the file extension on the server side, not in client-side code; removing the use of Django's `serve` view and implement a secure controller for viewing uploaded avatar images; saving file content in the database rather than on the filesystem to mitigate against other file related vulnerabilities; and avoiding trusting user controlled inputs.	CVSS:3.1/AV:N/AC:L/PR:L/UI:R/S:C/C:L/I:L/A:N
Dell Unity, versions prior to 5.4, contains a Cross-site scripting vulnerability. An authenticated attacker could potentially exploit this vulnerability, stealing session information, masquerading as the affected user or carry out any actions that this user could perform, or to generally control the victim's browser.	CVSS:3.1/AV:N/AC:L/PR:L/UI:R/S:C/C:L/I:L/A:N
Improper Neutralization of Input During Web Page Generation ('Cross-site Scripting') vulnerability in RoboSoft Photo Gallery, Images, Slider in Rbs Image Gallery allows Stored XSS.This issue affects Photo Gallery, Images, Slider in Rbs Image Gallery: from n/a through 3.2.17.	CVSS:3.1/AV:N/AC:L/PR:L/UI:R/S:C/C:L/I:L/A:N
"An attacker with access to the vulnerable software could introduce arbitrary JavaScript by injecting a cross-site scripting payload into the ""username"" parameter in the SNMP configuration."	CVSS:3.1/AV:N/AC:L/PR:L/UI:R/S:C/C:L/I:L/A:N
Improper Verification of Cryptographic Signature vulnerability in Snow Software Inventory Agent on MacOS, Snow Software Inventory Agent on Windows, Snow Software Inventory Agent on Linux allows File Manipulation through Snow Update Packages.This issue affects Inventory Agent: through 6.12.0; Inventory Agent: through 6.14.5; Inventory Agent: through 6.7.2.	CVSS:3.1/AV:L/AC:L/PR:L/UI:N/S:U/C:N/I:H/A:N
The iaware module has a Use-After-Free (UAF) vulnerability. Successful exploitation of this vulnerability may affect the system functions.	CVSS:3.1/AV:N/AC:L/PR:N/UI:N/S:U/C:N/I:N/A:H
IBM Maximo Asset Management 7.6.1.3 could allow a remote attacker to log into the admin panel due to improper access controls.  IBM X-Force ID:  255073.	CVSS:3.1/AV:N/AC:L/PR:N/UI:N/S:U/C:H/I:H/A:H
SQL Injection vulnerability in Dzzoffice version 2.01, allows remote attackers to obtain sensitive information via the doobj and doevent parameters in the Network Disk backend module.	CVSS:3.1/AV:N/AC:L/PR:L/UI:N/S:U/C:H/I:N/A:N
An issue was discovered in GTB Central Console 15.17.1-30814.NG. The method systemSettingsDnsDataAction at /opt/webapp/src/AppBundle/Controller/React/SystemSettingsController.php is vulnerable to command injection via the /old/react/v1/api/system/dns/data endpoint. An authenticated attacker can abuse it to inject an arbitrary command and compromise the platform.	CVSS:3.1/AV:N/AC:L/PR:H/UI:N/S:U/C:H/I:H/A:H
A buffer copy without checking size of input vulnerability has been reported to affect several QNAP operating system versions. If exploited, the vulnerability could allow authenticated administrators to execute code via a network.  We have already fixed the vulnerability in the following versions: QTS 5.1.2.2533 build 20230926 and later QuTS hero h5.1.2.2534 build 20230927 and later QuTScloud c5.1.5.2651 and later	CVSS:3.1/AV:N/AC:L/PR:H/UI:N/S:U/C:H/I:H/A:H
Cross-Site Request Forgery (CSRF) vulnerability in livewire before v3.0.4, allows remote attackers to execute arbitrary code getCsrfToken function. NOTE: the vendor disputes this because the 5d88731 commit fixes a usability problem (HTTP 419 status codes for legitimate client activity), not a security problem.	CVSS:3.1/AV:N/AC:L/PR:N/UI:R/S:U/C:H/I:H/A:H
Deserialization of Untrusted Data vulnerability in SVNLabs Softwares HTML5 MP3 Player with Playlist Free.This issue affects HTML5 MP3 Player with Playlist Free: from n/a through 3.0.0.	CVSS:3.1/AV:N/AC:L/PR:L/UI:N/S:U/C:H/I:H/A:H
Malicious code execution via path traversal in Apache Software Foundation Apache Sling Servlets Resolver.This issue affects all version of Apache Sling Servlets Resolver before 2.11.0. However, whether a system is vulnerable to this attack depends on the exact configuration of the system. If the system is vulnerable, a user with write access to the repository might be able to trick the Sling Servlet Resolver to load a previously uploaded script.   Users are recommended to upgrade to version 2.11.0, which fixes this issue. It is recommended to upgrade, regardless of whether your system configuration currently allows this attack or not.	CVSS:3.1/AV:N/AC:H/PR:L/UI:N/S:U/C:H/I:H/A:H
Rubygems.org is the Ruby community's gem hosting service. Rubygems.org users with MFA enabled would normally be protected from account takeover in the case of email account takeover. However, a workaround on the forgotten password form allows an attacker to bypass the MFA requirement and takeover the account. This vulnerability has been patched in commit 0b3272a.	CVSS:3.1/AV:N/AC:L/PR:N/UI:N/S:U/C:H/I:H/A:H
"Multiple vulnerabilities in Cisco Expressway Series and Cisco TelePresence Video Communication Server (VCS) could allow an unauthenticated, remote attacker to conduct cross-site request forgery (CSRF) attacks that perform arbitrary actions on an affected device.    Note: ""Cisco Expressway Series"" refers to Cisco Expressway Control (Expressway-C) devices and Cisco Expressway Edge (Expressway-E) devices.   For more information about these vulnerabilities, see the Details [""#details""] section of this advisory."	CVSS:3.1/AV:N/AC:L/PR:N/UI:R/S:U/C:H/I:H/A:H
A vulnerability classified as critical was found in PHPGurukul Hospital Management System 1.0. Affected by this vulnerability is an unknown functionality of the file admin/change-password.php. The manipulation of the argument cpass leads to sql injection. The exploit has been disclosed to the public and may be used. The identifier VDB-250129 was assigned to this vulnerability.	CVSS:3.1/AV:N/AC:L/PR:N/UI:N/S:U/C:H/I:H/A:H
An Exposure of Resource to Wrong Sphere vulnerability in the Packet Forwarding Engine (PFE) of Juniper Networks Junos OS on MX Series allows an unauthenticated, network-based attacker to bypass the intended access restrictions.  In an Abstracted Fabric (AF) scenario if routing-instances (RI) are configured, specific valid traffic destined to the device can bypass the configured lo0 firewall filters as it's received in the wrong RI context.  This issue affects Juniper Networks Junos OS on MX Series:      *  All versions earlier than 20.4R3-S9;   *  21.2 versions earlier than 21.2R3-S3;   *  21.4 versions earlier than 21.4R3-S5;   *  22.1 versions earlier than 22.1R3;   *  22.2 versions earlier than 22.2R3;   *  22.3 versions earlier than 22.3R2.	CVSS:3.1/AV:N/AC:L/PR:N/UI:N/S:U/C:N/I:H/A:N
The WP Go Maps (formerly WP Google Maps) WordPress plugin before 9.0.28 does not properly protect most of its REST API routes, which attackers can abuse to store malicious HTML/Javascript on the site.	CVSS:3.1/AV:N/AC:L/PR:N/UI:R/S:C/C:L/I:L/A:N
An issue found in NetScout nGeniusOne v.6.3.4 allows a remote attacker to execute arbitrary code and cause a denial of service via a crafted file.	CVSS:3.1/AV:N/AC:L/PR:N/UI:N/S:U/C:H/I:H/A:H
An issue discovered in Dronetag Drone Scanner 1.5.2 allows attackers to impersonate other drones via transmission of crafted data packets.	CVSS:3.1/AV:N/AC:L/PR:N/UI:N/S:U/C:N/I:H/A:L
An origin validation vulnerability in the Trend Micro Apex One security agent could allow a local attacker to escalate privileges on affected installations.  Please note: an attacker must first obtain the ability to execute low-privileged code on the target system in order to exploit this vulnerability.  This vulnerability is similar to, but not identical to, CVE-2023-47194.	CVSS:3.1/AV:L/AC:L/PR:L/UI:N/S:U/C:H/I:H/A:H
XSS vulnerability in FireEye Central Management affecting version 9.1.1.956704, which could allow an attacker to modify special HTML elements in the application and cause a reflected XSS, leading to a session hijacking.	CVSS:3.1/AV:N/AC:L/PR:N/UI:R/S:C/C:L/I:L/A:N
A vulnerability, which was classified as critical, was found in Hecheng Leadshop up to 1.4.20. Affected is an unknown function of the file /web/leadshop.php. The manipulation of the argument install leads to deserialization. It is possible to launch the attack remotely. The exploit has been disclosed to the public and may be used. VDB-251562 is the identifier assigned to this vulnerability.	CVSS:3.1/AV:N/AC:L/PR:N/UI:N/S:U/C:H/I:H/A:H
An issue was discovered in the Linux kernel before 6.6.8. do_vcc_ioctl in net/atm/ioctl.c has a use-after-free because of a vcc_recvmsg race condition.	CVSS:3.1/AV:L/AC:H/PR:L/UI:N/S:U/C:H/I:H/A:H
In display drm, there is a possible memory corruption due to a missing bounds check. This could lead to local escalation of privilege with System execution privileges needed. User interaction is not needed for exploitation. Patch ID: ALPS07780685; Issue ID: ALPS07780685.	CVSS:3.1/AV:L/AC:L/PR:H/UI:N/S:U/C:H/I:H/A:H
An issue was discovered in OpenNDS before 10.1.3. It fails to sanitize the FAS key entry in the configuration file, allowing attackers that have direct or indirect access to this file to execute arbitrary OS commands.	CVSS:3.1/AV:N/AC:L/PR:N/UI:N/S:U/C:H/I:H/A:H
An issue in Dlink DIR-816A2 v.1.10CNB05 allows a remote attacker to execute arbitrary code via the wizardstep4_ssid_2 parameter in the sub_42DA54 function.	CVSS:3.1/AV:N/AC:L/PR:N/UI:N/S:U/C:H/I:H/A:H
A vulnerability has been found in RRJ Nueva Ecija Engineer Online Portal 1.0 and classified as problematic. This vulnerability affects unknown code of the file teacher_message.php of the component Create Message Handler. The manipulation of the argument Content with the input </title><scRipt>alert(x)</scRipt> leads to cross site scripting. The attack can be initiated remotely. The exploit has been disclosed to the public and may be used. VDB-249502 is the identifier assigned to this vulnerability.	CVSS:3.1/AV:N/AC:L/PR:L/UI:R/S:C/C:L/I:L/A:N
Improper Neutralization of Input During Web Page Generation ('Cross-site Scripting') vulnerability in Noah Kagan Scroll Triggered Box allows Stored XSS.This issue affects Scroll Triggered Box: from n/a through 2.3.	CVSS:3.1/AV:N/AC:L/PR:L/UI:R/S:C/C:L/I:L/A:N
The secret value used for access to critical UDS services of the MIB3 infotainment is hardcoded in the firmware.  Vulnerability discovered on Škoda Superb III (3V3) - 2.0 TDI manufactured in 2022.	CVSS:3.1/AV:N/AC:L/PR:N/UI:N/S:U/C:H/I:H/A:H
Tenda AX1803 v1.0.0.1 contains a stack overflow via the iptv.city.vlan parameter in the function formGetIptv.	CVSS:3.1/AV:N/AC:L/PR:N/UI:N/S:U/C:H/I:H/A:H
A vulnerability has been found in Magic-Api up to 2.0.1 and classified as critical. Affected by this vulnerability is an unknown functionality of the file /resource/file/api/save?auto=1. The manipulation leads to code injection. The attack can be launched remotely. The exploit has been disclosed to the public and may be used. The associated identifier of this vulnerability is VDB-249511.	CVSS:3.1/AV:N/AC:L/PR:L/UI:N/S:U/C:H/I:H/A:H
Autolab is a course management service that enables instructors to offer autograded programming assignments to their students over the Web. Path traversal vulnerabilities were discovered in Autolab's assessment functionality in versions of Autolab prior to 2.12.0, whereby instructors can perform arbitrary file reads. Version 2.12.0 contains a patch. There are no feasible workarounds for this issue.	CVSS:3.1/AV:N/AC:L/PR:L/UI:N/S:U/C:H/I:N/A:N
A vulnerability, which was classified as critical, was found in Kashipara Billing Software 1.0. This affects an unknown part of the file material_bill.php of the component HTTP POST Request Handler. The manipulation of the argument itemtypeid leads to sql injection. It is possible to initiate the attack remotely. The exploit has been disclosed to the public and may be used. The associated identifier of this vulnerability is VDB-250599.	CVSS:3.1/AV:N/AC:L/PR:N/UI:N/S:U/C:H/I:H/A:H
IBM Storage Ceph 5.3z1, 5.3z5, and 6.1z1 could allow an authenticated user on the network to cause a denial of service from RGW.  IBM X-Force ID:  268906.	CVSS:3.1/AV:N/AC:L/PR:L/UI:N/S:U/C:N/I:N/A:H
In the Linux kernel, the following vulnerability has been resolved:  bpf: Fix DEVMAP_HASH overflow check on 32-bit arches  The devmap code allocates a number hash buckets equal to the next power of two of the max_entries value provided when creating the map. When rounding up to the next power of two, the 32-bit variable storing the number of buckets can overflow, and the code checks for overflow by checking if the truncated 32-bit value is equal to 0. However, on 32-bit arches the rounding up itself can overflow mid-way through, because it ends up doing a left-shift of 32 bits on an unsigned long value. If the size of an unsigned long is four bytes, this is undefined behaviour, so there is no guarantee that we'll end up with a nice and tidy 0-value at the end.  Syzbot managed to turn this into a crash on arm32 by creating a DEVMAP_HASH with max_entries > 0x80000000 and then trying to update it. Fix this by moving the overflow check to before the rounding up operation.	CVSS:3.1/AV:L/AC:L/PR:L/UI:N/S:U/C:H/I:H/A:H
flusity-CMS v2.33 was discovered to contain a Cross-Site Request Forgery (CSRF) via the component /core/tools/delete_menu.php.	CVSS:3.1/AV:N/AC:L/PR:N/UI:R/S:U/C:H/I:H/A:H
An injection issue was addressed with improved input validation. This issue is fixed in macOS Sonoma 14.4, macOS Monterey 12.7.4, macOS Ventura 13.6.5. An app may be able to elevate privileges.	CVSS:3.1/AV:L/AC:L/PR:N/UI:R/S:U/C:H/I:H/A:H
A vulnerability was found in DeShang DSMall up to 6.1.0. It has been classified as problematic. This affects an unknown part of the file public/install.php of the component HTTP GET Request Handler. The manipulation leads to improper access controls. It is possible to initiate the attack remotely. The exploit has been disclosed to the public and may be used. The associated identifier of this vulnerability is VDB-250431.	CVSS:3.1/AV:N/AC:L/PR:N/UI:N/S:U/C:H/I:N/A:N
GPAC v2.3 was detected to contain a buffer overflow via the function gf_isom_new_generic_sample_description function in the isomedia/isom_write.c:4577	CVSS:3.1/AV:L/AC:L/PR:N/UI:R/S:U/C:H/I:H/A:H
Generation of Error Message Containing Sensitive Information vulnerability in Hitachi Device Manager on Windows, Linux (Device Manager Agent modules).This issue affects Hitachi Device Manager: before 8.8.5-04.	CVSS:3.1/AV:N/AC:L/PR:N/UI:N/S:U/C:H/I:N/A:N
Improper Neutralization of Input During Web Page Generation ('Cross-site Scripting') vulnerability in WP Lab WP-Lister Lite for eBay allows Reflected XSS.This issue affects WP-Lister Lite for eBay: from n/a through 3.5.7.	CVSS:3.1/AV:N/AC:L/PR:N/UI:R/S:C/C:L/I:L/A:N
SAP NetWeaver ABAP Application Server and ABAP Platform do not sufficiently encode user-controlled inputs, resulting in Cross-Site Scripting (XSS) vulnerability. An attacker with low privileges can cause limited impact to confidentiality of the application data after successful exploitation.	CVSS:3.1/AV:N/AC:L/PR:L/UI:R/S:C/C:L/I:L/A:N
In the Linux kernel, the following vulnerability has been resolved:  KVM: arm64: vgic-its: Avoid potential UAF in LPI translation cache  There is a potential UAF scenario in the case of an LPI translation cache hit racing with an operation that invalidates the cache, such as a DISCARD ITS command. The root of the problem is that vgic_its_check_cache() does not elevate the refcount on the vgic_irq before dropping the lock that serializes refcount changes.  Have vgic_its_check_cache() raise the refcount on the returned vgic_irq and add the corresponding decrement after queueing the interrupt.	CVSS:3.1/AV:L/AC:L/PR:L/UI:N/S:U/C:H/I:H/A:H
A GPU kernel can read sensitive data from another GPU kernel (even from another user or app) through an optimized GPU memory region called _local memory_ on various architectures.	CVSS:3.1/AV:L/AC:L/PR:L/UI:N/S:C/C:H/I:N/A:N
Improper Neutralization of Input During Web Page Generation ('Cross-site Scripting') vulnerability in Leap13 Premium Addons for Elementor allows Stored XSS.This issue affects Premium Addons for Elementor: from n/a through 4.10.16.	CVSS:3.1/AV:N/AC:L/PR:L/UI:R/S:C/C:L/I:L/A:N
A vulnerability was found in obgm libcoap 4.3.4. It has been rated as critical. Affected by this issue is the function get_split_entry of the file src/coap_oscore.c of the component Configuration File Handler. The manipulation leads to stack-based buffer overflow. The attack may be launched remotely. The exploit has been disclosed to the public and may be used. It is recommended to apply a patch to fix this issue. VDB-252206 is the identifier assigned to this vulnerability.	CVSS:3.1/AV:L/AC:L/PR:L/UI:N/S:U/C:H/I:H/A:H
The GiveWP plugin for WordPress is vulnerable to Cross-Site Request Forgery in versions up to, and including, 2.33.3. This is due to missing or incorrect nonce validation on the give_stripe_disconnect_connect_stripe_account function. This makes it possible for unauthenticated attackers to deactivate the plugin's stripe integration settings via a forged request granted they can trick a site administrator into performing an action such as clicking on a link.	CVSS:3.1/AV:N/AC:L/PR:N/UI:R/S:U/C:N/I:L/A:N
A vulnerability has been identified in Cerberus PRO EN Engineering Tool (All versions < IP8), Cerberus PRO EN Fire Panel FC72x IP6 (All versions < IP6 SR3), Cerberus PRO EN Fire Panel FC72x IP7 (All versions < IP7 SR5), Cerberus PRO EN X200 Cloud Distribution IP7 (All versions < V3.0.6602), Cerberus PRO EN X200 Cloud Distribution IP8 (All versions < V4.0.5016), Cerberus PRO EN X300 Cloud Distribution IP7 (All versions < V3.2.6601), Cerberus PRO EN X300 Cloud Distribution IP8 (All versions < V4.2.5015), Cerberus PRO UL Compact Panel FC922/924 (All versions < MP4), Cerberus PRO UL Engineering Tool (All versions < MP4), Cerberus PRO UL X300 Cloud Distribution (All versions < V4.3.0001), Desigo Fire Safety UL Compact Panel FC2025/2050 (All versions < MP4), Desigo Fire Safety UL Engineering Tool (All versions < MP4), Desigo Fire Safety UL X300 Cloud Distribution (All versions < V4.3.0001), Sinteso FS20 EN Engineering Tool (All versions < MP8), Sinteso FS20 EN Fire Panel FC20 MP6 (All versions < MP6 SR3), Sinteso FS20 EN Fire Panel FC20 MP7 (All versions < MP7 SR5), Sinteso FS20 EN X200 Cloud Distribution MP7 (All versions < V3.0.6602), Sinteso FS20 EN X200 Cloud Distribution MP8 (All versions < V4.0.5016), Sinteso FS20 EN X300 Cloud Distribution MP7 (All versions < V3.2.6601), Sinteso FS20 EN X300 Cloud Distribution MP8 (All versions < V4.2.5015), Sinteso Mobile (All versions < V3.0.0). The network communication library in affected systems does not validate the length of certain X.509 certificate attributes which might result in a stack-based buffer overflow. This could allow an unauthenticated remote attacker to execute code on the underlying operating system with root privileges.	CVSS:3.1/AV:N/AC:L/PR:N/UI:N/S:U/C:H/I:H/A:H
A stack based buffer overflow exists in Delta Electronics Delta Industrial Automation DOPSoft when parsing the wLogTitlesTimeLen field of a DPS file. A remote, unauthenticated attacker can exploit this vulnerability by enticing a user to open a specially crafted DPS file to achieve remote code execution.	CVSS:3.1/AV:L/AC:L/PR:N/UI:R/S:U/C:H/I:H/A:H
File Upload vulnerability index.php in Pichome v.1.1.01 allows a remote attacker to execute arbitrary code via crafted POST request.	CVSS:3.1/AV:N/AC:L/PR:N/UI:N/S:U/C:H/I:H/A:H
A vulnerability was found in Totolink N200RE 9.3.5u.6139_B20201216. It has been declared as critical. This vulnerability affects the function setParentalRules of the file /cgi-bin/cstecgi.cgi. The manipulation of the argument eTime leads to stack-based buffer overflow. The attack can be initiated remotely. The exploit has been disclosed to the public and may be used. The identifier of this vulnerability is VDB-252268. NOTE: The vendor was contacted early about this disclosure but did not respond in any way.	CVSS:3.1/AV:N/AC:L/PR:L/UI:N/S:U/C:H/I:H/A:H
The Booking for Appointments and Events Calendar – Amelia plugin for WordPress is vulnerable to Stored Cross-Site Scripting via the plugin's shortcode(s) in all versions up to, and including, 1.0.93 due to insufficient input sanitization and output escaping on user supplied attributes. This makes it possible for authenticated attackers with contributor-level and above permissions to inject arbitrary web scripts in pages that will execute whenever a user accesses an injected page.	CVSS:3.1/AV:N/AC:L/PR:L/UI:R/S:C/C:L/I:L/A:N
A flaw was found in Shim when an error happened while creating a new ESL variable. If Shim fails to create the new variable, it tries to print an error message to the user; however, the number of parameters used by the logging function doesn't match the format string used by it, leading to a crash under certain circumstances.	CVSS:3.1/AV:L/AC:L/PR:L/UI:N/S:U/C:N/I:N/A:H
A vulnerability has been reported in Cups Easy (Purchase & Inventory), version 1.0, whereby user-controlled inputs are not sufficiently encoded, resulting in a Cross-Site Scripting (XSS) vulnerability via /cupseasylive/taxcodemodify.php, in multiple parameters. Exploitation of this vulnerability could allow a remote attacker to send a specially crafted URL to an authenticated user and steal their session cookie credentials.	CVSS:3.1/AV:N/AC:L/PR:N/UI:R/S:C/C:L/I:L/A:N
In keyInstall, there is a possible information disclosure due to a missing bounds check. This could lead to local information disclosure with System execution privileges needed. User interaction is not needed for exploitation. Patch ID: ALPS08308607; Issue ID: ALPS08304217.	CVSS:3.1/AV:L/AC:L/PR:H/UI:N/S:U/C:H/I:N/A:N
Improper Neutralization of Input During Web Page Generation ('Cross-site Scripting') vulnerability in Dan's Art Add Customer for WooCommerce allows Stored XSS.This issue affects Add Customer for WooCommerce: from n/a through 1.7.	CVSS:3.1/AV:N/AC:L/PR:H/UI:R/S:C/C:L/I:L/A:N
"The Popup More Popups, Lightboxes, and more popup modules plugin for WordPress is vulnerable to Local File Inclusion in version 2.1.6 via the ycfChangeElementData() function. This makes it possible for authenticated attackers, with administrator-level access and above, to include and execute arbitrary files ending with ""Form.php"" on the server , allowing the execution of any PHP code in those files. This can be used to bypass access controls, obtain sensitive data, or achieve code execution in cases where images and other “safe” file types can be uploaded and included."	CVSS:3.1/AV:N/AC:L/PR:H/UI:N/S:U/C:H/I:H/A:H
A cross-site scripting vulnerability in Trend Micro Apex Central could allow a remote attacker to execute arbitrary code on affected installations of Trend Micro Apex Central.  Please note: user interaction is required to exploit this vulnerability in that the target must visit a malicious page or open a malicious file.	CVSS:3.1/AV:N/AC:L/PR:N/UI:R/S:C/C:L/I:L/A:N
A vulnerability, which was classified as problematic, was found in DedeBIZ 6.3.0. This affects an unknown part of the component Website Copyright Setting. The manipulation leads to cross site scripting. It is possible to initiate the attack remotely. The exploit has been disclosed to the public and may be used. The identifier VDB-250725 was assigned to this vulnerability. NOTE: The vendor was contacted early about this disclosure but did not respond in any way.	CVSS:3.1/AV:N/AC:L/PR:L/UI:R/S:C/C:L/I:L/A:N
"When access to the ""admin"" folder is not protected by some external authorization mechanisms e.g. Apache Basic Auth, it is possible for any user to download protected information like exam answers."	CVSS:3.1/AV:N/AC:L/PR:L/UI:N/S:U/C:H/I:N/A:N
The vulnerability allows an unauthenticated remote attacker to read arbitrary files under the context of the application OS user (“root”) via a crafted HTTP request.	CVSS:3.1/AV:N/AC:L/PR:N/UI:N/S:U/C:H/I:N/A:N
A vulnerability was found in code-projects Online FIR System 1.0. It has been classified as problematic. This affects an unknown part of the file registercomplaint.php. The manipulation of the argument Name/Address leads to cross site scripting. It is possible to initiate the attack remotely. The exploit has been disclosed to the public and may be used. The associated identifier of this vulnerability is VDB-250611.	CVSS:3.1/AV:N/AC:L/PR:N/UI:R/S:C/C:L/I:L/A:N
The Linux kernel io_uring IORING_OP_SOCKET operation contained a double free in function __sys_socket_file() in file net/socket.c. This issue was introduced in da214a475f8bd1d3e9e7a19ddfeb4d1617551bab and fixed in 649c15c7691e9b13cbe9bf6c65c365350e056067.	CVSS:3.1/AV:L/AC:L/PR:L/UI:N/S:U/C:N/I:N/A:H
Incorrect authorization checks in GitLab CE/EE from all versions starting from 8.13 before 16.5.6, all versions starting from 16.6 before 16.6.4, all versions starting from 16.7 before 16.7.2, allows a user to abuse slack/mattermost integrations to execute slash commands as another user.	CVSS:3.1/AV:N/AC:L/PR:L/UI:N/S:U/C:H/I:H/A:H
XWiki Platform is a generic wiki platform offering runtime services for applications built on top of it. A user able to attach a file to a page can post a malformed TAR file by manipulating file modification times headers, which when parsed by Tika, could cause a denial of service issue via CPU consumption. This vulnerability has been patched in XWiki 14.10.18, 15.5.3 and 15.8 RC1.	CVSS:3.1/AV:N/AC:L/PR:L/UI:N/S:U/C:N/I:N/A:H
A buffer overflow exists in Delta Electronics Delta Industrial Automation DOPSoft version 2 when parsing the wMailContentLen field of a DPS file. An anonymous attacker can exploit this vulnerability by enticing a user to open a specially crafted DPS file to achieve code execution.	CVSS:3.1/AV:L/AC:L/PR:N/UI:R/S:U/C:H/I:H/A:H
Improper Neutralization of Special Elements used in an SQL Command ('SQL Injection') vulnerability in Delhivery Delhivery Logistics Courier.This issue affects Delhivery Logistics Courier: from n/a through 1.0.107.	CVSS:3.1/AV:N/AC:L/PR:L/UI:N/S:U/C:H/I:H/A:H
An unsafe reflection vulnerability was identified in GitHub Enterprise Server that could lead to reflection injection. This vulnerability could lead to the execution of user-controlled methods and remote code execution. To exploit this bug, an actor would need to be logged into an account on the GHES instance with the organization owner role. This vulnerability affected all versions of GitHub Enterprise Server prior to 3.12 and was fixed in versions 3.8.13, 3.9.8, 3.10.5, and 3.11.3. This vulnerability was reported via the GitHub Bug Bounty program.	CVSS:3.1/AV:N/AC:L/PR:N/UI:N/S:U/C:H/I:H/A:H
A vulnerability, which was classified as critical, has been found in ForU CMS up to 2020-06-23. Affected by this issue is some unknown functionality of the file cms_admin.php. The manipulation of the argument a_name leads to sql injection. The exploit has been disclosed to the public and may be used. The identifier of this vulnerability is VDB-251552.	CVSS:3.1/AV:N/AC:L/PR:N/UI:N/S:U/C:H/I:H/A:H
A vulnerability was found in SourceCodester CRUD without Page Reload 1.0. It has been rated as problematic. Affected by this issue is some unknown functionality of the file fetch_data.php. The manipulation of the argument username/city leads to cross site scripting. The attack may be launched remotely. The exploit has been disclosed to the public and may be used. VDB-252782 is the identifier assigned to this vulnerability.	CVSS:3.1/AV:N/AC:L/PR:N/UI:R/S:C/C:L/I:L/A:N
In Gradle Enterprise before 2023.1, a remote attacker may be able to gain access to a new installation (in certain installation scenarios) because of a non-unique initial system user password. Although this password must be changed upon the first login, it is possible that an attacker logs in before the legitimate administrator logs in.	CVSS:3.1/AV:N/AC:L/PR:N/UI:N/S:U/C:H/I:H/A:H
Improper Neutralization of Input During Web Page Generation ('Cross-site Scripting') vulnerability in WPdevelop / Oplugins WP Booking Calendar allows Stored XSS.This issue affects WP Booking Calendar: from n/a before 9.7.4.	CVSS:3.1/AV:N/AC:L/PR:L/UI:R/S:C/C:L/I:L/A:N
An authentication bypass vulnerability in the web component of Ivanti ICS 9.x, 22.x and Ivanti Policy Secure allows a remote attacker to access restricted resources by bypassing control checks.	CVSS:3.1/AV:N/AC:L/PR:N/UI:N/S:U/C:H/I:L/A:N
In jpg driver, there is a possible missing permission check. This could lead to local information disclosure with System execution privileges needed	CVSS:3.1/AV:L/AC:L/PR:H/UI:N/S:U/C:H/I:N/A:N
An OS Command Injection vulnerability exists in BIOVIA Materials Studio products from Release BIOVIA 2021 through Release BIOVIA 2023. Upload of a specially crafted perl script can lead to arbitrary command execution.	CVSS:3.1/AV:N/AC:L/PR:N/UI:N/S:U/C:H/I:H/A:H
This High severity Remote Code Execution (RCE) vulnerability was introduced in versions 7.13.0 of Confluence Data Center and Server.  Remote Code Execution (RCE) vulnerability, with a CVSS Score of 8.0 and a CVSS Vector of CVSS:3.0/AV:N/AC:H/PR:H/UI:N/S:C/C:H/I:H/A:H allows an authenticated attacker to expose assets in your environment susceptible to exploitation which has high impact to confidentiality, high impact to integrity, high impact to availability, and does not require user interaction.  Atlassian recommends that Confluence Data Center and Server customers upgrade to latest version, if you are unable to do so, upgrade your instance to one of the specified supported fixed versions:  * Confluence Data Center and Server 7.19: Upgrade to a release 7.19.18, or any higher 7.19.x release * Confluence Data Center and Server 8.5: Upgrade to a release 8.5.5 or any higher 8.5.x release * Confluence Data Center and Server 8.7: Upgrade to a release 8.7.2 or any higher release  See the release notes (https://confluence.atlassian.com/doc/confluence-release-notes-327.html ). You can download the latest version of Confluence Data Center and Server from the download center (https://www.atlassian.com/software/confluence/download-archives ).	CVSS:3.1/AV:N/AC:L/PR:L/UI:N/S:U/C:H/I:H/A:H
Cross-Site Request Forgery (CSRF) vulnerability in Wow-Company Floating Button.This issue affects Floating Button: from n/a through 6.0.	CVSS:3.1/AV:N/AC:L/PR:N/UI:R/S:U/C:H/I:H/A:H
A vulnerability has been found in DedeBIZ 6.3.0 and classified as critical. This vulnerability affects unknown code of the file /admin/makehtml_freelist_action.php. The manipulation of the argument startid leads to sql injection. The attack can be initiated remotely. The exploit has been disclosed to the public and may be used. VDB-250726 is the identifier assigned to this vulnerability. NOTE: The vendor was contacted early about this disclosure but did not respond in any way.	CVSS:3.1/AV:N/AC:L/PR:H/UI:N/S:U/C:H/I:H/A:H
In the Linux kernel, the following vulnerability has been resolved:  sctp: use call_rcu to free endpoint  This patch is to delay the endpoint free by calling call_rcu() to fix another use-after-free issue in sctp_sock_dump():    BUG: KASAN: use-after-free in __lock_acquire+0x36d9/0x4c20   Call Trace:     __lock_acquire+0x36d9/0x4c20 kernel/locking/lockdep.c:3218     lock_acquire+0x1ed/0x520 kernel/locking/lockdep.c:3844     __raw_spin_lock_bh include/linux/spinlock_api_smp.h:135 [inline]     _raw_spin_lock_bh+0x31/0x40 kernel/locking/spinlock.c:168     spin_lock_bh include/linux/spinlock.h:334 [inline]     __lock_sock+0x203/0x350 net/core/sock.c:2253     lock_sock_nested+0xfe/0x120 net/core/sock.c:2774     lock_sock include/net/sock.h:1492 [inline]     sctp_sock_dump+0x122/0xb20 net/sctp/diag.c:324     sctp_for_each_transport+0x2b5/0x370 net/sctp/socket.c:5091     sctp_diag_dump+0x3ac/0x660 net/sctp/diag.c:527     __inet_diag_dump+0xa8/0x140 net/ipv4/inet_diag.c:1049     inet_diag_dump+0x9b/0x110 net/ipv4/inet_diag.c:1065     netlink_dump+0x606/0x1080 net/netlink/af_netlink.c:2244     __netlink_dump_start+0x59a/0x7c0 net/netlink/af_netlink.c:2352     netlink_dump_start include/linux/netlink.h:216 [inline]     inet_diag_handler_cmd+0x2ce/0x3f0 net/ipv4/inet_diag.c:1170     __sock_diag_cmd net/core/sock_diag.c:232 [inline]     sock_diag_rcv_msg+0x31d/0x410 net/core/sock_diag.c:263     netlink_rcv_skb+0x172/0x440 net/netlink/af_netlink.c:2477     sock_diag_rcv+0x2a/0x40 net/core/sock_diag.c:274  This issue occurs when asoc is peeled off and the old sk is freed after getting it by asoc->base.sk and before calling lock_sock(sk).  To prevent the sk free, as a holder of the sk, ep should be alive when calling lock_sock(). This patch uses call_rcu() and moves sock_put and ep free into sctp_endpoint_destroy_rcu(), so that it's safe to try to hold the ep under rcu_read_lock in sctp_transport_traverse_process().  If sctp_endpoint_hold() returns true, it means this ep is still alive and we have held it and can continue to dump it; If it returns false, it means this ep is dead and can be freed after rcu_read_unlock, and we should skip it.  In sctp_sock_dump(), after locking the sk, if this ep is different from tsp->asoc->ep, it means during this dumping, this asoc was peeled off before calling lock_sock(), and the sk should be skipped; If this ep is the same with tsp->asoc->ep, it means no peeloff happens on this asoc, and due to lock_sock, no peeloff will happen either until release_sock.  Note that delaying endpoint free won't delay the port release, as the port release happens in sctp_endpoint_destroy() before calling call_rcu(). Also, freeing endpoint by call_rcu() makes it safe to access the sk by asoc->base.sk in sctp_assocs_seq_show() and sctp_rcv().  Thanks Jones to bring this issue up.  v1->v2:   - improve the changelog.   - add kfree(ep) into sctp_endpoint_destroy_rcu(), as Jakub noticed.	CVSS:3.1/AV:L/AC:L/PR:L/UI:N/S:U/C:N/I:N/A:H
An issue discovered in OpenDroneID OSM 3.5.1 allows attackers to impersonate other drones via transmission of crafted data packets.	CVSS:3.1/AV:N/AC:L/PR:N/UI:N/S:U/C:N/I:H/A:L
Improper Neutralization of Input During Web Page Generation ('Cross-site Scripting') vulnerability in realmag777 WPCS – WordPress Currency Switcher Professional allows Stored XSS.This issue affects WPCS – WordPress Currency Switcher Professional: from n/a through 1.2.0.	CVSS:3.1/AV:N/AC:L/PR:L/UI:R/S:C/C:L/I:L/A:N
A vulnerability classified as critical was found in Totolink X2000R_V2 2.0.0-B20230727.10434. This vulnerability affects the function formTmultiAP of the file /bin/boa. The manipulation leads to buffer overflow. VDB-249742 is the identifier assigned to this vulnerability. NOTE: The vendor was contacted early about this disclosure but did not respond in any way.	CVSS:3.1/AV:N/AC:L/PR:N/UI:N/S:U/C:H/I:H/A:H
The Newsletters WordPress plugin before 4.9.3 does not properly escape user-controlled parameters when they are appended to SQL queries and shell commands, which could enable an administrator to run arbitrary commands on the server.	CVSS:3.1/AV:N/AC:L/PR:H/UI:N/S:U/C:H/I:H/A:H
Improper Verification of Cryptographic Signature vulnerability in Snow Software Inventory Agent on Unix allows File Manipulation through Snow Update Packages.This issue affects Inventory Agent: through 7.3.1.	CVSS:3.1/AV:L/AC:L/PR:L/UI:N/S:U/C:N/I:H/A:N
A link following vulnerability in the Trend Micro Deep Security 20.0 and Trend Micro Cloud One - Endpoint and Workload Security Agent could allow a local attacker to escalate privileges on affected installations.  Please note: an attacker must first obtain the ability to execute low-privileged code on the target system in order to exploit this vulnerability.	CVSS:3.1/AV:L/AC:L/PR:L/UI:N/S:U/C:H/I:H/A:H
SQL Injection vulnerability in Gambio through 4.9.2.0 allows attackers to run arbitrary SQL commands via crafted GET request using modifiers[attribute][] parameter.	CVSS:3.1/AV:N/AC:L/PR:N/UI:N/S:U/C:H/I:H/A:H
Cross-Site Request Forgery (CSRF) vulnerability in WPChill Strong Testimonials.This issue affects Strong Testimonials: from n/a through 3.1.10.	CVSS:3.1/AV:N/AC:L/PR:N/UI:R/S:U/C:H/I:H/A:H
A buffer overflow vulnerability exists in Symantec Data Loss Prevention version 14.0.2 and before. A remote, unauthenticated attacker can exploit this vulnerability by enticing a user to open a crafted document to achieve code execution.	CVSS:3.1/AV:N/AC:L/PR:N/UI:R/S:U/C:H/I:H/A:H
A memory leak issue discovered in parseSWF_FILLSTYLEARRAY in libming v0.4.8 allows attackers to cause s denial of service via a crafted SWF file.	CVSS:3.1/AV:N/AC:L/PR:N/UI:R/S:U/C:N/I:N/A:H
A vulnerability, which was classified as critical, was found in EasyFTP 1.7.0.2. Affected is an unknown function of the component MKD Command Handler. The manipulation leads to buffer overflow. It is possible to launch the attack remotely. The exploit has been disclosed to the public and may be used. The identifier of this vulnerability is VDB-250716.	CVSS:3.1/AV:N/AC:L/PR:L/UI:N/S:U/C:H/I:H/A:H
The Order Delivery Date for WP e-Commerce plugin for WordPress is vulnerable to Stored Cross-Site Scripting via the 'available-days-tf' parameter in all versions up to, and including, 1.2 due to insufficient input sanitization and output escaping. This makes it possible for unauthenticated attackers to inject arbitrary web scripts in pages that will execute whenever a user accesses an injected page.	CVSS:3.1/AV:N/AC:L/PR:N/UI:R/S:C/C:L/I:L/A:N
"SQL Injection vulnerability in HiPresta ""Gift Wrapping Pro"" (hiadvancedgiftwrapping) module for PrestaShop before version 1.4.1, allows remote attackers to escalate privileges and obtain sensitive information via the HiAdvancedGiftWrappingGiftWrappingModuleFrontController::addGiftWrappingCartValue() method."	CVSS:3.1/AV:N/AC:L/PR:N/UI:N/S:U/C:H/I:H/A:H
In keyInstall, there is a possible escalation of privilege due to type confusion. This could lead to local escalation of privilege with System execution privileges needed. User interaction is not needed for exploitation. Patch ID: ALPS08358560; Issue ID: ALPS08358560.	CVSS:3.1/AV:L/AC:L/PR:H/UI:N/S:U/C:H/I:H/A:H
The EventON WordPress plugin before 4.5.5, EventON WordPress plugin before 2.2.7 do not have authorisation in an AJAX action, allowing unauthenticated users to retrieve email addresses of any users on the blog	CVSS:3.1/AV:N/AC:L/PR:N/UI:N/S:U/C:L/I:N/A:N
Missing Authorization vulnerability in CodePeople WP Time Slots Booking Form.This issue affects WP Time Slots Booking Form: from n/a through 1.1.76.	CVSS:3.1/AV:N/AC:L/PR:L/UI:N/S:U/C:H/I:H/A:H
An issue was discovered on GL.iNet devices before version 4.5.0. There is an NGINX authentication bypass via Lua string pattern matching. This affects A1300 4.4.6, AX1800 4.4.6, AXT1800 4.4.6, MT3000 4.4.6, MT2500 4.4.6, MT6000 4.5.0, MT1300 4.3.7, MT300N-V2 4.3.7, AR750S 4.3.7, AR750 4.3.7, AR300M 4.3.7, and B1300 4.3.7.	CVSS:3.1/AV:N/AC:L/PR:N/UI:N/S:U/C:H/I:H/A:H
An OS command injection vulnerability has been reported to affect several QNAP operating system versions. If exploited, the vulnerability could allow authenticated administrators to execute commands via a network.  We have already fixed the vulnerability in the following versions: QTS 5.1.4.2596 build 20231128 and later QuTS hero h5.1.4.2596 build 20231128 and later QuTScloud c5.1.5.2651 and later	CVSS:3.1/AV:N/AC:L/PR:H/UI:N/S:U/C:H/I:H/A:H
A NULL pointer dereference vulnerability has been reported to affect several QNAP operating system versions. If exploited, the vulnerability could allow authenticated administrators to launch a denial-of-service (DoS) attack via a network.  We have already fixed the vulnerability in the following versions: QTS 5.1.2.2533 build 20230926 and later QuTS hero h5.1.2.2534 build 20230927 and later QuTScloud c5.1.5.2651 and later	CVSS:3.1/AV:N/AC:L/PR:H/UI:N/S:U/C:N/I:N/A:H
"Code-projects Simple School Managment System 1.0 allows SQL Injection via the 'apass' parameter at ""School/index.php."""	CVSS:3.1/AV:N/AC:L/PR:L/UI:N/S:U/C:H/I:H/A:H
A vulnerability, which was classified as problematic, was found in CodeAstro Vehicle Booking System 1.0. This affects an unknown part of the file usr/usr-register.php of the component User Registration. The manipulation of the argument Full_Name/Last_Name/Address with the input <script>alert(document.cookie)</script> leads to cross site scripting. It is possible to initiate the attack remotely. The exploit has been disclosed to the public and may be used. The identifier VDB-250113 was assigned to this vulnerability.	CVSS:3.1/AV:N/AC:L/PR:N/UI:R/S:C/C:L/I:L/A:N
MRCMS 3.0 contains an Arbitrary File Read vulnerability in /admin/file/edit.do as the incoming path parameter is not filtered.	CVSS:3.1/AV:N/AC:L/PR:N/UI:N/S:U/C:H/I:N/A:N
In video decoder, there is a possible out of bounds write due to a missing bounds check. This could lead to local denial of service with no additional execution privileges needed	CVSS:3.1/AV:L/AC:L/PR:L/UI:N/S:U/C:N/I:N/A:H
A cross-site scripting (XSS) vulnerability in the Web Reports component of HCL BigFix Platform exists due to missing a specific http header attribute.	CVSS:3.1/AV:N/AC:L/PR:L/UI:R/S:C/C:L/I:L/A:N
EDK2's Network Package is susceptible to a buffer overflow vulnerability via a long server ID option in DHCPv6 client. This  vulnerability can be exploited by an attacker to gain unauthorized  access and potentially lead to a loss of Confidentiality, Integrity and/or Availability.	CVSS:3.1/AV:A/AC:L/PR:N/UI:N/S:U/C:H/I:H/A:H
Cross Site Scripting vulnerability in ABO.CMS v.5.9.3 allows an attacker to execute arbitrary code via a crafted payload to the Referer header.	CVSS:3.1/AV:N/AC:L/PR:N/UI:R/S:C/C:L/I:L/A:N
In netdagent, there is a possible information disclosure due to an incorrect bounds check. This could lead to local escalation of privilege with System execution privileges needed. User interaction is not needed for exploitation. Patch ID: ALPS07944011; Issue ID: ALPS07944011.	CVSS:3.1/AV:L/AC:L/PR:H/UI:N/S:U/C:H/I:H/A:H
The Limit Login Attempts Reloaded plugin for WordPress is vulnerable to Stored Cross-Site Scripting via the plugin's shortcode(s) in all versions up to, and including, 2.25.26 due to insufficient input sanitization and output escaping on user supplied attributes. This makes it possible for authenticated attackers with contributor-level and above permissions to inject arbitrary web scripts in pages that will execute whenever a user accesses an injected page.	CVSS:3.1/AV:N/AC:L/PR:L/UI:R/S:C/C:L/I:L/A:N
This vulnerability exist in Skyworth Router CM5100, version 4.1.1.24, due to insufficient validation of user supplied input for the Pre-shared key parameter at its web interface.  A remote attacker could exploit this vulnerability by supplying specially crafted input to the parameter at the web interface of the vulnerable targeted system.  Successful exploitation of this vulnerability could allow the attacker to perform stored XSS attacks on the targeted system.	CVSS:3.1/AV:N/AC:L/PR:L/UI:R/S:C/C:L/I:L/A:N
pgjdbc, the PostgreSQL JDBC Driver, allows attacker to inject SQL if using PreferQueryMode=SIMPLE. Note this is not the default. In the default mode there is no vulnerability. A placeholder for a numeric value must be immediately preceded by a minus. There must be a second placeholder for a string value after the first placeholder; both must be on the same line. By constructing a matching string payload, the attacker can inject SQL to alter the query,bypassing the protections that parameterized queries bring against SQL Injection attacks. Versions before 42.7.2, 42.6.1, 42.5.5, 42.4.4, 42.3.9, and 42.2.28 are affected.	CVSS:3.1/AV:N/AC:L/PR:N/UI:N/S:U/C:H/I:H/A:H
In Appwrite CLI before 3.0.0, when using the login command, the credentials of the Appwrite user are stored in a ~/.appwrite/prefs.json file with 0644 as UNIX permissions. Any user of the local system can access those credentials.	CVSS:3.1/AV:L/AC:L/PR:L/UI:N/S:U/C:H/I:N/A:N
A vulnerability was found in Project Worlds Online Admission System 1.0 and classified as critical. This issue affects some unknown processing of the file documents.php. The manipulation leads to unrestricted upload. The attack may be initiated remotely. The exploit has been disclosed to the public and may be used. The associated identifier of this vulnerability is VDB-251699.	CVSS:3.1/AV:N/AC:L/PR:N/UI:N/S:U/C:H/I:H/A:H
An issue in HummerRisk HummerRisk v.1.10 thru 1.4.1 allows an authenticated attacker to execute arbitrary code via a crafted request to the service/LicenseService component.	CVSS:3.1/AV:N/AC:L/PR:L/UI:N/S:U/C:H/I:H/A:H
A vulnerability has been found in Youke365 up to 1.5.3 and classified as critical. Affected by this vulnerability is an unknown functionality of the file /app/api/controller/collect.php. The manipulation of the argument url leads to server-side request forgery. The attack can be launched remotely. The exploit has been disclosed to the public and may be used. The associated identifier of this vulnerability is VDB-249871.	CVSS:3.1/AV:N/AC:L/PR:N/UI:N/S:U/C:H/I:H/A:H
Improper Neutralization of Input During Web Page Generation ('Cross-site Scripting') vulnerability in Audrasjb GDPR Data Request Form allows Stored XSS.This issue affects GDPR Data Request Form: from n/a through 1.6.	CVSS:3.1/AV:N/AC:L/PR:L/UI:R/S:C/C:L/I:L/A:N
vmm-sys-util is a collection of modules that provides helpers and utilities used by multiple rust-vmm components. Starting in version 0.5.0 and prior to version 0.12.0, an issue in the `FamStructWrapper::deserialize` implementation provided by the crate for `vmm_sys_util::fam::FamStructWrapper` can lead to out of bounds memory accesses. The deserialization does not check that the length stored in the header matches the flexible array length. Mismatch in the lengths might allow out of bounds memory access through Rust-safe methods. The issue was corrected in version 0.12.0 by inserting a check that verifies the lengths of compared flexible arrays are equal for any deserialized header and aborting deserialization otherwise. Moreover, the API was changed so that header length can only be modified through Rust-unsafe code. This ensures that users cannot trigger out-of-bounds memory access from Rust-safe code.	CVSS:3.1/AV:N/AC:L/PR:N/UI:N/S:U/C:H/I:H/A:H
A vulnerability has been found in iSharer and upRedSun File Sharing Wizard up to 1.5.0 and classified as problematic. This vulnerability affects unknown code of the component GET Request Handler. The manipulation leads to denial of service. The attack can be initiated remotely. The exploit has been disclosed to the public and may be used. VDB-250438 is the identifier assigned to this vulnerability.	CVSS:3.1/AV:N/AC:L/PR:N/UI:N/S:U/C:N/I:N/A:H
In the Linux kernel, the following vulnerability has been resolved:  serial: 8250: omap: Don't skip resource freeing if pm_runtime_resume_and_get() failed  Returning an error code from .remove() makes the driver core emit the little helpful error message:   remove callback returned a non-zero value. This will be ignored.  and then remove the device anyhow. So all resources that were not freed are leaked in this case. Skipping serial8250_unregister_port() has the potential to keep enough of the UART around to trigger a use-after-free.  So replace the error return (and with it the little helpful error message) by a more useful error message and continue to cleanup.	CVSS:3.1/AV:L/AC:L/PR:L/UI:N/S:U/C:H/I:H/A:H
"Nextcloud files Zip app is a tool to create zip archives from one or multiple files from within Nextcloud. In affected versions users can download ""view-only"" files by zipping the complete folder. It is recommended that the Files ZIP app is upgraded to 1.2.1, 1.4.1, or 1.5.0. Users unable to upgrade should disable the file zip app."	CVSS:3.1/AV:N/AC:L/PR:L/UI:N/S:U/C:L/I:N/A:N
An issue discovered in TOTOLINK X6000R v9.4.0cu.852_B20230719 allows attackers to run arbitrary commands via the sub_415C80 function.	CVSS:3.1/AV:N/AC:L/PR:N/UI:N/S:U/C:H/I:H/A:H
Jinja is an extensible templating engine. Special placeholders in the template allow writing code similar to Python syntax. It is possible to inject arbitrary HTML attributes into the rendered HTML template, potentially leading to Cross-Site Scripting (XSS). The Jinja `xmlattr` filter can be abused to inject arbitrary HTML attribute keys and values, bypassing the auto escaping mechanism and potentially leading to XSS. It may also be possible to bypass attribute validation checks if they are blacklist-based.	CVSS:3.1/AV:N/AC:L/PR:N/UI:R/S:C/C:L/I:L/A:N
Orthanc versions before 1.12.2 are affected by a reflected cross-site scripting (XSS) vulnerability. The vulnerability was present in the server's error reporting.	CVSS:3.1/AV:N/AC:L/PR:N/UI:R/S:C/C:L/I:L/A:N
The Formidable Forms WordPress plugin before 6.2 unserializes user input, which could allow anonymous users to perform PHP Object Injection when a suitable gadget is present.	CVSS:3.1/AV:N/AC:L/PR:N/UI:N/S:U/C:N/I:H/A:N
The EventON WordPress plugin through 4.5.8, EventON WordPress plugin before 2.2.7 do not have authorisation in some AJAX actions, allowing unauthenticated users to update virtual events settings, such as meeting URL, moderator, access details etc	CVSS:3.1/AV:N/AC:L/PR:N/UI:N/S:U/C:N/I:L/A:N
In alac decoder, there is a possible out of bounds write due to an incorrect error handling. This could lead to remote escalation of privilege with no additional execution privileges needed. User interaction is needed for exploitation. Patch ID: ALPS08441150; Issue ID: ALPS08441150.	CVSS:3.1/AV:N/AC:L/PR:N/UI:R/S:U/C:H/I:H/A:H
Heap Buffer Overflow vulnerability in qpdf 11.9.0 allows attackers to crash the application via the std::__shared_count() function at /bits/shared_ptr_base.h.	CVSS:3.1/AV:L/AC:L/PR:N/UI:R/S:U/C:N/I:N/A:H
A vulnerability was found in PHPGurukul Company Visitor Management System 1.0. It has been declared as critical. Affected by this vulnerability is an unknown functionality of the file search-visitor.php. The manipulation leads to sql injection. The attack can be launched remotely. The exploit has been disclosed to the public and may be used. The identifier VDB-251377 was assigned to this vulnerability.	CVSS:3.1/AV:N/AC:L/PR:H/UI:N/S:U/C:H/I:H/A:H
SQL injection vulnerability in adv radius v.2.2.5 allows a local attacker to execute arbitrary code via a crafted script.	CVSS:3.1/AV:N/AC:L/PR:N/UI:N/S:U/C:H/I:H/A:H
A buffer copy without checking size of input vulnerability has been reported to affect several QNAP operating system versions. If exploited, the vulnerability could allow authenticated administrators to execute code via a network.  We have already fixed the vulnerability in the following versions: QTS 5.1.2.2533 build 20230926 and later QuTS hero h5.1.2.2534 build 20230927 and later QuTScloud c5.1.5.2651 and later	CVSS:3.1/AV:N/AC:L/PR:H/UI:N/S:U/C:H/I:H/A:H
A vulnerability was found in Cogites eReserv 7.7.58 and classified as problematic. This issue affects some unknown processing of the file front/admin/config.php. The manipulation of the argument id with the input %22%3E%3Cscript%3Ealert(%27XSS%27)%3C/script%3E leads to cross site scripting. The attack may be initiated remotely. The identifier VDB-252293 was assigned to this vulnerability.	CVSS:3.1/AV:N/AC:L/PR:N/UI:R/S:C/C:L/I:L/A:N
"Multiple TP-LINK products allow a network-adjacent unauthenticated attacker with access to the product to execute arbitrary OS commands. Affected products/versions are as follows: Archer AX3000 firmware versions prior to ""Archer AX3000(JP)_V1_1.1.2 Build 20231115"", Archer AX5400 firmware versions prior to ""Archer AX5400(JP)_V1_1.1.2 Build 20231115"", Deco X50 firmware versions prior to ""Deco X50(JP)_V1_1.4.1 Build 20231122"", and Deco XE200 firmware versions prior to ""Deco XE200(JP)_V1_1.2.5 Build 20231120""."	CVSS:3.1/AV:A/AC:L/PR:N/UI:N/S:U/C:H/I:H/A:H
"CubeFS is an open-source cloud-native file storage system. Prior to version 3.3.1, CubeFS used an insecure random string generator to generate user-specific, sensitive keys used to authenticate users in a CubeFS deployment. This could allow an attacker to predict and/or guess the generated string and impersonate a user thereby obtaining higher privileges. When CubeFS creates new users, it creates a piece of sensitive information for the user called the “accessKey”. To create the ""accesKey"", CubeFS uses an insecure string generator which makes it easy to guess and thereby impersonate the created user. An attacker could leverage the predictable random string generator and guess a users access key and impersonate the user to obtain higher privileges. The issue has been fixed in v3.3.1. There is no other mitigation than to upgrade."	CVSS:3.1/AV:N/AC:L/PR:N/UI:N/S:U/C:H/I:H/A:H
EDK2 is susceptible to a vulnerability in the Tcg2MeasureGptTable() function, allowing a user to trigger a heap buffer overflow via a local network. Successful exploitation of this vulnerability may result in a compromise of confidentiality, integrity, and/or availability.	CVSS:3.1/AV:L/AC:L/PR:L/UI:N/S:U/C:H/I:H/A:H
A use-after-free issue was addressed with improved memory management. This issue is fixed in watchOS 10, iOS 17 and iPadOS 17, tvOS 17, macOS Sonoma 14, Safari 17. Processing web content may lead to arbitrary code execution.	CVSS:3.1/AV:N/AC:L/PR:N/UI:N/S:U/C:H/I:H/A:H
The 3D FlipBook plugin for WordPress is vulnerable to Stored Cross-Site Scripting via the ‘Ready Function’ field in all versions up to, and including, 1.15.2 due to insufficient input sanitization and output escaping. This makes it possible for authenticated attackers, with contributor-level access and above, to inject arbitrary web scripts in pages that will execute whenever a user accesses an injected page.	CVSS:3.1/AV:N/AC:L/PR:L/UI:R/S:C/C:L/I:L/A:N
A vulnerability was found in Kashipara Food Management System up to 1.0. It has been declared as problematic. This vulnerability affects unknown code of the file party_details.php. The manipulation of the argument party_name leads to cross site scripting. The attack can be initiated remotely. The exploit has been disclosed to the public and may be used. VDB-249838 is the identifier assigned to this vulnerability.	CVSS:3.1/AV:N/AC:L/PR:N/UI:R/S:C/C:L/I:L/A:N
Icinga Director is a tool designed to make Icinga 2 configuration handling easy. Not any of Icinga Director's configuration forms used to manipulate the monitoring environment are protected against cross site request forgery (CSRF). It enables attackers to perform changes in the monitoring environment managed by Icinga Director without the awareness of the victim. Users of the map module in version 1.x, should immediately upgrade to v2.0. The mentioned XSS vulnerabilities in Icinga Web are already fixed as well and upgrades to the most recent release of the 2.9, 2.10 or 2.11 branch must be performed if not done yet. Any later major release is also suitable. Icinga Director will receive minor updates to the 1.8, 1.9, 1.10 and 1.11 branches to remedy this issue. Upgrade immediately to a patched release. If that is not feasible, disable the director module for the time being.	CVSS:3.1/AV:N/AC:L/PR:N/UI:R/S:U/C:H/I:H/A:L
The DeMomentSomTres WordPress Export Posts With Images WordPress plugin through 20220825 does not check authorization of requests to export the blog data, allowing any logged in user, such as subscribers to export the contents of the blog, including restricted and unpublished posts, as well as passwords of protected posts.	CVSS:3.1/AV:N/AC:L/PR:L/UI:N/S:U/C:H/I:H/A:N
Heap-based buffer overflow vulnerability exists in HOME SPOT CUBE2 V102 and earlier. By processing invalid values, arbitrary code may be executed. Note that the affected products are no longer supported.	CVSS:3.1/AV:N/AC:L/PR:N/UI:N/S:U/C:H/I:H/A:H
Improper Neutralization of Input During Web Page Generation ('Cross-site Scripting') vulnerability in naa986 Easy Video Player allows Stored XSS.This issue affects Easy Video Player: from n/a through 1.2.2.10.	CVSS:3.1/AV:N/AC:L/PR:L/UI:R/S:C/C:L/I:L/A:N
This vulnerability exist in Skyworth Router CM5100, version 4.1.1.24, due to insufficient validation of user supplied input for the Preshared Phrase parameter at its web interface.  A remote attacker could exploit this vulnerability by supplying specially crafted input to the parameter at the web interface of the vulnerable targeted system.  Successful exploitation of this vulnerability could allow the attacker to perform stored XSS attacks on the targeted system.	CVSS:3.1/AV:N/AC:L/PR:L/UI:R/S:C/C:L/I:L/A:N
route in main.c in Pico HTTP Server in C through f3b69a6 has an sprintf stack-based buffer overflow via a long URI, leading to remote code execution.	CVSS:3.1/AV:N/AC:L/PR:N/UI:N/S:U/C:H/I:H/A:H
An arbitrary File upload vulnerability exists in Novel-Plus v4.3.0-RC1 and prior at com.java2nb.common.controller.FileController: upload(). An attacker can pass in specially crafted filename parameter to perform arbitrary File download.	CVSS:3.1/AV:N/AC:L/PR:N/UI:N/S:U/C:H/I:H/A:H
A vulnerability, which was classified as problematic, has been found in cloudfavorites favorites-web 1.3.0. Affected by this issue is some unknown functionality of the component Nickname Handler. The manipulation leads to cross site scripting. The attack may be launched remotely. The exploit has been disclosed to the public and may be used. VDB-250238 is the identifier assigned to this vulnerability.	CVSS:3.1/AV:N/AC:L/PR:L/UI:R/S:C/C:L/I:L/A:N
The Better Comments WordPress plugin before 1.5.6 does not sanitise and escape some of its settings, which could allow low privilege users such as Subscribers to perform Stored Cross-Site Scripting attacks.	CVSS:3.1/AV:N/AC:L/PR:L/UI:R/S:C/C:L/I:L/A:N
An OS command injection vulnerability has been reported to affect QcalAgent. If exploited, the vulnerability could allow authenticated users to execute commands via a network.  We have already fixed the vulnerability in the following version: QcalAgent 1.1.8 and later	CVSS:3.1/AV:N/AC:L/PR:L/UI:N/S:U/C:H/I:H/A:H
"flaskBlog is a simple blog app built with Flask. Improper storage and rendering of the `/user/<user>` page allows a user's comments to execute arbitrary javascript code. The html template `user.html` contains the following code snippet to render comments made by a user: `<div class=""content"" tag=""content"">{{comment[2]|safe}}</div>`. Use of the ""safe"" tag causes flask to _not_ escape the rendered content. To remediate this, simply remove the `|safe` tag from the HTML above. No fix is is available and users are advised to manually edit their installation."	CVSS:3.1/AV:N/AC:L/PR:L/UI:R/S:C/C:L/I:L/A:N
Nginx-UI is a web interface to manage Nginx configurations. It is vulnerable to arbitrary command execution by abusing the configuration settings. The `Home > Preference` page exposes a list of system settings such as `Run Mode`, `Jwt Secret`, `Node Secret` and `Terminal Start Command`. While the UI doesn't allow users to modify the `Terminal Start Command` setting, it is possible to do so by sending a request to the API. This issue may lead to authenticated remote code execution, privilege escalation, and information disclosure. This vulnerability has been patched in version 2.0.0.beta.9.	CVSS:3.1/AV:N/AC:L/PR:L/UI:N/S:U/C:H/I:H/A:H
Cross Site Scripting vulnerability in Axigen WebMail prior to 10.3.3.61 allows a remote attacker to escalate privileges via a crafted script to the serverName_input parameter.	CVSS:3.1/AV:N/AC:L/PR:N/UI:R/S:C/C:H/I:H/A:H
Vim before 9.0.2142 has a stack-based buffer overflow because did_set_langmap in map.c calls sprintf to write to the error buffer that is passed down to the option callback functions.	CVSS:3.1/AV:L/AC:L/PR:L/UI:N/S:U/C:H/I:H/A:H
WikiDiscover is an extension designed for use with a CreateWiki managed farm to display wikis. On Special:WikiDiscover, the `Language::date` function is used when making the human-readable timestamp for inclusion on the wiki_creation column. This function uses interface messages to translate the names of months and days. It uses the `->text()` output mode, returning unescaped interface messages. Since the output is not escaped later, the unescaped interface message is included on the output, resulting in an XSS vulnerability. Exploiting this on-wiki requires the `(editinterface)` right. This vulnerability has been addressed in commit `267e763a0`. Users are advised to update their installations. There are no known workarounds for this vulnerability.	CVSS:3.1/AV:N/AC:L/PR:N/UI:R/S:C/C:L/I:L/A:N
A vulnerability, which was classified as critical, was found in PHPGurukul Dairy Farm Shop Management System up to 1.1. Affected is an unknown function of the file add-category.php. The manipulation of the argument category leads to sql injection. The exploit has been disclosed to the public and may be used. VDB-250122 is the identifier assigned to this vulnerability.	CVSS:3.1/AV:N/AC:L/PR:N/UI:N/S:U/C:H/I:H/A:H
Improper Neutralization of Input During Web Page Generation ('Cross-site Scripting') vulnerability in LJ Apps WP Review Slider allows Stored XSS.This issue affects WP Review Slider: from n/a through 12.7.	CVSS:3.1/AV:N/AC:L/PR:H/UI:R/S:C/C:L/I:L/A:N
Stack overflow in paddle.linalg.lu_unpack in PaddlePaddle before 2.6.0. This flaw can lead to a denial of service, or even more damage.	CVSS:3.1/AV:N/AC:L/PR:N/UI:N/S:U/C:H/I:H/A:H
A vulnerability was found in Tenda AC15 15.03.20_multi. It has been declared as critical. This vulnerability affects the function saveParentControlInfo of the file /goform/saveParentControlInfo. The manipulation of the argument urls leads to stack-based buffer overflow. The attack can be initiated remotely. The exploit has been disclosed to the public and may be used. The identifier of this vulnerability is VDB-257776. NOTE: The vendor was contacted early about this disclosure but did not respond in any way.	CVSS:3.1/AV:N/AC:L/PR:N/UI:N/S:U/C:H/I:H/A:H
In the Linux kernel, the following vulnerability has been resolved:  firmware: arm_scmi: Harden accesses to the reset domains  Accessing reset domains descriptors by the index upon the SCMI drivers requests through the SCMI reset operations interface can potentially lead to out-of-bound violations if the SCMI driver misbehave.  Add an internal consistency check before any such domains descriptors accesses.	CVSS:3.1/AV:L/AC:L/PR:L/UI:N/S:U/C:H/I:H/A:H
A vulnerability was found in Karjasoft Sami HTTP Server 2.0. It has been classified as problematic. Affected is an unknown function of the component HTTP HEAD Rrequest Handler. The manipulation leads to denial of service. It is possible to launch the attack remotely. The exploit has been disclosed to the public and may be used. The identifier of this vulnerability is VDB-250836.	CVSS:3.1/AV:N/AC:L/PR:N/UI:N/S:U/C:N/I:N/A:H
File Upload vulnerability PMB v.7.4.8 allows a remote attacker to execute arbitrary code and escalate privileges via a crafted PHP file uploaded to the start_import.php file.	CVSS:3.1/AV:N/AC:L/PR:H/UI:N/S:U/C:H/I:H/A:H
flusity-CMS v2.33 was discovered to contain a Cross-Site Request Forgery (CSRF) via the component /core/tools/add_translation.php.	CVSS:3.1/AV:N/AC:L/PR:N/UI:R/S:U/C:H/I:H/A:H
In video decoder, there is a possible out of bounds read due to improper input validation. This could lead to local denial of service with no additional execution privileges needed	CVSS:3.1/AV:L/AC:L/PR:L/UI:N/S:U/C:N/I:N/A:H
A vulnerability was found in coderd-repos Eva 1.0.0 and classified as critical. Affected by this issue is some unknown functionality of the file /system/traceLog/page of the component HTTP POST Request Handler. The manipulation of the argument property leads to sql injection. The exploit has been disclosed to the public and may be used. The identifier of this vulnerability is VDB-250124.	CVSS:3.1/AV:N/AC:L/PR:N/UI:N/S:U/C:H/I:H/A:H
A vulnerability classified as problematic was found in Xlightftpd Xlight FTP Server 1.1. This vulnerability affects unknown code of the component Login. The manipulation of the argument user leads to denial of service. The attack can be initiated remotely. The exploit has been disclosed to the public and may be used. The identifier of this vulnerability is VDB-251560.	CVSS:3.1/AV:N/AC:L/PR:N/UI:N/S:U/C:N/I:N/A:H
A vulnerability in the SOAP API of Cisco Expressway Series and Cisco TelePresence Video Communication Server could allow an unauthenticated, remote attacker to conduct a cross-site request forgery (CSRF) attack on an affected system.   This vulnerability is due to insufficient CSRF protections for the web-based management interface of an affected system. An attacker could exploit this vulnerability by persuading a user of the REST API to follow a crafted link. A successful exploit could allow the attacker to cause the affected system to reload.	CVSS:3.1/AV:N/AC:L/PR:N/UI:R/S:U/C:N/I:H/A:L
In Modem IMS Call UA, there is a possible out of bounds write due to a missing bounds check. This could lead to remote denial of service with no additional execution privileges needed. User interaction is not needed for exploitation. Patch ID: MOLY01161825; Issue ID: MOLY01161825 (MSV-895).	CVSS:3.1/AV:N/AC:L/PR:N/UI:N/S:U/C:N/I:N/A:H
NVIDIA DGX A100 SBIOS contains a vulnerability where a user may cause a heap-based buffer overflow by local access. A successful exploit of this vulnerability may lead to code execution, denial of service, information disclosure, and data tampering.	CVSS:3.1/AV:L/AC:L/PR:L/UI:N/S:U/C:H/I:H/A:H
An out-of-bounds read vulnerability was found in Netfilter Connection Tracking (conntrack) in the Linux kernel. This flaw allows a remote user to disclose sensitive information via the DCCP protocol.	CVSS:3.1/AV:N/AC:L/PR:N/UI:N/S:U/C:H/I:N/A:N
An issue was discovered in REDAXO version 5.15.1, allows attackers to execute arbitrary code and obtain sensitive information via modules.modules.php.	CVSS:3.1/AV:N/AC:L/PR:H/UI:N/S:U/C:H/I:H/A:H
Multiple memory corruption issues were addressed with improved input validation. This issue is fixed in macOS Ventura 13.4, iOS 16.5 and iPadOS 16.5. Multiple issues in libxml2.	CVSS:3.1/AV:N/AC:L/PR:N/UI:N/S:U/C:N/I:N/A:H
TOTOLINK A3300R V17.0.0cu.557_B20221024 was discovered to contain a command injection vulnerability via the enable parameter in the setWiFiScheduleCfg function.	CVSS:3.1/AV:N/AC:L/PR:N/UI:N/S:U/C:H/I:H/A:H
Arm provides multiple helpers to clean & invalidate the cache for a given region.  This is, for instance, used when allocating guest memory to ensure any writes (such as the ones during scrubbing) have reached memory before handing over the page to a guest.  Unfortunately, the arithmetics in the helpers can overflow and would then result to skip the cache cleaning/invalidation.  Therefore there is no guarantee when all the writes will reach the memory.	CVSS:3.1/AV:L/AC:L/PR:L/UI:N/S:U/C:L/I:N/A:N
HCL DRYiCE MyXalytics is impacted by path traversal vulnerability which allows file upload capability.  Certain endpoints permit users to manipulate the path (including the file name) where these files are stored on the server.	CVSS:3.1/AV:N/AC:L/PR:N/UI:N/S:U/C:H/I:H/A:H
An arbitrary file upload vulnerability in /upgrade/control.php of ZenTao Community Edition v18.10, ZenTao Biz v8.10, and ZenTao Max v4.10 allows attackers to execute arbitrary code via uploading a crafted .txt file.	CVSS:3.1/AV:N/AC:L/PR:N/UI:N/S:U/C:H/I:H/A:H
The Seed Social WordPress plugin before 2.0.4 does not sanitise and escape some of its settings, which could allow high privilege users such as admin to perform Stored Cross-Site Scripting attacks even when the unfiltered_html capability is disallowed (for example in multisite setup).	CVSS:3.1/AV:N/AC:L/PR:H/UI:R/S:C/C:L/I:L/A:N
A stored cross-site scripting (XSS) vulnerability in the NOC component of Nagios XI version up to and including 2024R1 allows low-privileged users to execute malicious HTML or JavaScript code via the audio file upload functionality from the Operation Center section. This allows any authenticated user to execute arbitrary JavaScript code on behalf of other users, including the administrators.	CVSS:3.1/AV:N/AC:L/PR:L/UI:R/S:C/C:L/I:L/A:N
In the Linux kernel, the following vulnerability has been resolved:  pmdomain: mediatek: fix race conditions with genpd  If the power domains are registered first with genpd and *after that* the driver attempts to power them on in the probe sequence, then it is possible that a race condition occurs if genpd tries to power them on in the same time. The same is valid for powering them off before unregistering them from genpd. Attempt to fix race conditions by first removing the domains from genpd and *after that* powering down domains. Also first power up the domains and *after that* register them to genpd.	CVSS:3.1/AV:L/AC:H/PR:L/UI:N/S:U/C:N/I:N/A:H
Cross-Site Request Forgery (CSRF) vulnerability in Marios Alexandrou Republish Old Posts.This issue affects Republish Old Posts: from n/a through 1.21.	CVSS:3.1/AV:N/AC:L/PR:N/UI:R/S:U/C:H/I:H/A:H
The vulnerability allows an unauthenticated remote attacker to send malicious network requests containing arbitrary client-side script code and obtain its execution inside a victim’s session via a crafted URL, HTTP request, or simply by waiting for the victim to view the poisoned log.	CVSS:3.1/AV:N/AC:L/PR:N/UI:R/S:C/C:L/I:L/A:N
"Multiple TP-LINK products allow a network-adjacent authenticated attacker to execute arbitrary OS commands. Affected products/versions are as follows: Archer AX3000 firmware versions prior to ""Archer AX3000(JP)_V1_1.1.2 Build 20231115"", Archer AX5400 firmware versions prior to ""Archer AX5400(JP)_V1_1.1.2 Build 20231115"", and Archer AXE75 firmware versions prior to ""Archer AXE75(JP)_V1_231115""."	CVSS:3.1/AV:A/AC:L/PR:L/UI:N/S:U/C:H/I:H/A:H
IBM OpenPages with Watson 8.3 and 9.0 could provide weaker than expected security in a OpenPages environment using Native authentication. If OpenPages is using Native authentication an attacker with access to the OpenPages database could through a series of specially crafted steps could exploit this weakness and gain unauthorized access to other OpenPages accounts. IBM X-Force ID: 262594.	CVSS:3.1/AV:N/AC:L/PR:L/UI:N/S:U/C:H/I:H/A:N
D-Link Go-RT-AC750 GORTAC750_A1_FW_v101b03 contains a stack-based buffer overflow via the function genacgi_main. This vulnerability allows attackers to enable telnet service via a specially crafted payload.	CVSS:3.1/AV:N/AC:L/PR:N/UI:N/S:U/C:H/I:H/A:H
Incorrect default permissions in some Intel Integrated Sensor Hub (ISH) driver for Windows 10 for Intel NUC P14E Laptop Element software installers before version 5.4.1.4479 may allow an authenticated user to potentially enable escalation of privilege via local access.	CVSS:3.1/AV:L/AC:L/PR:L/UI:N/S:U/C:H/I:H/A:H
IBM Security Verify Access 10.0.0.0 through 10.0.6.1 uses insecure protocols in some instances that could allow an attacker on the network to take control of the server.  IBM X-Force Id:  254957.	CVSS:3.1/AV:N/AC:L/PR:N/UI:N/S:U/C:H/I:H/A:H
A vulnerability was found in RRJ Nueva Ecija Engineer Online Portal 1.0. It has been declared as problematic. This vulnerability affects unknown code of the file /admin/edit_teacher.php of the component Add Enginer. The manipulation of the argument Firstname/Lastname leads to cross site scripting. The attack can be initiated remotely. The exploit has been disclosed to the public and may be used. VDB-249442 is the identifier assigned to this vulnerability.	CVSS:3.1/AV:N/AC:L/PR:H/UI:R/S:C/C:L/I:L/A:N
Missing Authorization vulnerability in SedLex Image Zoom.This issue affects Image Zoom: from n/a through 1.8.8.	CVSS:3.1/AV:N/AC:L/PR:L/UI:N/S:U/C:N/I:H/A:N
"The WordPress Toolbar WordPress plugin through 2.2.6 redirects to any URL via the ""wptbto"" parameter. This makes it possible for unauthenticated attackers to redirect users to potentially malicious sites if they can successfully trick them into performing an action."	CVSS:3.1/AV:N/AC:L/PR:N/UI:R/S:C/C:L/I:L/A:N
Mail2World v12 Business Control Center was discovered to contain a reflected cross-site scripting (XSS) vulnerability via the Usr parameter at resellercenter/login.asp.	CVSS:3.1/AV:N/AC:L/PR:N/UI:R/S:C/C:L/I:L/A:N
A vulnerability was found in Tenda W6 1.0.0.9(4122). It has been declared as critical. Affected by this vulnerability is the function formSetCfm of the file /goform/setcfm of the component httpd. The manipulation of the argument funcpara1 leads to stack-based buffer overflow. The attack can be launched remotely. The exploit has been disclosed to the public and may be used. The associated identifier of this vulnerability is VDB-252259. NOTE: The vendor was contacted early about this disclosure but did not respond in any way.	CVSS:3.1/AV:N/AC:L/PR:N/UI:N/S:U/C:H/I:H/A:H
An issue in 202 ecommerce Advanced Loyalty Program: Loyalty Points before v2.3.4 for PrestaShop allows unauthenticated attackers to arbitrarily change an order status.	CVSS:3.1/AV:N/AC:L/PR:N/UI:N/S:U/C:N/I:L/A:N
A vulnerability was found in Totolink N200RE 9.3.5u.6139_B20201216. It has been classified as critical. This affects the function setDiagnosisCfg of the file /cgi-bin/cstecgi.cgi. The manipulation of the argument ip leads to stack-based buffer overflow. It is possible to initiate the attack remotely. The exploit has been disclosed to the public and may be used. The associated identifier of this vulnerability is VDB-252267. NOTE: The vendor was contacted early about this disclosure but did not respond in any way.	CVSS:3.1/AV:N/AC:L/PR:L/UI:N/S:U/C:H/I:H/A:H
"The router console is accessible without authentication at ""data"" field, and while a user needs to be logged in in order to modify the configuration, the session state is shared. If any other user is currently logged in, the anonymous user can execute commands in the context of the authenticated one. If the logged in user has administrative privileges, it is possible to use webadmin service configuration commands to create a new admin user with a chosen password."	CVSS:3.1/AV:N/AC:L/PR:N/UI:N/S:U/C:H/I:H/A:H
QStar Archive Solutions Release RELEASE_3-0 Build 7 Patch 0 was discovered to contain a DOM Based reflected XSS vulnerability within the component qnme-ajax?method=tree_table.	CVSS:3.1/AV:N/AC:L/PR:N/UI:R/S:C/C:L/I:L/A:N
"Multiple vulnerabilities in Cisco Expressway Series and Cisco TelePresence Video Communication Server (VCS) could allow an unauthenticated, remote attacker to conduct cross-site request forgery (CSRF) attacks that perform arbitrary actions on an affected device.    Note: ""Cisco Expressway Series"" refers to Cisco Expressway Control (Expressway-C) devices and Cisco Expressway Edge (Expressway-E) devices.   For more information about these vulnerabilities, see the Details [""#details""] section of this advisory."	CVSS:3.1/AV:N/AC:L/PR:N/UI:R/S:U/C:H/I:H/A:H
A vulnerability was found in SourceCodester Online Tours & Travels Management System 1.0. It has been rated as critical. This issue affects the function exec of the file payment.php. The manipulation of the argument id leads to sql injection. The attack may be initiated remotely. The exploit has been disclosed to the public and may be used. The associated identifier of this vulnerability is VDB-252035.	CVSS:3.1/AV:N/AC:L/PR:N/UI:N/S:U/C:H/I:H/A:H
TinyMCE versions before 5.6.0 are affected by a stored cross-site scripting vulnerability. An unauthenticated and remote attacker could insert crafted HTML into the editor resulting in arbitrary JavaScript execution in another user's browser.	CVSS:3.1/AV:N/AC:L/PR:N/UI:R/S:C/C:L/I:L/A:N
An Improper Neutralization of Input During Web Page Generation ('Cross-site Scripting') vulnerability in J-Web of Juniper Networks Junos OS on SRX Series and EX Series allows an attacker to construct a URL that when visited by another user enables the attacker to execute commands with the target's permissions, including an administrator.  A specific invocation of the emit_debug_note method in webauth_operation.php will echo back the data it receives.  This issue affects Juniper Networks Junos OS on SRX Series and EX Series:   *  All versions earlier than 20.4R3-S10;   *  21.2 versions earlier than 21.2R3-S8;   *  21.4 versions earlier than 21.4R3-S6;   *  22.1 versions earlier than 22.1R3-S5;   *  22.2 versions earlier than 22.2R3-S3;   *  22.3 versions earlier than 22.3R3-S2;   *  22.4 versions earlier than 22.4R3-S1;   *  23.2 versions earlier than 23.2R2;   *  23.4 versions earlier than 23.4R2.	CVSS:3.1/AV:N/AC:L/PR:N/UI:R/S:C/C:L/I:L/A:N
IBM Security Verify Access 10.0.6 could disclose sensitive snapshot information due to missing encryption.  IBM X-Force ID:  281607.	CVSS:3.1/AV:L/AC:L/PR:L/UI:N/S:U/C:H/I:N/A:N
The WP TripAdvisor Review Slider WordPress plugin before 11.9 does not sanitise and escape some of its settings, which could allow high privilege users such as admin to perform Stored Cross-Site Scripting attacks even when the unfiltered_html capability is disallowed (for example in multisite setup)	CVSS:3.1/AV:N/AC:L/PR:H/UI:R/S:C/C:L/I:L/A:N
curl inadvertently kept the SSL session ID for connections in its cache even when the verify status (*OCSP stapling*) test failed. A subsequent transfer to the same hostname could then succeed if the session ID cache was still fresh, which then skipped the verify status check.	CVSS:3.1/AV:N/AC:L/PR:N/UI:N/S:U/C:N/I:L/A:N
Aria Operations for Networks contains a cross site scripting vulnerability. A malicious actor with admin privileges may be able to inject malicious code into user profile configurations due to improper input sanitization.	CVSS:3.1/AV:N/AC:L/PR:H/UI:R/S:C/C:L/I:L/A:N
Multiple integer overflow vulnerabilities exist in the VZT vzt_rd_block_vch_decode dict parsing functionality of GTKWave 3.3.115. A specially crafted .vzt file can lead to memory corruption. A victim would need to open a malicious file to trigger these vulnerabilities.This vulnerability concerns the integer overflow when num_time_ticks is zero.	CVSS:3.1/AV:L/AC:L/PR:N/UI:R/S:U/C:H/I:H/A:H
A buffer copy without checking size of input vulnerability has been reported to affect several QNAP operating system versions. If exploited, the vulnerability could allow authenticated administrators to execute code via a network.  We have already fixed the vulnerability in the following versions: QTS 5.1.2.2533 build 20230926 and later QuTS hero h5.1.2.2534 build 20230927 and later QuTScloud c5.1.5.2651 and later	CVSS:3.1/AV:N/AC:L/PR:H/UI:N/S:U/C:H/I:H/A:H
Dell BSAFE Crypto-C Micro Edition, versions before 4.1.5, and Dell BSAFE Micro Edition Suite, versions before 4.5.2, contain a Missing Required Cryptographic Step Vulnerability.	CVSS:3.1/AV:N/AC:L/PR:N/UI:N/S:U/C:H/I:H/A:H
A vulnerability classified as problematic was found in Tenda AC15 15.03.05.18. Affected by this vulnerability is the function fromSysToolReboot of the file /goform/SysToolReboot. The manipulation leads to cross-site request forgery. The attack can be launched remotely. The exploit has been disclosed to the public and may be used. The associated identifier of this vulnerability is VDB-257671. NOTE: The vendor was contacted early about this disclosure but did not respond in any way.	CVSS:3.1/AV:N/AC:L/PR:N/UI:R/S:U/C:N/I:N/A:H
A vulnerability has been identified in Tecnomatix Plant Simulation V2201 (All versions), Tecnomatix Plant Simulation V2302 (All versions < V2302.0007). The affected applications contain a null pointer dereference vulnerability while parsing specially crafted SPP files. An attacker could leverage this vulnerability to crash the application causing denial of service condition.	CVSS:3.1/AV:L/AC:L/PR:N/UI:R/S:U/C:N/I:N/A:H
A heap-use-after-free was found in SWFTools v0.9.2, in the function input at lex.swf5.c:2620. It allows an attacker to cause denial of service.	CVSS:3.1/AV:L/AC:L/PR:N/UI:R/S:U/C:N/I:N/A:H
Tenda AX1803 v1.0.0.1 contains a stack overflow via the serverName parameter in the function fromAdvSetMacMtuWan.	CVSS:3.1/AV:N/AC:L/PR:N/UI:N/S:U/C:H/I:H/A:H
In the Linux kernel, the following vulnerability has been resolved:  sfc: farch: fix TX queue lookup in TX flush done handling  We're starting from a TXQ instance number ('qid'), not a TXQ type, so  efx_get_tx_queue() is inappropriate (and could return NULL, leading  to panics).	CVSS:3.1/AV:L/AC:L/PR:L/UI:N/S:U/C:N/I:N/A:H
Improper Neutralization of Input During Web Page Generation ('Cross-site Scripting') vulnerability in WP Smart Editor JoomUnited allows Reflected XSS.This issue affects JoomUnited: from n/a through 1.3.3.	CVSS:3.1/AV:N/AC:L/PR:N/UI:R/S:C/C:L/I:L/A:N
Wazuh is a free and open source platform used for threat prevention, detection, and response. This bug introduced a stack overflow hazard that could allow a local privilege escalation. This vulnerability was patched in version 4.5.3.	CVSS:3.1/AV:L/AC:L/PR:L/UI:N/S:U/C:H/I:H/A:H
PaddlePaddle before 2.6.0 has a command injection in get_online_pass_interval. This resulted in the ability to execute arbitrary commands on the operating system.	CVSS:3.1/AV:N/AC:L/PR:N/UI:N/S:U/C:H/I:H/A:H
Tenda AX1803 v1.0.0.1 contains a stack overflow via the iptv.stb.mode parameter in the function formSetIptv.	CVSS:3.1/AV:N/AC:L/PR:N/UI:N/S:U/C:H/I:H/A:H
Code-projects Simple School Managment System 1.0 allows SQL Injection via the 'pass' parameter at School/teacher_login.php.	CVSS:3.1/AV:N/AC:L/PR:L/UI:N/S:U/C:H/I:H/A:H
A vulnerability classified as problematic was found in Totolink X6000R 9.4.0cu.852_B20230719. Affected by this vulnerability is an unknown functionality of the file /etc/shadow. The manipulation leads to hard-coded credentials. It is possible to launch the attack on the local host. The complexity of an attack is rather high. The exploitation appears to be difficult. The exploit has been disclosed to the public and may be used. The associated identifier of this vulnerability is VDB-254179. NOTE: The vendor was contacted early about this disclosure but did not respond in any way.	CVSS:3.1/AV:L/AC:L/PR:L/UI:N/S:U/C:H/I:N/A:N
A vulnerability was found in Tenda i6 1.0.0.9(3857). It has been classified as critical. Affected is the function formWifiMacFilterGet of the file /goform/WifiMacFilterGet of the component httpd. The manipulation of the argument index leads to stack-based buffer overflow. It is possible to launch the attack remotely. The exploit has been disclosed to the public and may be used. VDB-252258 is the identifier assigned to this vulnerability. NOTE: The vendor was contacted early about this disclosure but did not respond in any way.	CVSS:3.1/AV:N/AC:L/PR:N/UI:N/S:U/C:H/I:H/A:H
An issue was discovered in the Archibus app 4.0.3 for iOS. It uses a local database that is synchronized with a Web central server instance every time the application is opened, or when the refresh button is used. There is a SQL injection in the search work request feature in the Maintenance module of the app. This allows performing queries on the local database.	CVSS:3.1/AV:L/AC:L/PR:L/UI:N/S:U/C:H/I:H/A:H
kodbox v1.49.04 was discovered to contain a cross-site scripting (XSS) vulnerability via the URL parameter.	CVSS:3.1/AV:N/AC:L/PR:L/UI:R/S:C/C:L/I:L/A:N
FPE in paddle.linalg.eig in PaddlePaddle before 2.6.0. This flaw can cause a runtime crash and a denial of service.	CVSS:3.1/AV:N/AC:L/PR:N/UI:N/S:U/C:N/I:N/A:H
A vulnerability classified as critical has been found in Tenda AC10U 15.03.06.49_multi_TDE01. This affects the function fromSetWirelessRepeat. The manipulation of the argument wpapsk_crypto leads to stack-based buffer overflow. It is possible to initiate the attack remotely. The exploit has been disclosed to the public and may be used. The associated identifier of this vulnerability is VDB-252135. NOTE: The vendor was contacted early about this disclosure but did not respond in any way.	CVSS:3.1/AV:N/AC:L/PR:N/UI:N/S:U/C:H/I:H/A:H
A vulnerability was found in Tenda AC10U 15.03.06.49_multi_TDE01 and classified as critical. This issue affects the function formWifiWpsOOB. The manipulation of the argument index leads to stack-based buffer overflow. The attack may be initiated remotely. The exploit has been disclosed to the public and may be used. The associated identifier of this vulnerability is VDB-252131. NOTE: The vendor was contacted early about this disclosure but did not respond in any way.	CVSS:3.1/AV:N/AC:L/PR:N/UI:N/S:U/C:H/I:H/A:H
IBM Maximo Asset Management 7.6.1.3 and Manage Component 8.10 through 8.11 is vulnerable to cross-site request forgery which could allow an attacker to execute malicious and unauthorized actions transmitted from a user that the website trusts.  IBM X-Force ID:  271843.	CVSS:3.1/AV:N/AC:L/PR:N/UI:R/S:U/C:H/I:H/A:H
Memory corruption while running NPU, when NETWORK_UNLOAD and (NETWORK_UNLOAD or NETWORK_EXECUTE_V2) commands are submitted at the same time.	CVSS:3.1/AV:L/AC:L/PR:L/UI:N/S:U/C:H/I:H/A:H
A command injection vulnerability in Ivanti Sentry prior to 9.19.0 allows unauthenticated threat actor to execute arbitrary commands on the underlying operating system of the appliance within the same physical or logical network.	CVSS:3.1/AV:A/AC:L/PR:N/UI:N/S:U/C:H/I:H/A:H
The Easy Forms for Mailchimp WordPress plugin through 6.8.10 does not sanitise and escape some of its settings, which could allow high privilege users such as admin to perform Cross-Site Scripting attacks even when unfiltered_html is disallowed	CVSS:3.1/AV:N/AC:L/PR:H/UI:R/S:C/C:L/I:L/A:N
PrestaShop is an open-source e-commerce platform. Prior to version 8.1.3, the isCleanHtml method is not used on this this form, which makes it possible to store a cross-site scripting payload in the database. The impact is low because the HTML is not interpreted in BO, thanks to twig's escape mechanism. In FO, the cross-site scripting attack is effective, but only impacts the customer sending it, or the customer session from which it was sent. This issue affects those who have a module fetching these messages from the DB and displaying it without escaping HTML. Version 8.1.3 contains a patch for this issue.	CVSS:3.1/AV:N/AC:L/PR:N/UI:R/S:C/C:L/I:L/A:N
The POST SMTP Mailer WordPress plugin before 2.8.7 does not properly sanitise and escape several parameters before using them in SQL statements, leading to a SQL injection exploitable by high privilege users such as admin.	CVSS:3.1/AV:N/AC:L/PR:H/UI:N/S:U/C:H/I:H/A:H
Cross-Site Request Forgery (CSRF) vulnerability in Borbis Media FreshMail For WordPress.This issue affects FreshMail For WordPress: from n/a through 2.3.2.	CVSS:3.1/AV:N/AC:L/PR:N/UI:R/S:U/C:H/I:H/A:H
A race condition was addressed with additional validation. This issue is fixed in macOS Sonoma 14.4, macOS Monterey 12.7.4, macOS Ventura 13.6.5. An app may be able to access protected user data.	CVSS:3.1/AV:L/AC:H/PR:N/UI:R/S:U/C:H/I:N/A:N
A vulnerability classified as problematic has been found in Totolink T6 4.1.9cu.5241_B20210923. This affects an unknown part of the file /cgi-bin/cstecgi.cgi. The manipulation of the argument topicurl with the input showSyslog leads to improper access controls. It is possible to initiate the attack remotely. The exploit has been disclosed to the public and may be used. The associated identifier of this vulnerability is VDB-249867. NOTE: The vendor was contacted early about this disclosure but did not respond in any way.	CVSS:3.1/AV:N/AC:L/PR:N/UI:N/S:U/C:L/I:L/A:N
Dell Unity, versions prior to 5.4, contain a path traversal vulnerability in its svc_supportassist utility. An authenticated attacker could potentially exploit this vulnerability, to gain unauthorized write access to the files stored on the server filesystem, with elevated privileges.	CVSS:3.1/AV:N/AC:L/PR:L/UI:N/S:U/C:N/I:H/A:N
SQL Injection vulnerability in Boostmyshop (boostmyshopagent) module for Prestashop versions 1.1.9 and before, allows remote attackers to escalate privileges and obtain sensitive information via changeOrderCarrier.php, relayPoint.php, and shippingConfirmation.php.	CVSS:3.1/AV:N/AC:L/PR:N/UI:N/S:U/C:H/I:H/A:H
"User browser may be forced to execute JavaScript and pass the authentication cookie to the attacker leveraging the XSS vulnerability located at ""/gui/terminal_tool.cgi"" in the ""data"" parameter."	CVSS:3.1/AV:N/AC:L/PR:N/UI:R/S:C/C:L/I:L/A:N
An integer overflow vulnerability in FreeImageIO.cpp::_MemoryReadProc in FreeImage 3.18.0 allows attackers to obtain sensitive information, cause a denial-of-service attacks and/or run arbitrary code.	CVSS:3.1/AV:N/AC:L/PR:N/UI:R/S:U/C:H/I:H/A:H
TrueLayer.NET is the .Net client for TrueLayer.  The vulnerability could potentially allow a malicious actor to gain control over the destination URL of the HttpClient used in the API classes. For applications using the SDK, requests to unexpected resources on local networks or to the internet could be made which could lead to information disclosure. The issue can be mitigated by having strict egress rules limiting the destinations to which requests can be made, and applying strict validation to any user input passed to the `truelayer-dotnet` library. Versions of TrueLayer.Client `v1.6.0` and later are not affected.	CVSS:3.1/AV:N/AC:L/PR:N/UI:N/S:U/C:H/I:N/A:N
FusionPBX prior to 5.1.0 contains a cross-site scripting vulnerability. If this vulnerability is exploited by a remote authenticated attacker with an administrative privilege, an arbitrary script may be executed on the web browser of the user who is logging in to the product.	CVSS:3.1/AV:N/AC:L/PR:H/UI:R/S:C/C:L/I:L/A:N
The vulnerability allows an unauthenticated remote attacker to perform a Denial-of-Service (DoS) attack or, possibly, obtain Remote Code Execution (RCE) via a crafted network request.	CVSS:3.1/AV:N/AC:L/PR:N/UI:N/S:U/C:H/I:H/A:H
In the Linux kernel, the following vulnerability has been resolved:  i2c: i801: Fix block process call transactions  According to the Intel datasheets, software must reset the block buffer index twice for block process call transactions: once before writing the outgoing data to the buffer, and once again before reading the incoming data from the buffer.  The driver is currently missing the second reset, causing the wrong portion of the block buffer to be read.	CVSS:3.1/AV:L/AC:L/PR:L/UI:N/S:U/C:H/I:N/A:H
In D-LINK Go-RT-AC750 v101b03, the sprintf function in the sub_40E700 function within the cgibin is susceptible to stack overflow.	CVSS:3.1/AV:N/AC:L/PR:N/UI:N/S:U/C:H/I:H/A:H
Buffer over-read vulnerability in Contiki-NG tinyDTLS through master branch 53a0d97 allows attackers obtain sensitive information via crafted input to dtls_ccm_decrypt_message().	CVSS:3.1/AV:N/AC:L/PR:N/UI:N/S:U/C:H/I:H/A:H
Electronic Delivery Check System (Ministry of Agriculture, Forestry and Fisheries The Agriculture and Rural Development Project Version) March, Heisei 31 era edition Ver.14.0.001.002 and earlier improperly restricts XML external entity references (XXE). By processing a specially crafted XML file, arbitrary files on the system may be read by an attacker.	CVSS:3.1/AV:L/AC:L/PR:N/UI:R/S:U/C:H/I:N/A:N
A buffer overflow vulnerability exists in Delta Electronics Delta Industrial Automation DOPSoft version 2 when parsing the wScreenDESCTextLen field of a DPS file. An anonymous attacker can exploit this vulnerability by enticing a user to open a specially crafted DPS file to achieve code execution.	CVSS:3.1/AV:L/AC:L/PR:N/UI:R/S:U/C:H/I:H/A:H
Moby is an open-source project created by Docker to enable software containerization. The classic builder cache system is prone to cache poisoning if the image is built FROM scratch. Also, changes to some instructions (most important being HEALTHCHECK and ONBUILD) would not cause a cache miss. An attacker with the knowledge of the Dockerfile someone is using could poison their cache by making them pull a specially crafted image that would be considered as a valid cache candidate for some build steps. 23.0+ users are only affected if they explicitly opted out of Buildkit (DOCKER_BUILDKIT=0 environment variable) or are using the /build API endpoint. All users on versions older than 23.0 could be impacted. Image build API endpoint (/build) and ImageBuild function from github.com/docker/docker/client is also affected as it the uses classic builder by default. Patches are included in 24.0.9 and 25.0.2 releases.	CVSS:3.1/AV:L/AC:L/PR:N/UI:R/S:U/C:H/I:H/A:H
A SQL injection vulnerability was discovered in Gila CMS 1.15.4 and earlier which allows a remote attacker to execute arbitrary web scripts via the ID parameter after the login portal.	CVSS:3.1/AV:N/AC:L/PR:H/UI:N/S:U/C:L/I:L/A:N
An improper neutralization of special elements used in an os command ('os command injection') in Fortinet FortiSIEM version 7.1.0 through 7.1.1 and 7.0.0 through 7.0.2 and 6.7.0 through 6.7.8 and 6.6.0 through 6.6.3 and 6.5.0 through 6.5.2 and 6.4.0 through 6.4.2 allows attacker to execute unauthorized code or commands via via crafted API requests.	CVSS:3.1/AV:N/AC:L/PR:N/UI:N/S:U/C:H/I:H/A:H
An issue was discovered in Contiki-NG tinyDTLS through master branch 53a0d97. DTLS servers allow remote attackers to reuse the same epoch number within two times the TCP maximum segment lifetime, which is prohibited in RFC6347. This vulnerability allows remote attackers to obtain sensitive application (data of connected clients).	CVSS:3.1/AV:N/AC:L/PR:N/UI:N/S:U/C:H/I:N/A:N
When a user scans a QR Code with the QR Code Scanner feature, the user is not prompted before being navigated to the page specified in the code.  This may surprise the user and potentially direct them to unwanted content.	CVSS:3.1/AV:N/AC:L/PR:N/UI:R/S:C/C:L/I:L/A:N
A vulnerability classified as critical has been found in Tenda AC18 15.03.05.05. Affected is the function formSetSambaConf of the file /goform/setsambacfg. The manipulation of the argument usbName leads to os command injection. It is possible to launch the attack remotely. The exploit has been disclosed to the public and may be used. VDB-257778 is the identifier assigned to this vulnerability. NOTE: The vendor was contacted early about this disclosure but did not respond in any way.	CVSS:3.1/AV:N/AC:L/PR:N/UI:N/S:U/C:H/I:H/A:H
In TVAPI, there is a possible out of bounds write due to a missing bounds check. This could lead to local escalation of privilege with System execution privileges needed. User interaction is not needed for exploitation. Patch ID: DTV03961601; Issue ID: DTV03961601.	CVSS:3.1/AV:L/AC:L/PR:H/UI:N/S:U/C:H/I:H/A:H
"XWiki Platform is a generic wiki platform offering runtime services for applications built on top of it. XWiki is vulnerable to a remote code execution (RCE) attack through its user registration feature. This issue allows an attacker to execute arbitrary code by crafting malicious payloads in the ""first name"" or ""last name"" fields during user registration. This impacts all installations that have user registration enabled for guests. This vulnerability has been patched in XWiki 14.10.17, 15.5.3 and 15.8 RC1."	CVSS:3.1/AV:N/AC:L/PR:N/UI:N/S:U/C:H/I:H/A:H
A vulnerability classified as critical has been found in DeDeCMS up to 5.7.112. Affected is an unknown function of the file file_class.php of the component Backend. The manipulation leads to unrestricted upload. It is possible to launch the attack remotely. The exploit has been disclosed to the public and may be used. The identifier of this vulnerability is VDB-249768. NOTE: The vendor was contacted early about this disclosure but did not respond in any way.	CVSS:3.1/AV:N/AC:L/PR:N/UI:N/S:U/C:H/I:H/A:H
In vsp driver, there is a possible out of bounds write due to a missing bounds check. This could lead to local denial of service with System execution privileges needed	CVSS:3.1/AV:L/AC:L/PR:H/UI:N/S:U/C:N/I:N/A:H
"In the Linux kernel, the following vulnerability has been resolved:  binder: fix async_free_space accounting for empty parcels  In 4.13, commit 74310e06be4d (""android: binder: Move buffer out of area shared with user space"") fixed a kernel structure visibility issue. As part of that patch, sizeof(void *) was used as the buffer size for 0-length data payloads so the driver could detect abusive clients sending 0-length asynchronous transactions to a server by enforcing limits on async_free_size.  Unfortunately, on the ""free"" side, the accounting of async_free_space did not add the sizeof(void *) back. The result was that up to 8-bytes of async_free_space were leaked on every async transaction of 8-bytes or less.  These small transactions are uncommon, so this accounting issue has gone undetected for several years.  The fix is to use ""buffer_size"" (the allocated buffer size) instead of ""size"" (the logical buffer size) when updating the async_free_space during the free operation. These are the same except for this corner case of asynchronous transactions with payloads < 8 bytes."	CVSS:3.1/AV:L/AC:L/PR:L/UI:N/S:U/C:H/I:N/A:N
Barangay Population Monitoring System v1.0 was discovered to contain a cross-site scripting (XSS) vulnerability in the Add Resident function at /barangay-population-monitoring-system/masterlist.php. This vulnerabiity allows attackers to execute arbitrary web scripts or HTML via a crafted payload injected into the Contact Number parameter.	CVSS:3.1/AV:N/AC:L/PR:L/UI:R/S:C/C:L/I:L/A:N
Improper Neutralization of Input During Web Page Generation ('Cross-site Scripting') vulnerability in Laybuy Laybuy Payment Extension for WooCommerce allows Stored XSS.This issue affects Laybuy Payment Extension for WooCommerce: from n/a through 5.3.9.	CVSS:3.1/AV:N/AC:L/PR:L/UI:R/S:C/C:L/I:L/A:N
A stack-based buffer overflow vulnerability in /bin/webs binary in Edimax BR6478AC V2 firmware veraion v1.23 allows attackers to overwrite other values located on the stack due to an incorrect use of the strcpy() function.	CVSS:3.1/AV:N/AC:L/PR:N/UI:N/S:U/C:H/I:H/A:H
A vulnerability, which was classified as problematic, was found in CodeAstro Simple Student Result Management System 5.6. This affects an unknown part of the file /add_classes.php of the component Add Class Page. The manipulation of the argument Class Name leads to cross site scripting. It is possible to initiate the attack remotely. The exploit has been disclosed to the public and may be used. The associated identifier of this vulnerability is VDB-252291.	CVSS:3.1/AV:N/AC:L/PR:H/UI:R/S:C/C:L/I:L/A:N
IBM Sterling Secure Proxy 6.0.3 and 6.1.0 could allow an attacker to overwrite a log message under specific conditions.  IBM X-Force ID:  270598.	CVSS:3.1/AV:N/AC:L/PR:N/UI:N/S:U/C:N/I:L/A:N
Pega Platform versions 8.2.1 to Infinity 23.1.0 are affected by an Generated PDF issue that could expose file contents.	CVSS:3.1/AV:N/AC:L/PR:N/UI:N/S:C/C:H/I:N/A:N
EDK2's Network Package is susceptible to a buffer overflow vulnerability when      handling Server ID option      from a DHCPv6 proxy Advertise message. This  vulnerability can be exploited by an attacker to gain unauthorized  access and potentially lead to a loss of Confidentiality, Integrity and/or Availability.	CVSS:3.1/AV:A/AC:L/PR:N/UI:N/S:U/C:H/I:H/A:H
Versions of the package network before 0.7.0 are vulnerable to Arbitrary Command Injection due to use of the child_process exec function without input sanitization. If (attacker-controlled) user input is given to the mac_address_for function of the package, it is possible for the attacker to execute arbitrary commands on the operating system that this package is being run on.	CVSS:3.1/AV:N/AC:L/PR:N/UI:N/S:U/C:H/I:H/A:H
A SQL injection vulnerability exists in Novel-Plus v4.3.0-RC1 and prior versions. An attacker can pass in crafted offset, limit, and sort parameters to perform SQL injection via /system/roleDataPerm/list	CVSS:3.1/AV:N/AC:L/PR:N/UI:N/S:U/C:H/I:H/A:H
SWFTools 0.9.2 772e55a allows attackers to trigger a large memory-allocation attempt via a crafted document, as demonstrated by pdf2swf. This occurs in png_read_chunk in lib/png.c.	CVSS:3.1/AV:L/AC:L/PR:N/UI:R/S:U/C:N/I:N/A:H
Discourse is a platform for community discussion. Under very specific circumstances, secure upload URLs associated with posts can be accessed by guest users even when login is required. This vulnerability has been patched in 3.2.0.beta4 and 3.1.4.	CVSS:3.1/AV:N/AC:L/PR:N/UI:R/S:U/C:L/I:N/A:N
Exposure of Sensitive Information to an Unauthorized Actor vulnerability in WPMU DEV Defender Security – Malware Scanner, Login Security & Firewall.This issue affects Defender Security – Malware Scanner, Login Security & Firewall: from n/a through 4.1.0.	CVSS:3.1/AV:N/AC:L/PR:N/UI:N/S:U/C:H/I:N/A:N
The WP Compress – Image Optimizer [All-In-One] plugin for WordPress is vulnerable to Directory Traversal in all versions up to, and including, 6.10.33 via the css parameter. This makes it possible for unauthenticated attackers to read the contents of arbitrary files on the server, which can contain sensitive information.	CVSS:3.1/AV:N/AC:L/PR:N/UI:N/S:U/C:H/I:N/A:N
An OS command injection vulnerability has been reported to affect several QNAP operating system versions. If exploited, the vulnerability could allow users to execute commands via a network.  We have already fixed the vulnerability in the following versions: QTS 5.1.4.2596 build 20231128 and later QTS 4.5.4.2627 build 20231225 and later QuTS hero h5.1.4.2596 build 20231128 and later QuTS hero h4.5.4.2626 build 20231225 and later QuTScloud c5.1.5.2651 and later	CVSS:3.1/AV:N/AC:L/PR:N/UI:N/S:U/C:H/I:H/A:H
Cybozu KUNAI for Android 3.0.20 to 3.0.21 allows a remote unauthenticated attacker to cause a denial-of-service (DoS) condition by performing certain operations.	CVSS:3.1/AV:N/AC:L/PR:N/UI:N/S:U/C:N/I:N/A:H
In the Linux kernel, the following vulnerability has been resolved:  net/sched: sch_frag: fix stack OOB read while fragmenting IPv4 packets  when 'act_mirred' tries to fragment IPv4 packets that had been previously re-assembled using 'act_ct', splats like the following can be observed on kernels built with KASAN:   BUG: KASAN: stack-out-of-bounds in ip_do_fragment+0x1b03/0x1f60  Read of size 1 at addr ffff888147009574 by task ping/947   CPU: 0 PID: 947 Comm: ping Not tainted 5.12.0-rc6+ #418  Hardware name: Red Hat KVM, BIOS 1.11.1-4.module+el8.1.0+4066+0f1aadab 04/01/2014  Call Trace:   <IRQ>   dump_stack+0x92/0xc1   print_address_description.constprop.7+0x1a/0x150   kasan_report.cold.13+0x7f/0x111   ip_do_fragment+0x1b03/0x1f60   sch_fragment+0x4bf/0xe40   tcf_mirred_act+0xc3d/0x11a0 [act_mirred]   tcf_action_exec+0x104/0x3e0   fl_classify+0x49a/0x5e0 [cls_flower]   tcf_classify_ingress+0x18a/0x820   __netif_receive_skb_core+0xae7/0x3340   __netif_receive_skb_one_core+0xb6/0x1b0   process_backlog+0x1ef/0x6c0   __napi_poll+0xaa/0x500   net_rx_action+0x702/0xac0   __do_softirq+0x1e4/0x97f   do_softirq+0x71/0x90   </IRQ>   __local_bh_enable_ip+0xdb/0xf0   ip_finish_output2+0x760/0x2120   ip_do_fragment+0x15a5/0x1f60   __ip_finish_output+0x4c2/0xea0   ip_output+0x1ca/0x4d0   ip_send_skb+0x37/0xa0   raw_sendmsg+0x1c4b/0x2d00   sock_sendmsg+0xdb/0x110   __sys_sendto+0x1d7/0x2b0   __x64_sys_sendto+0xdd/0x1b0   do_syscall_64+0x33/0x40   entry_SYSCALL_64_after_hwframe+0x44/0xae  RIP: 0033:0x7f82e13853eb  Code: 66 2e 0f 1f 84 00 00 00 00 00 0f 1f 44 00 00 f3 0f 1e fa 48 8d 05 75 42 2c 00 41 89 ca 8b 00 85 c0 75 14 b8 2c 00 00 00 0f 05 <48> 3d 00 f0 ff ff 77 75 c3 0f 1f 40 00 41 57 4d 89 c7 41 56 41 89  RSP: 002b:00007ffe01fad888 EFLAGS: 00000246 ORIG_RAX: 000000000000002c  RAX: ffffffffffffffda RBX: 00005571aac13700 RCX: 00007f82e13853eb  RDX: 0000000000002330 RSI: 00005571aac13700 RDI: 0000000000000003  RBP: 0000000000002330 R08: 00005571aac10500 R09: 0000000000000010  R10: 0000000000000000 R11: 0000000000000246 R12: 00007ffe01faefb0  R13: 00007ffe01fad890 R14: 00007ffe01fad980 R15: 00005571aac0f0a0   The buggy address belongs to the page:  page:000000001dff2e03 refcount:1 mapcount:0 mapping:0000000000000000 index:0x0 pfn:0x147009  flags: 0x17ffffc0001000(reserved)  raw: 0017ffffc0001000 ffffea00051c0248 ffffea00051c0248 0000000000000000  raw: 0000000000000000 0000000000000000 00000001ffffffff 0000000000000000  page dumped because: kasan: bad access detected   Memory state around the buggy address:   ffff888147009400: 00 00 00 00 00 00 00 00 00 00 00 00 00 00 00 00   ffff888147009480: f1 f1 f1 f1 04 f2 f2 f2 f2 f2 f2 f2 00 00 00 00  >ffff888147009500: 00 00 00 00 00 00 00 00 00 00 f2 f2 f2 f2 f2 f2                                                               ^   ffff888147009580: 00 00 00 00 00 00 00 00 00 00 00 00 00 00 00 00   ffff888147009600: 00 00 00 00 00 00 00 00 00 00 00 00 00 f2 f2 f2  for IPv4 packets, sch_fragment() uses a temporary struct dst_entry. Then, in the following call graph:    ip_do_fragment()     ip_skb_dst_mtu()       ip_dst_mtu_maybe_forward()         ip_mtu_locked()  the pointer to struct dst_entry is used as pointer to struct rtable: this turns the access to struct members like rt_mtu_locked into an OOB read in the stack. Fix this changing the temporary variable used for IPv4 packets in sch_fragment(), similarly to what is done for IPv6 few lines below.	CVSS:3.1/AV:L/AC:L/PR:L/UI:N/S:U/C:H/I:N/A:H
An uncontrolled search path element vulnerability (DLL hijacking) has been discovered that could allow a locally authenticated adversary to escalate privileges to SYSTEM. Alternatively, they could host a trojanized version of the software and trick victims into downloading and installing their malicious version to gain initial access and code execution.	CVSS:3.1/AV:L/AC:L/PR:L/UI:R/S:U/C:H/I:H/A:H
Blind SQL Injection vulnerability in CU Solutions Group (CUSG) Content Management System (CMS) before v.7.75 allows a remote attacker to execute arbitrary code, escalate privileges, and obtain sensitive information via a crafted script to the pages.php component.	CVSS:3.1/AV:N/AC:L/PR:N/UI:N/S:U/C:H/I:N/A:N
A vulnerability was found in code-projects Online Faculty Clearance 1.0. It has been declared as critical. Affected by this vulnerability is an unknown functionality of the file /production/designee_view_status.php of the component HTTP POST Request Handler. The manipulation of the argument haydi leads to sql injection. The attack can be launched remotely. The exploit has been disclosed to the public and may be used. The associated identifier of this vulnerability is VDB-250567.	CVSS:3.1/AV:N/AC:L/PR:N/UI:N/S:U/C:H/I:H/A:H
A vulnerability, which was classified as problematic, was found in Sparksuite SimpleMDE up to 1.11.2. This affects an unknown part of the component iFrame Handler. The manipulation leads to cross site scripting. It is possible to initiate the attack remotely. The exploit has been disclosed to the public and may be used. The identifier VDB-251373 was assigned to this vulnerability.	CVSS:3.1/AV:N/AC:L/PR:N/UI:R/S:C/C:L/I:L/A:N
A vulnerability has been reported in Cups Easy (Purchase & Inventory), version 1.0, whereby user-controlled inputs are not sufficiently encoded, resulting in a Cross-Site Scripting (XSS) vulnerability via /cupseasylive/taxstructurecreate.php, in the description  parameter. Exploitation of this vulnerability could allow a remote attacker to send a specially crafted URL to an authenticated user and steal their session cookie credentials.	CVSS:3.1/AV:N/AC:L/PR:N/UI:R/S:C/C:L/I:L/A:N
There is an unsafe DLL loading vulnerability in ZTE ZXCLOUD iRAI. Due to the  program  failed to adequately validate the user's input, an attacker could exploit this vulnerability  to escalate local privileges.	CVSS:3.1/AV:L/AC:L/PR:L/UI:N/S:U/C:H/I:H/A:H
An arbitrary file upload vulnerability in the uap.framework.rc.itf.IResourceManager interface of YonBIP v3_23.05 allows attackers to execute arbitrary code via uploading a crafted file.	CVSS:3.1/AV:N/AC:L/PR:N/UI:N/S:U/C:H/I:H/A:H
In media service, there is a possible out of bounds write due to a missing bounds check. This could lead to local denial of service with System execution privileges needed	CVSS:3.1/AV:L/AC:L/PR:H/UI:N/S:U/C:N/I:N/A:H
DOCSIS dissector crash in Wireshark 4.2.0 allows denial of service via packet injection or crafted capture file	CVSS:3.1/AV:N/AC:L/PR:N/UI:N/S:U/C:N/I:N/A:H
"Cross Site Scripting vulnerability (XSS) in webmin v.2.105 and earlier allows a remote attacker to execute arbitrary code via a crafted payload to the ""Execute cron job as"" tab Input field."	CVSS:3.1/AV:N/AC:L/PR:H/UI:R/S:C/C:L/I:L/A:N
A vulnerability has been reported in Cups Easy (Purchase & Inventory), version 1.0, whereby user-controlled inputs are not sufficiently encoded, resulting in a Cross-Site Scripting (XSS) vulnerability via /cupseasylive/unitofmeasurementmodify.php, in the description  parameter. Exploitation of this vulnerability could allow a remote attacker to send a specially crafted URL to an authenticated user and steal their session cookie credentials.	CVSS:3.1/AV:N/AC:L/PR:N/UI:R/S:C/C:L/I:L/A:N
In ged, there is a possible out of bounds write due to an integer overflow. This could lead to local denial of service with System execution privileges needed. User interaction is not needed for exploitation Patch ID: ALPS07835901; Issue ID: ALPS07835901.	CVSS:3.1/AV:L/AC:L/PR:H/UI:N/S:U/C:N/I:N/A:H
Improper Neutralization of Input During Web Page Generation ('Cross-site Scripting') vulnerability in PeepSo Community by PeepSo – Social Network, Membership, Registration, User Profiles allows Stored XSS.This issue affects Community by PeepSo – Social Network, Membership, Registration, User Profiles: from n/a before 6.3.1.0.	CVSS:3.1/AV:N/AC:L/PR:L/UI:R/S:C/C:L/I:L/A:N
An issue was discovered in the Linux kernel before 6.6.8. rose_ioctl in net/rose/af_rose.c has a use-after-free because of a rose_accept race condition.	CVSS:3.1/AV:L/AC:H/PR:L/UI:N/S:U/C:H/I:H/A:H
The WP User Profile Avatar WordPress plugin before 1.0.1 does not properly check for authorisation, allowing authors to delete and update arbitrary avatar	CVSS:3.1/AV:N/AC:L/PR:L/UI:N/S:U/C:N/I:L/A:N
Deserialization of Untrusted Data vulnerability in Live Composer Team Page Builder: Live Composer live-composer-page-builder.This issue affects Page Builder: Live Composer: from n/a through 1.5.25.	CVSS:3.1/AV:N/AC:L/PR:H/UI:N/S:U/C:H/I:H/A:H
Shopware is an open headless commerce platform. The implemented Flow Builder functionality in the Shopware application does not adequately validate the URL used when creating the “call webhook” action. This enables malicious users to perform web requests to internal hosts. This issue has been fixed in the Commercial Plugin release 6.5.7.4 or with the Security Plugin. For installations with Shopware 6.4 the Security plugin is recommended to be installed and up to date. For older versions of 6.4 and 6.5 corresponding security measures are also available via a plugin. For the full range of functions, we recommend updating to the latest Shopware version.	CVSS:3.1/AV:N/AC:L/PR:L/UI:N/S:U/C:H/I:H/A:N
The Piotnet Forms plugin for WordPress is vulnerable to arbitrary file uploads due to insufficient file type validation in the 'piotnetforms_ajax_form_builder' function in versions up to, and including, 1.0.26. This makes it possible for unauthenticated attackers to upload arbitrary files on the affected site's server which may make remote code execution possible.	CVSS:3.1/AV:N/AC:L/PR:N/UI:N/S:U/C:H/I:H/A:H
A improper access control in Fortinet FortiPortal version 7.0.0 through 7.0.6, Fortinet FortiPortal version 7.2.0 through 7.2.1 allows attacker to escalate its privilege via specifically crafted HTTP requests.	CVSS:3.1/AV:N/AC:L/PR:L/UI:N/S:U/C:H/I:H/A:H
The Orbit Fox by ThemeIsle plugin for WordPress is vulnerable to Stored Cross-Site Scripting via the plugin's Pricing Table Elementor Widget in all versions up to, and including, 2.10.27 due to insufficient input sanitization and output escaping on the user supplied link URL. This makes it possible for authenticated attackers with contributor-level and above permissions to inject arbitrary web scripts in pages that will execute whenever a user accesses an injected page.	CVSS:3.1/AV:N/AC:L/PR:L/UI:R/S:C/C:L/I:L/A:N
"In the Linux kernel, the following vulnerability has been resolved:  misc/uss720: fix memory leak in uss720_probe  uss720_probe forgets to decrease the refcount of usbdev in uss720_probe. Fix this by decreasing the refcount of usbdev by usb_put_dev.  BUG: memory leak unreferenced object 0xffff888101113800 (size 2048):   comm ""kworker/0:1"", pid 7, jiffies 4294956777 (age 28.870s)   hex dump (first 32 bytes):     ff ff ff ff 31 00 00 00 00 00 00 00 00 00 00 00  ....1...........     00 00 00 00 00 00 00 00 00 00 00 00 03 00 00 00  ................   backtrace:     [<ffffffff82b8e822>] kmalloc include/linux/slab.h:554 [inline]     [<ffffffff82b8e822>] kzalloc include/linux/slab.h:684 [inline]     [<ffffffff82b8e822>] usb_alloc_dev+0x32/0x450 drivers/usb/core/usb.c:582     [<ffffffff82b98441>] hub_port_connect drivers/usb/core/hub.c:5129 [inline]     [<ffffffff82b98441>] hub_port_connect_change drivers/usb/core/hub.c:5363 [inline]     [<ffffffff82b98441>] port_event drivers/usb/core/hub.c:5509 [inline]     [<ffffffff82b98441>] hub_event+0x1171/0x20c0 drivers/usb/core/hub.c:5591     [<ffffffff81259229>] process_one_work+0x2c9/0x600 kernel/workqueue.c:2275     [<ffffffff81259b19>] worker_thread+0x59/0x5d0 kernel/workqueue.c:2421     [<ffffffff81261228>] kthread+0x178/0x1b0 kernel/kthread.c:292     [<ffffffff8100227f>] ret_from_fork+0x1f/0x30 arch/x86/entry/entry_64.S:294"	CVSS:3.1/AV:L/AC:L/PR:L/UI:N/S:U/C:N/I:N/A:H
The XML parser in Magic xpi Integration Platform 4.13.4 allows XXE attacks, e.g., via onItemImport.	CVSS:3.1/AV:N/AC:L/PR:N/UI:N/S:U/C:L/I:L/A:N
A vulnerability was found in Juanpao JPShop up to 1.5.02. It has been declared as problematic. Affected by this vulnerability is an unknown functionality of the file api/config/params.php of the component API. The manipulation of the argument JWT_KEY_ADMIN leads to use of hard-coded cryptographic key  . The complexity of an attack is rather high. The exploitation appears to be difficult. The exploit has been disclosed to the public and may be used. The identifier VDB-252997 was assigned to this vulnerability.	CVSS:3.1/AV:N/AC:H/PR:N/UI:N/S:U/C:H/I:N/A:N
Azure IPAM (IP Address Management) is a lightweight solution developed on top of the Azure platform designed to help Azure customers manage their IP Address space easily and effectively. By design there is no write access to customers' Azure environments as the Service Principal used is only assigned the Reader role at the root Management Group level. Until recently, the solution lacked the validation of the passed in authentication token which may result in attacker impersonating any privileged user to access data stored within the IPAM instance and subsequently from Azure, causing an elevation of privilege. This vulnerability has been patched in version 3.0.0.	CVSS:3.1/AV:N/AC:L/PR:N/UI:N/S:U/C:H/I:H/A:H
The Timeline Widget For Elementor (Elementor Timeline, Vertical & Horizontal Timeline) plugin for WordPress is vulnerable to Stored Cross-Site Scripting via image URLs in the plugin's timeline widget in all versions up to, and including, 1.5.3 due to insufficient input sanitization and output escaping on user supplied attributes. This makes it possible for authenticated attackers with contributor-level and above permissions to inject arbitrary web scripts in pages that will execute whenever a user accesses an injected page, changes the slideshow type, and then changes it back to an image.	CVSS:3.1/AV:N/AC:L/PR:L/UI:R/S:C/C:L/I:L/A:N
A vulnerability, which was classified as critical, was found in CodeAstro Restaurant POS System 1.0. This affects an unknown part of the file update_product.php. The manipulation leads to unrestricted upload. It is possible to initiate the attack remotely. The exploit has been disclosed to the public and may be used. The associated identifier of this vulnerability is VDB-253011.	CVSS:3.1/AV:N/AC:L/PR:N/UI:N/S:U/C:H/I:H/A:H
urql is a GraphQL client that exposes a set of helpers for several frameworks.  The `@urql/next` package is vulnerable to XSS. To exploit this an attacker would need to ensure that the response returns `html` tags and that the web-application is using streamed responses (non-RSC). This vulnerability is due to improper escaping of html-like characters in the response-stream. To fix this vulnerability upgrade to version 1.1.1	CVSS:3.1/AV:N/AC:L/PR:N/UI:R/S:C/C:L/I:L/A:N
The PDF Flipbook, 3D Flipbook – DearFlip plugin for WordPress is vulnerable to Stored Cross-Site Scripting via outline settings in all versions up to, and including, 2.2.26 due to insufficient input sanitization and output escaping on user supplied data. This makes it possible for authenticated attackers with contributor-level and above permissions to inject arbitrary web scripts in pages that will execute whenever a user accesses an injected page.	CVSS:3.1/AV:N/AC:L/PR:L/UI:R/S:C/C:L/I:L/A:N
The Elementor Addons by Livemesh plugin for WordPress is vulnerable to Stored Cross-Site Scripting via the plugin's widget URL parameters in all versions up to, and including, 8.3.1 due to insufficient input sanitization and output escaping. This makes it possible for authenticated attackers with contributor access or higher to inject arbitrary web scripts in pages that will execute whenever a user accesses an injected page.	CVSS:3.1/AV:N/AC:L/PR:L/UI:R/S:C/C:L/I:L/A:N
The Wp-Adv-Quiz WordPress plugin through 1.0.2 does not sanitise and escape some of its settings, which could allow high privilege users such as admin to perform Stored Cross-Site Scripting attacks even when the unfiltered_html capability is disallowed (for example in multisite setup).	CVSS:3.1/AV:N/AC:L/PR:H/UI:R/S:C/C:L/I:L/A:N
The EventON WordPress plugin before 2.2 does not sanitise and escape some of its settings, which could allow high privilege users such as admin to perform Stored HTML Injection attacks even when the unfiltered_html capability is disallowed.	CVSS:3.1/AV:N/AC:L/PR:H/UI:R/S:C/C:L/I:L/A:N
"In the Linux kernel, the following vulnerability has been resolved:  bpf: Fix accesses to uninit stack slots  Privileged programs are supposed to be able to read uninitialized stack memory (ever since 6715df8d5) but, before this patch, these accesses were permitted inconsistently. In particular, accesses were permitted above state->allocated_stack, but not below it. In other words, if the stack was already ""large enough"", the access was permitted, but otherwise the access was rejected instead of being allowed to ""grow the stack"". This undesired rejection was happening in two places: - in check_stack_slot_within_bounds() - in check_stack_range_initialized() This patch arranges for these accesses to be permitted. A bunch of tests that were relying on the old rejection had to change; all of them were changed to add also run unprivileged, in which case the old behavior persists. One tests couldn't be updated - global_func16 - because it can't run unprivileged for other reasons.  This patch also fixes the tracking of the stack size for variable-offset reads. This second fix is bundled in the same commit as the first one because they're inter-related. Before this patch, writes to the stack using registers containing a variable offset (as opposed to registers with fixed, known values) were not properly contributing to the function's needed stack size. As a result, it was possible for a program to verify, but then to attempt to read out-of-bounds data at runtime because a too small stack had been allocated for it.  Each function tracks the size of the stack it needs in bpf_subprog_info.stack_depth, which is maintained by update_stack_depth(). For regular memory accesses, check_mem_access() was calling update_state_depth() but it was passing in only the fixed part of the offset register, ignoring the variable offset. This was incorrect; the minimum possible value of that register should be used instead.  This tracking is now fixed by centralizing the tracking of stack size in grow_stack_state(), and by lifting the calls to grow_stack_state() to check_stack_access_within_bounds() as suggested by Andrii. The code is now simpler and more convincingly tracks the correct maximum stack size. check_stack_range_initialized() can now rely on enough stack having been allocated for the access; this helps with the fix for the first issue.  A few tests were changed to also check the stack depth computation. The one that fails without this patch is verifier_var_off:stack_write_priv_vs_unpriv."	CVSS:3.1/AV:L/AC:L/PR:L/UI:N/S:U/C:H/I:H/A:H
A vulnerability was found in hongmaple octopus 1.0. It has been classified as critical. Affected is an unknown function of the file /system/role/list. The manipulation of the argument dataScope leads to sql injection. It is possible to launch the attack remotely. The exploit has been disclosed to the public and may be used. This product is using a rolling release to provide continious delivery. Therefore, no version details for affected nor updated releases are available. The identifier of this vulnerability is VDB-251700.	CVSS:3.1/AV:N/AC:L/PR:N/UI:N/S:U/C:H/I:H/A:H
: Relative Path Traversal vulnerability in B&R Industrial Automation Automation Studio allows Relative Path Traversal.This issue affects Automation Studio: from 4.0 through 4.12.	CVSS:3.1/AV:N/AC:L/PR:N/UI:N/S:U/C:N/I:H/A:N
Tenda AX1803 v1.0.0.1 contains a stack overflow via the iptv.stb.port parameter in the function formSetIptv.	CVSS:3.1/AV:N/AC:L/PR:N/UI:N/S:U/C:H/I:H/A:H
A vulnerability, which was classified as problematic, was found in SourceCodester House Rental Management System 1.0. Affected is an unknown function of the component Manage Tenant Details. The manipulation of the argument Name leads to cross site scripting. It is possible to launch the attack remotely. The exploit has been disclosed to the public and may be used. The identifier of this vulnerability is VDB-250608.	CVSS:3.1/AV:N/AC:L/PR:H/UI:R/S:C/C:L/I:L/A:N
Use after free in Web Audio in Google Chrome prior to 121.0.6167.85 allowed a remote attacker to potentially exploit heap corruption via a crafted HTML page. (Chromium security severity: High)	CVSS:3.1/AV:N/AC:L/PR:N/UI:R/S:U/C:H/I:H/A:H
A vulnerability classified as problematic was found in code-projects Employee Profile Management System 1.0. This vulnerability affects unknown code of the file download.php. The manipulation of the argument download_file leads to path traversal: '../filedir'. The exploit has been disclosed to the public and may be used. VDB-250570 is the identifier assigned to this vulnerability.	CVSS:3.1/AV:N/AC:L/PR:N/UI:N/S:U/C:L/I:N/A:N
The Website Builder by SeedProd — Theme Builder, Landing Page Builder, Coming Soon Page, Maintenance Mode plugin for WordPress is vulnerable to unauthorized modification of data due to a missing capability check on the seedprod_lite_new_lpage function in all versions up to, and including, 6.15.21. This makes it possible for unauthenticated attackers to change the contents of coming-soon, maintenance pages, login and 404 pages set up with the plugin. Version 6.15.22 addresses this issue but introduces a bug affecting admin pages. We suggest upgrading to 6.15.23.	CVSS:3.1/AV:N/AC:L/PR:N/UI:N/S:U/C:N/I:H/A:N
Stored cross-site scripting (XSS) vulnerability in the Portal Search module's Search Result app in Liferay Portal 7.2.0 through 7.4.3.11, and older unsupported versions, and Liferay DXP 7.4 before update 8, 7.3 before update 4, 7.2 before fix pack 17, and older unsupported versions allows remote authenticated users to inject arbitrary web script or HTML into the Search Result app's search result if highlighting is disabled by adding any searchable content (e.g., blog, message board message, web content article) to the application.	CVSS:3.1/AV:N/AC:L/PR:L/UI:R/S:C/C:L/I:L/A:N
A heap buffer-overflow exists in Delta Electronics ISPSoft. An anonymous attacker can exploit this vulnerability by enticing a user to open a specially crafted DVP file to achieve code execution.	CVSS:3.1/AV:N/AC:L/PR:N/UI:R/S:U/C:H/I:H/A:H
Cross-site scripting vulnerability exists in a-blog cms Ver.3.1.x series versions prior to Ver.3.1.7, Ver.3.0.x series versions prior to Ver.3.0.29, Ver.2.11.x series versions prior to Ver.2.11.58, Ver.2.10.x series versions prior to Ver.2.10.50, and Ver.2.9.0 and earlier versions. If this vulnerability is exploited, a user with a contributor or higher privilege may execute an arbitrary script on the web browser of the user who accessed the website using the product.	CVSS:3.1/AV:N/AC:L/PR:L/UI:R/S:C/C:L/I:L/A:N
A Time-Based SQL Injection vulnerability was discovered in Hospital Management System V4.0 which can allow an attacker to dump database information via a crafted payload entered into the 'Admin Remark' parameter under the 'Contact Us Queries -> Unread Query' tab.	CVSS:3.1/AV:N/AC:L/PR:H/UI:N/S:U/C:H/I:N/A:N
Out-of-bounds access vulnerability in the device authentication module. Successful exploitation of this vulnerability may affect confidentiality.	CVSS:3.1/AV:N/AC:L/PR:N/UI:N/S:U/C:H/I:N/A:N
An issue was discovered in open5gs v2.6.6. InitialUEMessage, Registration request sent at a specific time can crash AMF due to incorrect error handling of Nudm_UECM_Registration response.	CVSS:3.1/AV:N/AC:H/PR:N/UI:N/S:U/C:N/I:N/A:H
Cross-Site Request Forgery (CSRF) vulnerability in WhiteWP White Label – WordPress Custom Admin, Custom Login Page, and Custom Dashboard.This issue affects White Label – WordPress Custom Admin, Custom Login Page, and Custom Dashboard: from n/a through 2.9.0.	CVSS:3.1/AV:N/AC:L/PR:N/UI:R/S:U/C:H/I:H/A:H
"Code-projects Simple School Managment System 1.0 allows SQL Injection via the 'id' parameter at ""School/sub_delete.php?id=5."""	CVSS:3.1/AV:N/AC:L/PR:L/UI:N/S:U/C:H/I:H/A:H
Transmit requests in Xen's virtual network protocol can consist of multiple parts.  While not really useful, except for the initial part any of them may be of zero length, i.e. carry no data at all.  Besides a certain initial portion of the to be transferred data, these parts are directly translated into what Linux calls SKB fragments.  Such converted request parts can, when for a particular SKB they are all of length zero, lead to a de-reference of NULL in core networking code.	CVSS:3.1/AV:N/AC:L/PR:N/UI:N/S:U/C:N/I:N/A:H
A vulnerability was found in Totolink N200RE 9.3.5u.6139_B20201216 and classified as critical. Affected by this issue is the function setOpModeCfg of the file /cgi-bin/cstecgi.cgi. The manipulation of the argument pppoeUser leads to stack-based buffer overflow. The attack may be launched remotely. The exploit has been disclosed to the public and may be used. VDB-252266 is the identifier assigned to this vulnerability. NOTE: The vendor was contacted early about this disclosure but did not respond in any way.	CVSS:3.1/AV:N/AC:L/PR:L/UI:N/S:U/C:H/I:H/A:H
A vulnerability classified as problematic was found in EFS Easy File Sharing FTP 2.0. Affected by this vulnerability is an unknown functionality. The manipulation of the argument username leads to denial of service. The attack can be launched remotely. The exploit has been disclosed to the public and may be used. The associated identifier of this vulnerability is VDB-251479. NOTE: The vendor was contacted early about this disclosure but did not respond in any way.	CVSS:3.1/AV:N/AC:L/PR:N/UI:N/S:U/C:N/I:N/A:H
An email address enumeration vulnerability exists in the password reset function of SEO Panel version 4.10.0. This allows an attacker to guess which emails exist on the system.	CVSS:3.1/AV:N/AC:L/PR:N/UI:N/S:U/C:L/I:N/A:N
The LearnPress WordPress plugin before 4.2.5.5 does not sanitise and escape user input before outputting it back in the page, leading to a Reflected Cross-Site Scripting which could be used against high privilege users such as admin.	CVSS:3.1/AV:N/AC:L/PR:N/UI:R/S:C/C:L/I:L/A:N
A Cross-Frame Scripting vulnerability has been found on Plone CMS affecting verssion below 6.0.5. An attacker could store a malicious URL to be opened by an administrator and execute a malicios iframe element.	CVSS:3.1/AV:N/AC:L/PR:N/UI:R/S:C/C:L/I:L/A:L
An issue was discovered in Atos Unify OpenScape Xpressions WebAssistant V7 before V7R1 FR5 HF42 P911. It allows path traversal.	CVSS:3.1/AV:N/AC:L/PR:N/UI:N/S:U/C:H/I:H/A:H
A vulnerability, which was classified as critical, has been found in PHPGurukul Hospital Management System 1.0. Affected by this issue is some unknown functionality of the file admin/patient-search.php. The manipulation of the argument searchdata leads to sql injection. The exploit has been disclosed to the public and may be used. VDB-250130 is the identifier assigned to this vulnerability.	CVSS:3.1/AV:N/AC:L/PR:N/UI:N/S:U/C:H/I:H/A:H
A heap-based buffer overflow was found in the __vsyslog_internal function of the glibc library. This function is called by the syslog and vsyslog functions. This issue occurs when the openlog function was not called, or called with the ident argument set to NULL, and the program name (the basename of argv[0]) is bigger than 1024 bytes, resulting in an application crash or local privilege escalation. This issue affects glibc 2.36 and newer.	CVSS:3.1/AV:L/AC:L/PR:L/UI:N/S:U/C:H/I:H/A:H
Generation of Error Message Containing Sensitive Information vulnerability in Apache Tomcat.This issue affects Apache Tomcat: from 8.5.7 through 8.5.63, from 9.0.0-M11 through 9.0.43.  Users are recommended to upgrade to version 8.5.64 onwards or 9.0.44 onwards, which contain a fix for the issue.	CVSS:3.1/AV:N/AC:L/PR:N/UI:N/S:U/C:L/I:N/A:N
The AI Engine: Chatbots, Generators, Assistants, GPT 4 and more! plugin for WordPress is vulnerable to arbitrary file uploads due to missing file type validation in the 'add_image_from_url' function in all versions up to, and including, 2.1.4. This makes it possible for authenticated attackers, with Editor access and above, to upload arbitrary files on the affected site's server which may make remote code execution possible.	CVSS:3.1/AV:N/AC:L/PR:H/UI:N/S:U/C:H/I:H/A:H
Bref enable serverless PHP on AWS Lambda. When Bref is used in combination with an API Gateway with the v2 format, it does not handle multiple values headers. If PHP generates a response with two headers having the same key but different values only the latest one is kept. If an application relies on multiple headers with the same key being set for security reasons, then Bref would lower the application security. For example, if an application sets multiple `Content-Security-Policy` headers, then Bref would just reflect the latest one. This vulnerability is patched in 2.1.13.	CVSS:3.1/AV:N/AC:L/PR:N/UI:N/S:U/C:L/I:L/A:N
BuildKit is a toolkit for converting source code to build artifacts in an efficient, expressive and repeatable manner. A malicious BuildKit frontend or Dockerfile using RUN --mount could trick the feature that removes empty files created for the mountpoints into removing a file outside the container, from the host system. The issue has been fixed in v0.12.5. Workarounds include avoiding using BuildKit frontends from an untrusted source or building an untrusted Dockerfile containing RUN --mount feature.	CVSS:3.1/AV:N/AC:L/PR:N/UI:N/S:U/C:N/I:H/A:H
A vulnerability was found in Kashipara Billing Software 1.0 and classified as critical. This issue affects some unknown processing of the file item_list_edit.php of the component HTTP POST Request Handler. The manipulation of the argument id leads to sql injection. The attack may be initiated remotely. The exploit has been disclosed to the public and may be used. The identifier VDB-250601 was assigned to this vulnerability.	CVSS:3.1/AV:N/AC:L/PR:N/UI:N/S:U/C:H/I:H/A:H
The 10Web AI Assistant – AI content writing assistant plugin for WordPress is vulnerable to unauthorized modification of data due to a missing capability check on the install_plugin AJAX action in all versions up to, and including, 1.0.18. This makes it possible for authenticated attackers, with subscriber-level access and above, to install arbitrary plugins that can be used to gain further access to a compromised site.	CVSS:3.1/AV:N/AC:L/PR:L/UI:N/S:U/C:H/I:H/A:H
An integer overflow vulnerability exists in the FST fstReaderIterBlocks2 vesc allocation functionality of GTKWave 3.3.115, when compiled as a 32-bit binary. A specially crafted .fst file can lead to memory corruption. A victim would need to open a malicious file to trigger this vulnerability.	CVSS:3.1/AV:L/AC:L/PR:N/UI:R/S:U/C:H/I:H/A:H
IBM PowerSC 1.3, 2.0, and 2.1 could allow a remote attacker to hijack the clicking action of the victim. By persuading a victim to visit a malicious Web site, a remote attacker could exploit this vulnerability to hijack the victim's click actions and possibly launch further attacks against the victim.  IBM X-Force ID:  275128.	CVSS:3.1/AV:N/AC:L/PR:N/UI:R/S:U/C:N/I:L/A:N
Dolibarr is an enterprise resource planning (ERP) and customer relationship management (CRM) software package. Version 18.0.4 has a HTML Injection vulnerability in the Home page of the Dolibarr Application. This vulnerability allows an attacker to inject arbitrary HTML tags and manipulate the rendered content in the application's response. Specifically, I was able to successfully inject a new HTML tag into the returned document and, as a result, was able to comment out some part of the Dolibarr App Home page HTML code. This behavior can be exploited to perform various attacks like Cross-Site Scripting (XSS). To remediate the issue, validate and sanitize all user-supplied input, especially within HTML attributes, to prevent HTML injection attacks; and implement proper output encoding when rendering user-provided data to ensure it is treated as plain text rather than executable HTML.	CVSS:3.1/AV:N/AC:L/PR:N/UI:R/S:C/C:L/I:L/A:N
The authentication cookies are generated using an algorithm based on the username, hardcoded secret and the up-time, and can be guessed in a reasonable time.	CVSS:3.1/AV:N/AC:L/PR:N/UI:N/S:U/C:H/I:N/A:N
TOTOLINK A3300R V17.0.0cu.557_B20221024 was discovered to contain a command injection vulnerability via the pppoePass parameter in the setIpv6Cfg function.	CVSS:3.1/AV:N/AC:L/PR:N/UI:N/S:U/C:H/I:H/A:H
SQL injection vulnerability in EmpireCMS v7.5, allows remote attackers to execute arbitrary code and obtain sensitive information via the DoExecSql function.	CVSS:3.1/AV:N/AC:L/PR:H/UI:N/S:U/C:H/I:H/A:H
The PayHere Payment Gateway WordPress plugin before 2.2.12 automatically creates publicly-accessible log files containing sensitive information when transactions occur.	CVSS:3.1/AV:N/AC:L/PR:N/UI:N/S:U/C:H/I:N/A:N
Improper Neutralization of Special Elements used in an SQL Command ('SQL Injection') vulnerability in Brian D. Goad pTypeConverter.This issue affects pTypeConverter: from n/a through 0.2.8.1.	CVSS:3.1/AV:N/AC:L/PR:L/UI:N/S:U/C:H/I:H/A:H
Cross Site Scripting Vulnerability in Elite CRM v1.2.11 allows attacker to execute arbitrary code via the language parameter to the /ngs/login endpoint.	CVSS:3.1/AV:N/AC:L/PR:N/UI:R/S:C/C:L/I:L/A:N
"The simple sort&search WordPress plugin through 0.0.3 does not make sure that the indexurl parameter of the shortcodes ""category_sims"", ""order_sims"", ""orderby_sims"", ""period_sims"", and ""tag_sims"" use allowed URL protocols, which can lead to stored cross-site scripting by users with a role as low as Contributor"	CVSS:3.1/AV:N/AC:L/PR:L/UI:R/S:C/C:L/I:L/A:N
A type confusion issue was addressed with improved checks. This issue is fixed in macOS Big Sur 11.7.5, macOS Ventura 13.3, iOS 16.4 and iPadOS 16.4, iOS 15.7.4 and iPadOS 15.7.4, macOS Monterey 12.6.4. An app may be able to execute arbitrary code with kernel privileges.	CVSS:3.1/AV:L/AC:L/PR:N/UI:R/S:U/C:H/I:H/A:H
Integer Overflow or Wraparound vulnerability in openEuler kernel on Linux (filesystem modules) allows Forced Integer Overflow.This issue affects openEuler kernel: from 4.19.90 before 4.19.90-2401.3, from 5.10.0-60.18.0 before 5.10.0-183.0.0.	CVSS:3.1/AV:L/AC:L/PR:L/UI:N/S:U/C:H/I:H/A:H
In video decoder, there is a possible out of bounds read due to improper input validation. This could lead to local denial of service with no additional execution privileges needed	CVSS:3.1/AV:L/AC:L/PR:L/UI:N/S:U/C:N/I:N/A:H
A race condition was found in the Linux kernel's media/xc4000 device driver in xc4000 xc4000_get_frequency() function. This can result in return value overflow issue, possibly leading to malfunction or denial of service issue.	CVSS:3.1/AV:L/AC:H/PR:L/UI:N/S:U/C:N/I:H/A:H
Improper Neutralization of Input During Web Page Generation ('Cross-site Scripting') vulnerability in ClickToTweet.Com Click To Tweet allows Stored XSS.This issue affects Click To Tweet: from n/a through 2.0.14.	CVSS:3.1/AV:N/AC:L/PR:L/UI:R/S:C/C:L/I:L/A:N
A vulnerability classified as critical was found in fhs-opensource iparking 1.5.22.RELEASE. This vulnerability affects the function getData of the file src/main/java/com/xhb/pay/action/PayTempOrderAction.java. The manipulation leads to sql injection. The attack can be initiated remotely. The exploit has been disclosed to the public and may be used. The identifier of this vulnerability is VDB-249868.	CVSS:3.1/AV:N/AC:L/PR:N/UI:N/S:U/C:H/I:H/A:H
A use-after-free issue was addressed with improved memory management. This issue is fixed in macOS Ventura 13.3, macOS Big Sur 11.7.5, macOS Monterey 12.6.4. An app may be able to execute arbitrary code with kernel privileges.	CVSS:3.1/AV:L/AC:L/PR:N/UI:R/S:U/C:H/I:H/A:H
A vulnerability was found in hongmaple octopus 1.0. It has been classified as critical. Affected is an unknown function of the file /system/dept/edit. The manipulation of the argument ancestors leads to sql injection. It is possible to launch the attack remotely. The exploit has been disclosed to the public and may be used. Continious delivery with rolling releases is used by this product. Therefore, no version details of affected nor updated releases are available. VDB-252042 is the identifier assigned to this vulnerability.	CVSS:3.1/AV:N/AC:L/PR:N/UI:N/S:U/C:H/I:H/A:H
A vulnerability has been reported in Cups Easy (Purchase & Inventory), version 1.0, whereby user-controlled inputs are not sufficiently encoded, resulting in a Cross-Site Scripting (XSS) vulnerability via /cupseasylive/statecreate.php, in the stateid parameter. Exploitation of this vulnerability could allow a remote attacker to send a specially crafted URL to an authenticated user and steal their session cookie credentials.	CVSS:3.1/AV:N/AC:L/PR:N/UI:R/S:C/C:L/I:L/A:N
A directory traversal vulnerability exists in the uploadMib functionality of ManageEngine OpManager 12.7.258. A specially crafted HTTP request can lead to arbitrary file creation. An attacker can send a malicious MiB file to trigger this vulnerability.	CVSS:3.1/AV:N/AC:L/PR:N/UI:N/S:C/C:N/I:H/A:N
The Contact Form Plugin – Fastest Contact Form Builder Plugin for WordPress by Fluent Forms plugin for WordPress is vulnerable to Stored Cross-Site Scripting via imported form titles in all versions up to, and including, 5.1.5 due to insufficient input sanitization and output escaping. This makes it possible for authenticated attackers, with administrator-level access, to inject arbitrary web scripts in pages that will execute whenever a user accesses an injected page. This only affects multi-site installations and installations where unfiltered_html has been disabled.	CVSS:3.1/AV:N/AC:L/PR:H/UI:R/S:C/C:L/I:L/A:N
Improper Input Validation in Hitron Systems DVR HVR-4781 1.03~4.02 allows an attacker to cause network attack in case of using defalut admin ID/PW.	CVSS:3.1/AV:N/AC:L/PR:N/UI:N/S:U/C:N/I:N/A:H
Cross Site Request Forgery (CSRF) vulnerability in flusity-CMS v.2.33, allows remote attackers to execute arbitrary code via the add_menu.php component.	CVSS:3.1/AV:N/AC:L/PR:N/UI:R/S:U/C:H/I:H/A:H
Missing Integrity Check in Shelly TRV 20220811-152343/v2.1.8@5afc928c allows malicious users to create a backdoor by redirecting the device to an attacker-controlled machine which serves the manipulated firmware file. The device is updated with the manipulated firmware.	CVSS:3.1/AV:N/AC:L/PR:L/UI:R/S:C/C:L/I:L/A:N
The Complianz – GDPR/CCPA Cookie Consent plugin for WordPress is vulnerable to Stored Cross-Site Scripting via admin settings in all versions up to and including 6.5.5 due to insufficient input sanitization and output escaping. This makes it possible for authenticated attackers, with administrator-level permissions and above, to inject arbitrary web scripts in pages that will execute whenever a user accesses an injected page. This only affects multi-site installations and installations where unfiltered_html has been disabled.	CVSS:3.1/AV:N/AC:L/PR:H/UI:R/S:C/C:L/I:L/A:N
media-server v1.0.0 was discovered to contain a Use-After-Free (UAF) vulnerability via the sip_subscribe_remove function at /uac/sip-uac-subscribe.c.	CVSS:3.1/AV:N/AC:L/PR:N/UI:N/S:U/C:N/I:N/A:H
In the module mib < 1.6.1 from MyPresta.eu for PrestaShop, a guest can perform SQL injection. The methods `mib::getManufacturersByCategory()` has sensitive SQL calls that can be executed with a trivial http call and exploited to forge a SQL injection.	CVSS:3.1/AV:N/AC:L/PR:N/UI:N/S:U/C:H/I:H/A:H
Cross Site Scripting vulnerability in num parameter in eyoucms v.1.6.5 allows a remote attacker to run arbitrary code via crafted URL.	CVSS:3.1/AV:N/AC:L/PR:N/UI:R/S:C/C:L/I:L/A:N
The Community by PeepSo WordPress plugin before 6.3.1.2 does not have CSRF check when creating a user post (visible on their wall in their profile page), which could allow attackers to make logged in users perform such action via a CSRF attack	CVSS:3.1/AV:N/AC:L/PR:N/UI:R/S:U/C:N/I:L/A:N
NVIDIA DGX A100 BMC contains a vulnerability where a user may cause a missing authentication issue for a critical function by an adjacent network . A successful exploit of this vulnerability may lead to escalation of privileges, code execution, denial of service, information disclosure, and data tampering.	CVSS:3.1/AV:A/AC:L/PR:L/UI:N/S:U/C:H/I:H/A:H
The EventON - WordPress Virtual Event Calendar Plugin plugin for WordPress is vulnerable to Cross-Site Request Forgery in all versions up to, and including, 4.5.4 (for Pro) & 2.2.7 (for Free). This is due to missing or incorrect nonce validation on the evo_eventpost_update_meta function. This makes it possible for unauthenticated attackers to update arbitrary post metadata via a forged request granted they can trick a site administrator into performing an action such as clicking on a link.	CVSS:3.1/AV:N/AC:L/PR:N/UI:R/S:U/C:N/I:L/A:N
Authentication Bypass by Capture-replay vulnerability in Mitsubishi Electric Corporation MELSEC WS Series WS0-GETH00200 all serial numbers allows a remote unauthenticated attacker to bypass authentication by capture-replay attack and illegally login to the affected module. As a result, the remote attacker who has logged in illegally may be able to disclose or tamper with the programs and parameters in the modules.	CVSS:3.1/AV:N/AC:L/PR:N/UI:N/S:U/C:N/I:H/A:N
An arbitrary file upload vulnerability in LEPTON v7.0.0 allows authenticated attackers to execute arbitrary PHP code by uploading this code to the backend/languages/index.php languages area.	CVSS:3.1/AV:N/AC:L/PR:H/UI:N/S:U/C:H/I:H/A:H
An unrestricted file upload vulnerability in Trend Micro Apex Central could allow a remote attacker to create arbitrary files on affected installations.  Please note: although authentication is required to exploit this vulnerability, this vulnerability could be exploited when the attacker has any valid set of credentials. Also, this vulnerability could be potentially used in combination with another vulnerability to execute arbitrary code.	CVSS:3.1/AV:N/AC:L/PR:L/UI:N/S:U/C:H/I:H/A:H
The WordPress Button Plugin MaxButtons plugin for WordPress is vulnerable to Stored Cross-Site Scripting via admin settings in all versions up to, and including, 9.7.4 due to insufficient input sanitization and output escaping. This makes it possible for authenticated attackers, with administrator-level permissions and above, to inject arbitrary web scripts in pages that will execute whenever a user accesses an injected page. This only affects multi-site installations and installations where unfiltered_html has been disabled. Administrators can give button creation privileges to users with lower levels (contributor+) which would allow those lower-privileged users to carry out attacks.	CVSS:3.1/AV:N/AC:L/PR:H/UI:R/S:C/C:L/I:L/A:N
"Unauthenticated access permitted to web interface page The Genie Company Aladdin Connect (Retrofit-Kit Model ALDCM) ""Garage Door Control Module Setup"" and modify the Garage door's SSID settings."	CVSS:3.1/AV:N/AC:L/PR:N/UI:N/S:U/C:H/I:L/A:N
Redaxo v5.15.1 was discovered to contain a remote code execution (RCE) vulnerability via the component /pages/templates.php.	CVSS:3.1/AV:N/AC:L/PR:H/UI:N/S:U/C:H/I:H/A:H
Command injection in the ping utility on Buffalo LS210D 1.78-0.03 allows a remote authenticated attacker to inject arbitrary commands onto the NAS as root.	CVSS:3.1/AV:N/AC:L/PR:H/UI:N/S:U/C:H/I:H/A:H
Use after free in Passwords in Google Chrome prior to 121.0.6167.85 allowed a remote attacker to potentially exploit heap corruption via specific UI interaction. (Chromium security severity: Medium)	CVSS:3.1/AV:N/AC:L/PR:N/UI:R/S:U/C:H/I:H/A:H
The Featured Image from URL (FIFU) plugin for WordPress is vulnerable to Stored Cross-Site Scripting via the featured image alt text in all versions up to, and including, 4.5.3 due to insufficient input sanitization and output escaping. This makes it possible for authenticated attackers, with contributor-level access and above, to inject arbitrary web scripts in pages that will execute whenever a user accesses an injected page.	CVSS:3.1/AV:N/AC:L/PR:L/UI:R/S:C/C:L/I:L/A:N
IceHrm 23.0.0.OS does not sufficiently encode user-controlled input, which creates a Cross-Site Scripting (XSS) vulnerability via /icehrm/app/fileupload_page.php, in multiple parameters. An attacker could exploit this vulnerability by sending a specially crafted JavaScript payload and partially hijacking the victim's browser.	CVSS:3.1/AV:N/AC:L/PR:N/UI:R/S:C/C:L/I:L/A:N
Cross-Site Request Forgery (CSRF) vulnerability in wp.Insider, wpaffiliatemgr Affiliates Manager.This issue affects Affiliates Manager: from n/a through 2.9.31.	CVSS:3.1/AV:N/AC:L/PR:N/UI:R/S:U/C:H/I:H/A:H
A vulnerability, which was classified as critical, has been found in DeShang DSMall up to 5.0.3. Affected by this issue is some unknown functionality of the file application/home/controller/MemberAuth.php. The manipulation of the argument file_name leads to path traversal: '../filedir'. The attack may be launched remotely. The exploit has been disclosed to the public and may be used. The identifier of this vulnerability is VDB-250436.	CVSS:3.1/AV:N/AC:L/PR:N/UI:N/S:U/C:H/I:H/A:H
This vulnerability exist in Skyworth Router CM5100, version 4.1.1.24, due to insufficient validation of user supplied input for the SMTP Server Name parameter at its web interface.  A remote attacker could exploit this vulnerability by supplying specially crafted input to the parameter at the web interface of the vulnerable targeted system.  Successful exploitation of this vulnerability could allow the attacker to perform stored XSS attacks on the targeted system.	CVSS:3.1/AV:N/AC:L/PR:L/UI:R/S:C/C:L/I:L/A:N
In video decoder, there is a possible out of bounds read due to improper input validation. This could lead to local denial of service with no additional execution privileges needed	CVSS:3.1/AV:L/AC:L/PR:L/UI:N/S:U/C:N/I:N/A:H
NVIDIA DGX A100 SBIOS contains a vulnerability where a local attacker can cause input validation checks to be bypassed by causing an integer overflow. A successful exploit of this vulnerability may lead to denial of service, information disclosure, and data tampering.	CVSS:3.1/AV:L/AC:L/PR:L/UI:N/S:U/C:H/I:H/A:H
Lif Auth Server is a server for validating logins, managing information, and account recovery for Lif Accounts. The issue relates to the `get_pfp` and `get_banner` routes on Auth Server. The issue is that there is no check to ensure that the file that Auth Server is receiving through these URLs is correct. This could allow an attacker access to files they shouldn't have access to. This issue has been patched in version 1.4.0.	CVSS:3.1/AV:N/AC:L/PR:N/UI:N/S:U/C:H/I:N/A:N
