prompt	gt label
Context: Assessment of visual acuity depends on the optotypes used for measurement. The ability to recognize different optotypes differs even if their critical details appear under the same visual angle. Since optotypes are evaluated on individuals with good visual acuity and without eye disorders, differences in the lower visual acuity range cannot be excluded. In this study, visual acuity measured with the Snellen E was compared to the Landolt C acuity. 100 patients (age 8 - 90 years, median 60.5 years) with various eye disorders, among them 39 with amblyopia due to strabismus, and 13 healthy volunteers were tested. Charts with the Snellen E and the Landolt C (Precision Vision) which mimic the ETDRS charts were used to assess visual acuity. Three out of 5 optotypes per line had to be correctly identified, while wrong answers were monitored. In the group of patients, the eyes with the lower visual acuity, and the right eyes of the healthy subjects, were evaluated. Differences between Landolt C acuity (LR) and Snellen E acuity (SE) were small. The mean decimal values for LR and SE were 0.25 and 0.29 in the entire group and 0.14 and 0.16 for the eyes with strabismus amblyopia. The mean difference between LR and SE was 0.55 lines in the entire group and 0.55 lines for the eyes with strabismus amblyopia, with higher values of SE in both groups. The results of the other groups were similar with only small differences between LR and SE.\n\nQuestion: Landolt C and snellen e acuity: differences in strabismus amblyopia?\n\nAnswer the question with yes, no, or maybe.\nAnswer:\n	no
Context: Emergency surgery is associated with poorer outcomes and higher mortality with recent studies suggesting the 30-day mortality to be 14-15%. The aim of this study was to analyse the 30-day mortality, age-related 30-day mortality and 1-year mortality following emergency laparotomy. We hope this will encourage prospective data collection, improvement of care and initiate strategies to establish best practice in this area. This was a retrospective study of patients who underwent emergency laparotomy from June 2010 to May 2012. The primary end point of the study was 30-day mortality, age-related 30-day mortality and 1-year all-cause mortality. 477 laparotomies were performed in 446 patients. 57% were aged<70 and 43% aged>70 years. 30-day mortality was 12, 4% in those aged<70 years and 22% in those>70 years (p<0.001). 1-year mortality was 25, 15% in those aged under 70 years and 38% in those aged>70 years (p<0.001).\n\nQuestion: 30-Day and 1-year mortality in emergency general surgery laparotomies: an area of concern and need for improvement?\n\nAnswer the question with yes, no, or maybe.\nAnswer:\n	maybe
Context: Although observational data support an inverse relationship between high-density lipoprotein (HDL) cholesterol and coronary heart disease (CHD), genetic HDL deficiency states often do not correlate with premature CHD. Carotid intima-media thickness (cIMT) measurements were obtained in cases comprising 10 different mutations in LCAT, ABCA1 and APOA1 to further evaluate the relationship between low HDL resulting from genetic variation and early atherosclerosis. In a 1:2 case-control study of sex and age-related (+/-5 y) subjects (n=114), cIMT was nearly identical between cases (0.66+/-0.17 cm) and controls (0.65+/-0.18 cm) despite significantly lower HDL cholesterol (0.67 vs. 1.58 mmol/l) and apolipoprotein A-I levels (96.7 vs. 151.4 mg/dl) (P<0.05)\n\nQuestion: Do mutations causing low HDL-C promote increased carotid intima-media thickness?\n\nAnswer the question with yes, no, or maybe.\nAnswer:\n	no
Context: Electronic health records have the potential to facilitate family history use by primary care physicians (PCPs) to provide personalized care. The objective of this study was to determine whether automated, at-the-visit tailored prompts about family history risk change PCP behavior. Automated, tailored prompts highlighting familial risk for heart disease, stroke, diabetes, and breast, colorectal, or ovarian cancer were implemented during 2011 to 2012. Medical records of a cohort of community-based primary care patients, aged 35 to 65 years, who previously participated in our Family Healthware study and had a moderate or strong familial risk for any of the 6 diseases were subsequently reviewed. The main outcome measures were PCP response to the prompts, adding family history risk to problem summary lists, and patient screening status for each disease. The 492 eligible patients had 847 visits during the study period; 152 visits had no documentation of response to a family history prompt. Of the remaining 695 visits, physician responses were reviewed family history (n = 372, 53.5%), discussed family history (n = 159, 22.9%), not addressed (n = 155, 22.3%), and reviewed family history and ordered tests/referrals (n = 5, 0.7%). There was no significant change in problem summary list documentation of risk status or screening interventions for any of the 6 diseases.\n\nQuestion: Prompting Primary Care Providers about Increased Patient Risk As a Result of Family History: Does It Work?\n\nAnswer the question with yes, no, or maybe.\nAnswer:\n	no
Context: Recent years have seen a rapid proliferation of emergency ultrasound (EUS) programs in the United States. To date, there is no evidence supporting that EUS fellowships enhance residents' ultrasound (US) educational experiences. The purpose of this study was to determine the impact of EUS fellowships on emergency medicine (EM) residents' US education. We conducted a cross-sectional study at 9 academic medical centers. A questionnaire on US education and bedside US use was pilot tested and given to EM residents. The primary outcomes included the number of US examinations performed, scope of bedside US applications, barriers to residents' US education, and US use in the emergency department. The secondary outcomes were factors that would impact residents' US education. The outcomes were compared between residency programs with and without EUS fellowships. A total of 244 EM residents participated in this study. Thirty percent (95% confidence interval, 24%-35%) reported they had performed more than 150 scans. Residents in programs with EUS fellowships reported performing more scans than those in programs without fellowships (P = .04). Significant differences were noted in most applications of bedside US between residency programs with and without fellowships (P<.05). There were also significant differences in the barriers to US education between residency programs with and without fellowships (P<.05).\n\nQuestion: Do emergency ultrasound fellowship programs impact emergency medicine residents' ultrasound education?\n\nAnswer the question with yes, no, or maybe.\nAnswer:\n	yes
Context: Elevated resting heart rate (RHR) is a neglected marker in cardiovascular risk factor studies of sub-Saharan African populations. This study aimed to determine the prevalence of elevated RHR and other risk factors for cardiovascular disease (CVD) and to investigate any associations between RHR and these risk factors in a rural population in Ghana. Cross-sectional analysis. A total of 574 adults aged between 18-65 years were randomly sampled from a population register. Data collected included those on sociodemographic variables and anthropometric, blood pressure (BP), and RHR measurements. Within-person variability in RHR was calculated using data from repeat measurements taken 2 weeks apart. Of study participants, 36% were male. Prevalence of casual high BP was 19%. In the population, 10% were current cigarette smokers and habitual alcohol use was high at 56%. As measured by body mass index, 2% were obese and 14% had abdominal obesity. RHR was elevated (>90 bpm) in 19%. Overall, 79% of study participants were found to have at least one CVD risk factor. RHR was significantly associated with age, waist circumference, and BP. Individuals with an elevated RHR had a higher risk (OR 1.94, 95% CI 1.15-3.26%, p = 0.013) of casual high BP compared with participants with normal RHR independently of several established CVD risk factors. The regression dilution ratio of RHR was 0.75 (95% CI 0.62-0.89).\n\nQuestion: Cardiovascular risk in a rural adult West African population: is resting heart rate also relevant?\n\nAnswer the question with yes, no, or maybe.\nAnswer:\n	yes
Context: The purpose of this study was to delineate early respiratory predictors of mortality in children with hemato-oncology malignancy who developed acute respiratory distress syndrome (ARDS). We conducted a retrospective chart review of children with malignant and ARDS who needed mechanical ventilation and were admitted to a pediatric intensive care unit from January 1987 to January 1997. Seventeen children with ARDS and malignancy aged 10.5 +/- 5.1 years were identified. Six of the 17 children (35.3%) survived. Sepsis syndrome was present in 70.6% of all the children. Peak inspiratory pressure, positive end-expiratory pressure (PEEP), and ventilation index values could distinguish outcome by day 3. A significant relationship between respiratory data and outcome related to efficiency of oxygenation, as determined by PaO(2)/FIO(2) and P(A-a)O(2), was present from day 8 after onset of mechanical ventilation.\n\nQuestion: Acute respiratory distress syndrome in children with malignancy--can we predict outcome?\n\nAnswer the question with yes, no, or maybe.\nAnswer:\n	yes
Context: To examine the ability of various postoperative nomograms to predict prostate cancer-specific mortality (PCSM) and to validate that they could predict aggressive biochemical recurrence (BCR). Prostate-specific antigen (PSA), grade, and stage are the classic triad used to predict BCR after radical prostatectomy (RP). Multiple nomograms use these to predict risk of BCR. A previous study showed that several nomograms could predict aggressive BCR (prostate-specific antigen doubling time [PSADT] <9 months) more accurately than BCR. However, it remains unknown if they can predict more definitive endpoints, such as PCSM. We performed Cox analyses to examine the ability of 4 postoperative nomograms, the Duke Prostate Center (DPC) nomogram, the Kattan postoperative nomogram, the Johns Hopkins Hospital (JHH) nomogram, and the joint Center for Prostate Disease Research(CPDR)/Cancer of the Prostate Strategic Urologic Research Endeavor (CaPSURE) nomogram to predict BCR and PCSM among 1778 men in the Shared Equal Access Regional Cancer Hospital (SEARCH) database who underwent RP between 1990 and 2009. We also compared their ability to predict BCR and aggressive BCR in a subset of men. We calculated the c-index for each nomogram to determine its predictive accuracy for estimating actual outcomes. We found that each nomogram could predict aggressive BCR and PCSM in a statistically significant manner and that they all predicted PCSM more accurately than they predicted BCR (ie, with higher c-index values).\n\nQuestion: Do nomograms designed to predict biochemical recurrence (BCR) do a better job of predicting more clinically relevant prostate cancer outcomes than BCR?\n\nAnswer the question with yes, no, or maybe.\nAnswer:\n	yes
Context: (i) To examine the association between self-reported mechanical factors and chronic oro-facial pain. (ii) To test the hypothesis that this relationship could be explained by: (a) reporting of psychological factors, (b) common association of self-reported mechanical factors with other unexplained syndromes. A population based cross-sectional study of 4200 randomly selected adults registered with a General Medical Practice in North West, England. The study examined the association of chronic oro-facial pain with a variety of self-reported mechanical factors: teeth grinding, facial trauma, missing teeth and the feeling that the teeth did not fit together properly. Information was also collected on demographic factors, psychological factors and the reporting of other frequently unexplained syndromes. An adjusted response rate of 72% was achieved. Only two mechanical factors: teeth grinding (odds ratio (OR) 2.0, 95% CI 1.3-3.0) and facial trauma (OR 2.0; 95% CI 1.3-2.9) were independently associated with chronic oro-facial pain after adjusting for psychological factors. However, these factors were also commonly associated with the reporting of other frequently unexplained syndromes: teeth grinding (odds ratio (OR) 1.8, 95% CI 1.5-2.2), facial trauma (OR 2.1; 95% CI 1.7-2.6).\n\nQuestion: Are reports of mechanical dysfunction in chronic oro-facial pain related to somatisation?\n\nAnswer the question with yes, no, or maybe.\nAnswer:\n	yes
Context: The records of 465 patients with an established diagnosis of age related macular degeneration who had attended a specialist macular clinic between 1990 and 1998 were scrutinised. A full clinical examination and standardised refraction had been carried out in 189 of these cases on a minimum of two occasions. Cases were looked for where an improvement of one or more lines of either distance or near acuity was recorded in the eye unaffected by macular disease. In each one of these cases the improvement in visual acuity could not be attributed to treatment of other existing pathology. 12 such cases were detected. In nine of these the eye showing improvement of acuity had a history of amblyopia. The mean improvement in distance and near acuity in amblyopic eyes by 12 months was 3.3 and 1.9 lines logMAR respectively. The improvement in acuity generally occurred between 1 and 12 months from baseline and remained stable over the period of follow up.\n\nQuestion: Amblyopia: is visual loss permanent?\n\nAnswer the question with yes, no, or maybe.\nAnswer:\n	no
Context: To evaluate the impact of HER2 immunoreactivity on clinical outcome in locally advanced urothelial carcinoma patients who received surgery alone, or methotrexate, vinblastine, epirubicin, and cisplatin (M-VEC) as adjuvant chemotherapy. We studied 114 formalin-fixed paraffin-embedded specimens obtained from locally advanced urothelial carcinoma patients receiving surgery alone or adjuvant M-VEC. The authors evaluated HER2 immunoreactivity using immunohistochemical staining and explored the influence of pathological parameters and HER2 immunoreactivity on progression-free survival (PFS) and disease-specific overall survival (OS) using univariate and multivariate Cox's analyses. Urothelial carcinoma of the bladder had a significantly higher frequency of HER2 immunoreactivity than that of the upper urinary tract (60.7 vs. 20.7%, p<0.0001). Overall, nodal status was a strong and independent prognostic indicator for clinical outcome. The HER2 immunoreactivity was significantly associated with PFS (p = 0.02) and disease-specific OS (p = 0.005) in advanced urothelial carcinoma patients. As for patients with adjuvant M-VEC, HER2 immunoreactivity was a significant prognostic factor for PFS (p = 0.03) and disease-specific OS (p = 0.02) using univariate analysis, but not multivariate analysis, and not for patients receiving watchful waiting.\n\nQuestion: Does HER2 immunoreactivity provide prognostic information in locally advanced urothelial carcinoma patients receiving adjuvant M-VEC chemotherapy?\n\nAnswer the question with yes, no, or maybe.\nAnswer:\n	maybe
Context: Halofantrine is a newly developed antimalarial drug used for the treatment of Plasmodium falciparum malaria. The introduction of this drug has been delayed because of its possible side effects, and due to insufficient studies on adverse reactions in humans. There have been no studies investigating its effect on hearing. Thirty guinea pigs were divided into three groups: a control group, a halofantrine therapeutic dose group and a halofantrine double therapeutic dose group. One cochlea specimen from each animal was stained with haematoxylin and eosin and the other with toluidine blue. No changes were detected in the control group. The halofantrine therapeutic dose group showed loss and distortion of inner hair cells and inner phalangeal cells, and loss of spiral ganglia cells. In the halofantrine double therapeutic dose group, the inner and outer hair cells were distorted and there was loss of spiral ganglia cells.\n\nQuestion: Is halofantrine ototoxic?\n\nAnswer the question with yes, no, or maybe.\nAnswer:\n	yes
Context: Measurement of visceral adipose tissue (VAT) needs to be accurate and sensitive to change for risk monitoring. The purpose of this study is to determine the CT slice location where VAT area can best reflect changes in VAT volume and body weight. 60 plain abdominal CT images from 30 males [mean age (range) 51 (41-68) years, mean body weight (range) 71.1 (101.9-50.9) kg] who underwent workplace screenings twice within a 1-year interval were evaluated. Automatically calculated and manually corrected areas of the VAT of various scan levels using "freeform curve" region of interest on CT were recorded and compared with body weight changes. The strongest correlations of VAT area with VAT volume and body weight changes were shown in a slice 3 cm above the lower margin of L3 with r values of 0.853 and 0.902, respectively.\n\nQuestion: Visceral adipose tissue area measurement at a single level: can it represent visceral adipose tissue volume?\n\nAnswer the question with yes, no, or maybe.\nAnswer:\n	yes
Context: The accepted treatment protocol for necrotizing fasciitis (NF) consists of extensive surgery and wide spectrum antibiotics. Hyperbaric oxygenation (HBO) has been recommended as adjuvant therapy for NF, improving patient mortality and outcome. However, the beneficial effect of HBO for NF remains controversial. A retrospective evaluation of treatment outcome in 37 patients treated for NF between 1984 and 1993 was carried out. The mortality rate, morbidity criteria, and risk factors for grave prognosis were compared between a group of 25 patients who received HBO as part of their treatment protocol and a group of the remaining 12 patients treated by surgical excision and antibiotics alone. The two groups were found to be similar with regard to age, gender, the incidence of individual risk factors for ominous prognosis, and the Acute Physiology and Chronic Health Evaluation (APACHE) II score for disease's severity on presentation. The mortality rate among the HBO-treated patients was 36%, as opposed to 25% in the non-HBO group. The mean number of surgical débridements required per patient was significantly higher in the HBO group: 3.3 compared with 1.5 in the non-HBO-treated patients. Although the average length of hospitalization for survivors was shorter for the HBO group, the difference between the groups did not reach statistical significance.\n\nQuestion: Necrotizing fasciitis: an indication for hyperbaric oxygenation therapy?\n\nAnswer the question with yes, no, or maybe.\nAnswer:\n	no
Context: To investigate the effectiveness of acupuncture in treating phonotraumatic vocal fold lesions.STUDY DESIGN/ A total of 123 dysphonic individuals with benign vocal pathologies were recruited. They were given either genuine acupuncture (n = 40), sham acupuncture (n = 44), or no treatment (n = 39) for 6 weeks (two 30-minute sessions/wk). The genuine acupuncture group received needles puncturing nine voice-related acupoints for 30 minutes, two times a week for 6 weeks, whereas the sham acupuncture group received blunted needles stimulating the skin surface of the nine acupoints for the same frequency and duration. The no-treatment group did not receive any intervention but attended just the assessment sessions. One-hundred seventeen subjects completed the study (genuine acupuncture = 40; sham acupuncture = 43; and no treatment = 34), but only 84 of them had a complete set of vocal functions and quality of life measures (genuine acupuncture = 29; sham acupuncture = 33; and no-treatment = 22) and 42 of them with a complete set of endoscopic data (genuine acupuncture = 16; sham acupuncture = 15; and no treatment = 11). Significant improvement in vocal function, as indicated by the maximum fundamental frequency produced, and also perceived quality of life, were found in both the genuine and sham acupuncture groups, but not in the no-treatment group. Structural (morphological) improvements were, however, only noticed in the genuine acupuncture group, which demonstrated a significant reduction in the size of the vocal fold lesions.\n\nQuestion: Is Acupuncture Efficacious for Treating Phonotraumatic Vocal Pathologies?\n\nAnswer the question with yes, no, or maybe.\nAnswer:\n	yes
Context: Recent evaluations of IT innovations in primary care have highlighted variations between centres and practices in uptake and use. We evaluated whether structural characteristics of a general practice were associated with variations in use of a web-based clinical information system underpinning a Managed Clinical Network in diabetes, between the years 2001 and 2003. Using a computerised audit trail, we calculated the numbers of web-based operations that occurred in each practice, stratified by staff type and year, and adjusted for the numbers of registered diabetic patients. In regression analyses, we determined whether total use was associated with structural characteristics of the practice (total list size, training status, numbers of GPs (general practitioners), mean age of the GPs, numbers of female GPs, level of deprivation of the population and whether staff had received advanced training in diabetes care). Initially there were a few practices which made very frequent use of the information system, with relatively high numbers of practices using the facility infrequently. However, overall use gradually became more evenly spread. This effect was particularly evident among nurse users. Frequent use by GPs was evident in only a small number of practices, with mean GP use decreasing over the three years. In linear regression analyses, none of the general practice variables were associated with online use, either overall or stratified by staff type, except for the numbers of diabetes-educated staff. This was consistently associated with increased use by nurses and GPs.\n\nQuestion: Do general practice characteristics influence uptake of an information technology (IT) innovation in primary care?\n\nAnswer the question with yes, no, or maybe.\nAnswer:\n	no
Context: To compare adherence to follow-up recommendations for colposcopy or repeated Papanicolaou (Pap) smears for women with previously abnormal Pap smear results. Retrospective cohort study. Three northern California family planning clinics. All women with abnormal Pap smear results referred for initial colposcopy and a random sample of those referred for repeated Pap smear. Medical records were located and reviewed for 90 of 107 women referred for colposcopy and 153 of 225 women referred for repeated Pap smears. Routine clinic protocols for follow-up--telephone call, letter, or certified letter--were applied without regard to the type of abnormality seen on a Pap smear or recommended examination. Documented adherence to follow-up within 8 months of an abnormal result. Attempts to contact the patients for follow-up, adherence to follow-up recommendations, and patient characteristics were abstracted from medical records. The probability of adherence to follow-up vs the number of follow-up attempts was modeled with survival analysis. Cox proportional hazards models were used to examine multivariate relationships related to adherence. The rate of overall adherence to follow-up recommendations was 56.0% (136/243). Adherence to a second colposcopy was not significantly different from that to a repeated Pap smear (odds ratio, 1.40; 95% confidence interval, 0.80-2.46). The use of as many as 3 patient reminders substantially improved adherence to follow-up. Women without insurance and women attending 1 of the 3 clinics were less likely to adhere to any follow-up recommendation (hazard ratio for no insurance, 0.43 [95% confidence interval, 0.20-0.93], and for clinic, 0.35 [95% confidence interval, 0.15-0.73]).\n\nQuestion: Do follow-up recommendations for abnormal Papanicolaou smears influence patient adherence?\n\nAnswer the question with yes, no, or maybe.\nAnswer:\n	no
Context: Accurate and updated information on airborne pollen in specific areas can help allergic patients. Current monitoring systems are based on a morphologic identification approach, a time-consuming method that may represent a limiting factor for sampling network enhancement. To verify the feasibility of developing a real-time polymerase chain reaction (PCR) approach, an alternative to optical analysis, as a rapid, accurate, and automated tool for the detection and quantification of airborne allergenic pollen taxa. The traditional cetyl trimethyl ammonium bromide-based method was modified for DNA isolation from pollen. Taxon-specific DNA sequences were identified via bioinformatics or literature searches and were PCR amplified from the matching allergenic taxa; based on the sequences of PCR products, complementary or degenerate TaqMan probes were developed. The accuracy of the quantitative real-time PCR assay was tested on 3 plant species. The setup of a modified DNA extraction protocol allowed us to achieve good-quality pollen DNA. Taxon-specific nuclear gene fragments were identified and sequenced. Designed primer pairs and probes identified selected pollen taxa, mostly at the required classification level. Pollen was properly identified even when collected on routine aerobiological tape. Preliminary quantification assays on pollen grains were successfully performed on test species and in mixes.\n\nQuestion: Biomolecular identification of allergenic pollen: a new perspective for aerobiological monitoring?\n\nAnswer the question with yes, no, or maybe.\nAnswer:\n	yes
Context: To describe the biomechanical and wound healing characteristics of corneas after excimer laser keratorefractive surgery. Histologic, ultrastructural, and cohesive tensile strength evaluations were performed on 25 normal human corneal specimens, 206 uncomplicated LASIK specimens, 17 uncomplicated sub-Bowman's keratomileusis (SBK) specimens, 4 uncomplicated photorefractive keratectomy (PRK) specimens, 2 uncomplicated advanced surface ablation (ASA) specimens, 5 keratoconus specimens, 12 postoperative LASIK ectasia specimens, and 1 postoperative PRK ectasia specimen and compared to previously published studies. Histologic and ultrastructural studies of normal corneas showed significant differences in the direction of collagen fibrils and/or the degree of lamellar interweaving in Bowman's layer, the anterior third of the corneal stroma, the posterior two-thirds of the corneal stroma, and Descemet's membrane. Cohesive tensile strength testing directly supported these morphologic findings as the stronger, more rigid regions of the cornea were located anteriorly and peripherally. This suggests that PRK and ASA, and secondarily SBK, should be biomechanically safer than conventional LASIK with regard to risk for causing keratectasia after surgery. Because adult human corneal stromal wounds heal slowly and incompletely, all excimer laser keratorefractive surgical techniques still have some distinct disadvantages due to inadequate reparative wound healing. Despite reducing some of the risk for corneal haze compared to conventional PRK, ASA cases still can develop corneal haze or breakthrough haze from the hypercellular fibrotic stromal scarring. In contrast, similar to conventional LASIK, SBK still has the short- and long-term potential for interface wound complications from the hypocellular primitive stromal scar.\n\nQuestion: Biomechanical and wound healing characteristics of corneas after excimer laser keratorefractive surgery: is there a difference between advanced surface ablation and sub-Bowman's keratomileusis?\n\nAnswer the question with yes, no, or maybe.\nAnswer:\n	yes
Context: Radiotherapy reduces local recurrence rates but is also capable of short- and long-term toxicity. It may also render treatment of local recurrence more challenging if it develops despite previous radiotherapy. This study examined the impact of radiotherapy for the primary rectal cancer on outcomes after pelvic exenteration for local recurrence. We conducted a retrospective review of exenteration databases. The study took place at a quaternary referral center that specializes in pelvic exenteration. Patients referred for pelvic exenteration from October 1994 to November 2012 were reviewed. Patients who did and did not receive radiotherapy as part of their primary rectal cancer treatment were compared. The main outcomes of interest were resection margins, overall survival, disease-free survival, and surgical morbidities. There were 108 patients, of which 87 were eligible for analysis. Patients who received radiotherapy for their primary rectal cancer (n = 41) required more radical exenterations (68% vs 44%; p = 0.020), had lower rates of clear resection margins (63% vs 87%; p = 0.010), had increased rates of surgical complications per patient (p = 0.014), and had a lower disease-free survival (p = 0.022). Overall survival and disease-free survival in patients with clear margins were also lower in the primary irradiated patients (p = 0.049 and p<0.0001). This difference in survival persisted in multivariate analysis that corrected for T and N stages of the primary tumor. This study is limited by its retrospective nature and heterogeneous radiotherapy regimes among radiotherapy patients.\n\nQuestion: Does radiotherapy of the primary rectal cancer affect prognosis after pelvic exenteration for recurrent rectal cancer?\n\nAnswer the question with yes, no, or maybe.\nAnswer:\n	yes
Context: We have previously reported the feasibility of diagnostic and therapeutic peritoneoscopy including liver biopsy, gastrojejunostomy, and tubal ligation by an oral transgastric approach. We present results of per-oral transgastric splenectomy in a porcine model. The goal of this study was to determine the technical feasibility of per-oral transgastric splenectomy using a flexible endoscope. We performed acute experiments on 50-kg pigs. All animals were fed liquids for 3 days prior to procedure. The procedures were performed under general anesthesia with endotracheal intubation. The flexible endoscope was passed per orally into the stomach and puncture of the gastric wall was performed with a needle knife. The puncture was extended to create a 1.5-cm incision using a pull-type sphincterotome, and a double-channel endoscope was advanced into the peritoneal cavity. The peritoneal cavity was insufflated with air through the endoscope. The spleen was visualized. The splenic vessels were ligated with endoscopic loops and clips, and then mesentery was dissected using electrocautery. Endoscopic splenectomy was performed on six pigs. There were no complications during gastric incision and entrance into the peritoneal cavity. Visualization of the spleen and other intraperitoneal organs was very good. Ligation of the splenic vessels and mobilization of the spleen were achieved using commercially available devices and endoscopic accessories.\n\nQuestion: Transgastric endoscopic splenectomy: is it possible?\n\nAnswer the question with yes, no, or maybe.\nAnswer:\n	yes
Context: Kidneys from elderly donors tend to be implanted in recipients who are also elderly. We present the results obtained after 10 years of evolution on transplanting elderly kidneys into young recipients. Ninety-one consecutive transplants are studied, carried out in our center with kidneys from cadaver donors older than 60 years implanted in recipients younger than 60 years. The control group is made up of 91 transplants, matched with those from the study group, whose donor and recipient were younger than 60 years. There were no differences between groups with regard to recipient age, sex, cause of death and renal function of the donor, hepatitis C and cytomegalovirus serologies, cold ischemia time, tubular necrosis, immediate diuresis, need for dialysis, human leukocyte antigen incompatibilities, hypersensitized patients, acute rejection, waiting time on dialysis, and days of admission. Survival in both groups at 1, 5, and 10 years was 97.6%, 87.2%, and 76.6% vs. 98.8%, 87.5%, and 69.5% for the patient (P=0.642), 92.9%, 81.3%, and 64.2% vs. 93.9%, 76.4%, and 69.5% for the graft (P=0.980), and 94.4%, 92.6%, and 77.4% vs. 94.3%, 86.7%, and 84.4% for the graft with death censured (P=0.747), respectively. Creatininaemias at 1, 5, and 10 years were 172, 175, and 210 vs. 139, 134, and 155 (P<0.05).\n\nQuestion: Is it appropriate to implant kidneys from elderly donors in young recipients?\n\nAnswer the question with yes, no, or maybe.\nAnswer:\n	yes
Context: To determine the impact of Florida's Medicaid Demonstration 4 years post-implementation on per member per month (PMPM) Medicaid expenditures and whether receiving care through HMOs versus provider service networks (PSNs) in the Demonstration was associated with PMPM expenditures.DATA: Florida Medicaid claims from two fiscal years prior to implementation of the Demonstration (FY0405, FY0506) and the first four fiscal years after implementation (FY0607-FY0910) from two urban Demonstration counties and two urban non-Demonstration counties. A difference-in-difference approach was used to compare changes in enrollee expenditures before and after implementation of the Demonstration overall and specifically for HMOs and PSNs. Claims data were extracted for enrollees in the Demonstration and non-Demonstration counties and collapsed into monthly amounts (N = 26,819,987 person-months). Among SSI enrollees, the Demonstration resulted in lower increases in PMPM expenditures over time ($40) compared with the non-Demonstration counties ($186), with Demonstration PSNs lowering PMPM expenditures by $7 more than HMOs. Savings were also seen among TANF enrollees but to a lesser extent.\n\nQuestion: Do provider service networks result in lower expenditures compared with HMOs or primary care case management in Florida's Medicaid program?\n\nAnswer the question with yes, no, or maybe.\nAnswer:\n	yes
Context: Extracranial internal carotid artery stenosis is a risk factor for perioperative stroke in patients undergoing coronary artery bypass surgery (CAB). Although selective and non-selective methods of preoperative carotid screening have been advocated, it remains unclear if this screening is clinically relevant.AIM: To test whether selective carotid screening is as effective as non-selective screening in detecting significant carotid disease. The case records of patients consecutively undergoing CAB were reviewed. Patients were stratified retrospectively into high- or low-risk groups according to risk factors for significant carotid stenosis and perioperative stroke: peripheral vascular disease (PVD), carotid bruit, diabetes mellitus, age>70 years and/or history of cerebrovascular disease. Prevalence of carotid stenosis detected by ultrasonography, surgical management and perioperative stroke rates were determined in each group. Overall, 205 consecutive patients underwent preoperative carotid screening. The prevalence of significant carotid stenosis was 5.8%. Univariate analysis confirmed that PVD (P=0.005), carotid bruit (P=0.003) and diabetes mellitus (P=0.05) were significant risk factors for stenosis. Carotid stenosis was a risk factor for stroke (P=0.03). Prevalence of carotid stenosis was higher in the high-risk group (9.1%) than the low-risk group (1.2%) (P<0.05). All concomitant or staged carotid endarterectomies/CAB (5/205) and all patients who had perioperative strokes (5/205) were in the high-risk group (P=0.01).\n\nQuestion: Assessment of carotid artery stenosis before coronary artery bypass surgery. Is it always necessary?\n\nAnswer the question with yes, no, or maybe.\nAnswer:\n	no
Context: One of the sites most frequently invaded by gastric cancer is the mesocolon; however, the UICC does not mention this anatomical site as an adjacent structure involved in gastric cancer. The purpose of this study was to characterize and classify mesocolon invasion from gastric cancer. We examined 806 patients who underwent surgery for advanced gastric carcinoma from 1992 to 2007 at the Department of Surgery, Gangnam Severance Hospital, Korea. Among these, patients who showed macroscopically direct invasion into the mesocolon were compared to other patients with advanced gastric cancer. The curability, number and extent of nodal metastasis, and the survival of the mesocolon invasion group were significantly worse than these factors in the T3 group. However, the survival of the mesocolon invasion group after curative resection was much better than that of patients who had incurable factors.\n\nQuestion: Should direct mesocolon invasion be included in T4 for the staging of gastric cancer?\n\nAnswer the question with yes, no, or maybe.\nAnswer:\n	maybe
Context: In primary and secondary prevention trials, statins have been shown to reduce the risk of stroke. In addition to lipid lowering, statins have a number of antiatherothrombotic and neuroprotective properties. In a preliminary observational study, we explored whether clinical outcome is improved in patients who are on treatment with statins when stroke occurs. We conducted a population-based case-referent study of 25- to 74-year-old stroke patients with, for each case of a patient who was on statin treatment at the onset of stroke (n=125), 2 referent patients who were not treated with statins but were matched for age, gender, year of onset, and stroke subtype (n=250). The unadjusted odds ratio for early discharge to home (versus late discharge or death) was 1.41 (95% CI 0.91 to 2.17) when patients on statin treatment were compared with referent stroke patients not on statins. Prognostic factors were, in general, more unfavorable among patients on statins. When this was adjusted for in a logistic regression model, the use of statins was a moderately strong but statistically nonsignificant predictor of discharge to home (multiple-adjusted odds ratio 1.42, 95% CI 0.90 to 2.22).\n\nQuestion: Does pretreatment with statins improve clinical outcome after stroke?\n\nAnswer the question with yes, no, or maybe.\nAnswer:\n	no
Context: To assess the extent to which the title and font of participant information sheets (PISs) can influence pregnant women's and trainee midwives' perceptions of an antenatal intervention. Pregnant women (n=35) and trainee midwives (n=36) were randomly presented with one of four PISs where the title and font of the PIS had been manipulated to create four experimental conditions (i.e., Double Fluent; Double Awkward; Fluent Title-Awkward Font; Awkward Title-Fluent Font). After reading the PIS, participants rated their perceptions of the intervention (i.e., Attractiveness, Complexity, Expected Risk, Required Effort) using five-point Likert scales. A 4×2 factorial multivariate analysis of variance revealed that pregnant women rated the Double Awkward condition as significantly more complex than the Double Fluent (p=.024) and Awkward Title-Fluent Font (p=.021) conditions.\n\nQuestion: Processing fluency effects: can the content and presentation of participant information sheets influence recruitment and participation for an antenatal intervention?\n\nAnswer the question with yes, no, or maybe.\nAnswer:\n	yes
Context: Sternal fractures in childhood are rare. The aim of the study was to investigate the accident mechanism, the detection of radiological and sonographical criteria and consideration of associated injuries. In the period from January 2010 to December 2012 all inpatients and outpatients with sternal fractures were recorded according to the documentation. A total of 4 children aged 5-14 years with a sternal fracture were treated in 2 years, 2 children were hospitalized for pain management and 2 remained in outpatient care.\n\nQuestion: Sternal fracture in growing children : A rare and often overlooked fracture?\n\nAnswer the question with yes, no, or maybe.\nAnswer:\n	maybe
Context: Pterygium is a disease of unknown origin and pathogenesis that might be vision threatening. It is characterised by a wing-like conjunctival overgrowth of the cornea. Several studies have investigated human papillomavirus (HPV) as a risk factor for the development of pterygia, but the results are inconclusive.AIM: To investigate a large sample of pterygia for the presence of HPV in order to clarify the putative association between pterygia and HPV. 100 specimens of pterygium from Danish patients and 20 normal conjunctival biopsy specimens were investigated for the presence of HPV with PCR technique using beta-globin primers to access the quality of the extracted DNA and the HPV primers MY09/11 and GP5+/6+. HPV-positive specimens underwent subsequent HPV typing with type-specific HPV primers and further investigation with DNA in situ hybridisation (ISH). 90 of 100 investigated pterygia proved suitable for HPV analysis by PCR. As beta-globin could not be amplified, 10 specimens were excluded from the study. 4 of 90 pterygia harboured HPV. HPV type 6 was identified in all four HPV-positive pterygia. The 20 normal conjunctival biopsy specimens were beta-globin positive and HPV negative. All four pterygia that were HPV type 6 positive were DNA ISH negative.\n\nQuestion: Human papillomavirus and pterygium. Is the virus a risk factor?\n\nAnswer the question with yes, no, or maybe.\nAnswer:\n	maybe
Context: PRISM is claimed to score disease severity which has attributed an impact on length of PICU stay (LOS). To determine the impact of PRISM on LOS, and evaluate an Artificial Neural Network's (ANN) performance to estimate LOS from PRISM item patterns. Retrospectively we performed correlation and regression analyses on routinely scored PRISM data of all consecutive admissions to our level-III PICU from 1994 to 1999 (n>2000) with individual LOS. In addition, an ANN was trained on the chronologically first 75% of those data (inputs, PRISM items + age + sex; output, LOS). The ANN's performance was tested on the remaining most recent 25% of the data sets. The Spearman and Pearson coefficients of correlation between PRISM and LOS were 0.2 (p<0.001) and 0.08 (p = 0.0003), the latter being slightly higher when LOS was logarithmically transformed. Pearson's coefficient of correlation between ANN derived LOS estimate and actual LOS was 0.21 (p<0.001) (LOS logarithmically transformed: 0.34; p<0.001) in the independent validation sample.\n\nQuestion: Can PRISM predict length of PICU stay?\n\nAnswer the question with yes, no, or maybe.\nAnswer:\n	no
Context: The use of a balloon expandable stent valve includes balloon predilatation of the aortic stenosis before valve deployment. The aim of the study was to see whether or not balloon predilatation is necessary in transcatheter aortic valve replacement (TAVI). Sixty consecutive TAVI patients were randomized to the standard procedure or to a protocol where balloon predilatation was omitted. There were no significant differences between the groups regarding early hemodynamic results or complication rates.\n\nQuestion: Can predilatation in transcatheter aortic valve implantation be omitted?\n\nAnswer the question with yes, no, or maybe.\nAnswer:\n	yes
Context: Voluntary asphyxiation among children, preteens, and adolescents by hanging or other means of inducing hypoxia/anoxia to enhance sexual excitement is not uncommon and can lead to unintended death. This study addresses autoerotic asphyxiation (AEA) with the intent of increasing pediatricians' knowledge of the syndrome and awareness of its typical onset among young patients. AEA is characteristically a clandestine and elusive practice. Provided with relevant information, pediatricians can identify the syndrome, demonstrate a willingness to discuss concerns about it, ameliorate distress, and possibly prevent a tragedy. A retrospective study was undertaken of published cases both fatal and nonfatal and included personal communications, referenced citations, clinical experience, and theoretical formulations as to causation. Characteristic AEA manifestations, prevalence, age range, methods of inducing hypoxia/anoxia, and gender weighting are presented. All sources were used as a basis for additional considerations of etiology and possibilities for intervention. AEA can be conceptualized as a personalized, ritualized, and symbolic biopsychosocial drama. It seems to be a reenactment of intense emotional feeling-states involving an identification and sadomasochistic relationship with a female figure. Inept AEA practitioners can miscalculate the peril of the situation that they have contrived and for numerous reasons lose their gamble with death.\n\nQuestion: Autoerotic asphyxiation: secret pleasure--lethal outcome?\n\nAnswer the question with yes, no, or maybe.\nAnswer:\n	yes
Context: Comorbid major depression (MD) and alcohol use disorder (AUD), particularly in adolescents, have been shown to be associated with poorer subsequent MD outcomes. Longitudinal data were used to model associations between a four-level classification of MD/AUD during the period 15-18 years (neither; MD-only; AUD-only; comorbid MD/AUD) and MD over the period 18-35 years. These associations were then adjusted for confounding by a series of factors measured in childhood. The three disorder groups had rates of adult MD during the period 18-35 years that were significantly (p<.05) higher than that of the group with no disorder. Furthermore, those in the comorbid MD/AUD group had significantly (p<.05) higher rates of adult MD than those in the AUD-only group, and marginally (p<.10) higher rates of adult MD than those in the MD-only group. After adjustment for confounding, the difference in rates of adult MD between the MD-only group and the MD/AUD group were no longer statistically significant. The factors that explained the associations were gender, childhood behavior problems, and exposure to physical and sexual abuse. The data were obtained by self-report, and may have been subject to biases.\n\nQuestion: Major depression and alcohol use disorder in adolescence: Does comorbidity lead to poorer outcomes of depression?\n\nAnswer the question with yes, no, or maybe.\nAnswer:\n	no
Context: To characterize the use and delivery of cough and cold medicines in children younger than 6 presenting to an inner-city pediatric emergency department (PED) following 2007 FDA warnings. A cross-sectional observational study was performed using a convenience sampling of PED patients during the fall of 2010. Caregivers were presented with 6 commonly used cough medicine preparations and were asked to demonstrate if and how they would administer these to their children. In all, 65 patients and their caregivers consented and participated in the study. During the demonstration, 82% (53/65) stated that they would treat with cough or cold medicines, and 72% (38/53) incorrectly dosed the medication they desired to give.\n\nQuestion: Cold preparation use in young children after FDA warnings: do concerns still exist?\n\nAnswer the question with yes, no, or maybe.\nAnswer:\n	yes
Context: The aim of this work is to assess a previously described slit-lamp biomicroscopy-based method (SLBM) for measuring pupil diameter and compare it to Colvard infrared pupillometry (CIP). Two examiners performed three repeated measurements with each instrument in 40 healthy eyes. We determined the agreement of SLBM and CIP, intraobserver and interobserver repeatabilities, and interobserver concordance (kappa) and SLBM ability for detecting pupil sizes over 6.0 mm. The mean (±standard deviation [SD]) pupil diameter was 5.81 ± 0.70 mm with SLBM and 6.26 ± 0.68 mm with CIP (p = 0.01) averaging both examiner's results. Mean differences between the SLBM and CIP were -0.60 mm and -0.30 mm for each examiner using the average of the three readings (p = 0.02), and they were very similar using the first reading. Intraobserver reproducibility: the width of the 95% LoA ranged from 1.79 to 2.30 mm. The ICCs were 0.97 and 0.92 for SLBM, and 0.96 and 0.90 for CIP. Interobserver reproducibility: the width of the LoA ranged from 1.82 to 2.09 mm. Kappa statistics were 0.39 and 0.49 for the first and mean SLBM readings, respectively, and 0.45 for both the first and mean CIP readings. Sensitivity and specificity of SLBM for detection of pupils larger than 6 mm ranged from 55.56% to 73.68% and from 76.19% to 95.45%, respectively. The best trade-off between sensitivity and specificity ranged from 5.4 mm to 6.2 mm.\n\nQuestion: Can we measure mesopic pupil size with the cobalt blue light slit-lamp biomicroscopy method?\n\nAnswer the question with yes, no, or maybe.\nAnswer:\n	no
Context: To evaluate prepuce development and retractibility in a group of boys. To point out the value of circumcision and prepucial forced dilation during childhood. Prepuce development and retractibility were evaluated in 400 boys ages between 0-16 year old. In boys under 1 year prepuce retractibility (assessed only in children who did not undergo forced dilation previously) was type I (non retractile) in 71.5% whereas type V (completely retractile) was only 5.5%. In adolescent boys type I prepuce was observed in 1 boy only, 1.6%, whereas type V was observed in 82.3%. Furthermore, it was observed that at the time of examination for the study 106 boys who had undergone forced dilation at an earlier age had balano-prepucial adhesions again, which demonstrates that prepuce adheres again to glans penis in many boys after a forced dilation is performed. Only 11 boys were considered in need for circumcision, three of them for prepucial orifice stenosis, which prevented normal micturition, causing a prepucial sac, one case due to a constrictive ring below the prepucial edge that would have prevented ulterior retractability, two cases with repetitive balanopostitis, and five cases secondary to xerosol balanitis, accounting for 2.7% of all examined boys.\n\nQuestion: Should circumcision be performed in childhood?\n\nAnswer the question with yes, no, or maybe.\nAnswer:\n	no
Context: Medical records of 220 patients hospitalized for acute diverticulitis between June 1, 2002 and September 1, 2009 were reviewed. Acute diverticulitis was diagnosed by clinical criteria and characteristic CT findings. Fifteen patients were excluded either because of questionable CT or hematochezia. Mean age was 61.8±14.3 years (61% females). Clinical parameters, laboratory results, imaging, endoscopic and histopathological reports, and long-term patients' outcome were analyzed. One hundred patients (aged 61.8±13.3 y, 54.1% females), underwent an early (4 to 6 wk) colonoscopy after hospital discharge. There were no significant differences in patients' characteristics or survival between those with or without colonoscopy (4±1.9 vs. 4.2±2.1 y, P=0.62). No colonic malignancy was detected. However, in 32 patients (32%) at least 1 polyp was found. Only 1 was determined as an advanced adenoma. No new or different diagnosis was made after colonoscopy.\n\nQuestion: Does a colonoscopy after acute diverticulitis affect its management?\n\nAnswer the question with yes, no, or maybe.\nAnswer:\n	no
Context: The endogenous estradiol metabolite, 2-methoxyestradiol (2ME), has been shown to be a potent inhibitor of cell growth and a strong anti-angiogenic substance. We investigated for the first time whether in vitro combinations of 2ME with various chemotherapeutic compounds may result in an additive inhibitory effect on the proliferation of human ovary cancer cells. As a model two different human ovary cancer cell lines were used. All cell lines were incubated with equimolar concentrations of 2ME (0.8-25 microM) and the chemotherapeutics epirubicine, doxorubicine, paclitaxel, docetaxel, carboplatin, vinorelbine, 5-fluorouracil and mafosfamide. Proliferation was measured after four days using the ATP-chemosensitivity test. For both ovary cancer cell lines a significant additive effect of 2ME with epirubicine and carboplatin was observed at the lower concentration range of these chemotherapeutic substances.\n\nQuestion: Is the combination with 2-methoxyestradiol able to reduce the dosages of chemotherapeutices in the treatment of human ovarian cancer?\n\nAnswer the question with yes, no, or maybe.\nAnswer:\n	yes
Context: Reconstructing the natural joint line in knee revision surgery improves clinical and functional outcome but may be challenging when both cartilage and bone were removed during previous operations. Assessing joint lines (JLs) by means of bony landmarks is inadvisable because of large variations in human anatomy. Because of the inherent symmetry of the human body, we hypothesised that JLs may be directly assessed by measuring the distances from the bony landmarks to the JL of the contralateral knee by means of radiographic images. Using scaled weight-bearing radiographs in anteroposterior view of both knees, two independent observers measured the distances from the fibular head, the medial and lateral epicondyle, and the adductor tubercle to the JL. A two-sided p value of ≤0.05 was considered statistically significant. Two hundred knees of 100 patients (50 men and 50 women) were examined. For the fibular head, the mean difference between the treated and the control knee was 0.0 mm with narrow confidence limits ranging from -1.1 to 1.1.\n\nQuestion: Assessing joint line positions by means of the contralateral knee: a new approach for planning knee revision surgery?\n\nAnswer the question with yes, no, or maybe.\nAnswer:\n	yes
Context: Deaths from injury and poisoning (suicide, accidents, undetermined deaths, and homicide) are the major cause of death among young men aged 15-39 years in England and Wales and have been increasing in recent years.AIM: To describe common characteristics among young men who die from injury and poisoning. We employed a retrospective survey methodology to investigate factors associated with deaths by injury and poisoning among young men aged 15-39 years (n = 268) in Merseyside and Cheshire during 1995. Data were collected from Coroner's inquest notes and General Practitioner records. The most common cause of death was poisoning by alcohol and drugs (29.1%, n = 78). A high proportion of cases were unemployed (39.4%, n = 106). Cases were also more likely to be single compared to the general population (74.2% vs 55.5%). Self-destructive behaviour was evident in 77% of deaths (n = 206).\n\nQuestion: Injury and poisoning mortality among young men--are there any common factors amenable to prevention?\n\nAnswer the question with yes, no, or maybe.\nAnswer:\n	yes
Context: To determine the duration of continuing pregnancy after antenatal corticosteroid (AC) administration and to evaluate the potential opportunity for rescue AC. Retrospective analysis of women at 24-32 weeks' gestation who received AC at one institution. Six hundred ninety-two women received AC. Two hundred forty-seven (35.7%) delivered at>or = 34 weeks' gestation. Three hundred twenty-one (46.4%) delivered within 1 week of AC; 92 of those women (13.3%) delivered within 24 hours. Only 124 (17.9%) remained pregnant 1 week after AC and delivered at<34 weeks. The latter were compared to women delivering>2 week after AC but>or = 34 weeks. More likely to deliver at<34 weeks were those women who received AC for premature preterm rupture of membranes (OR 3.83, 95% CI 2.06-7.17), twins (OR 2.90, 95% CI 1.42-5.95) or before 28 weeks (OR 2.21, 95% CI 1.38-3.52).\n\nQuestion: Continuation of pregnancy after antenatal corticosteroid administration: opportunity for rescue?\n\nAnswer the question with yes, no, or maybe.\nAnswer:\n	maybe
Context: It is unclear whether traveling long distances to high-volume centers would compensate for travel burden among patients undergoing rectal cancer resection. The purpose of this study was to determine whether operative volume outweighs the advantages of being treated locally by comparing the outcomes of patients with rectal cancer treated at local, low-volume centers versus far, high-volume centers. This was a population-based study. The National Cancer Database was queried for patients with rectal cancer. Patients with stage II or III rectal cancer who underwent surgical resection between 2006 and 2012 were included. The outcomes of interest were margins, lymph node yield, receipt of neoadjuvant chemoradiation, adjuvant chemotherapy, readmission within 30 days, 30-day and 90-day mortality, and 5-year overall survival. A total of 18,605 patients met inclusion criteria; 2067 patients were in the long-distance/high-volume group and 1362 in the short-distance/low-volume group. The median travel distance was 62.6 miles for the long-distance/high-volume group and 2.3 miles for the short-distance/low-volume group. Patients who were younger, white, privately insured, and stage III were more likely to have traveled to a high-volume center. When controlled for patient factors, stage, and hospital factors, patients in the short-distance/low-volume group had lower odds of a lymph node yield ≥12 (OR = 0.51) and neoadjuvant chemoradiation (OR = 0.67) and higher 30-day (OR = 3.38) and 90-day mortality (OR = 2.07) compared with those in the long-distance/high-volume group. The short-distance/low-volume group had a 34% high risk of overall mortality at 5 years compared with the long-distance/high-volume group. We lacked data regarding patient and physician decision making and surgeon-specific factors.\n\nQuestion: Is the Distance Worth It?\n\nAnswer the question with yes, no, or maybe.\nAnswer:\n	yes
Context: Sulfasalazine is a widely used anti-inflammatory agent in the treatment of inflammatory bowel disease and several rheumatological disorders. Although as many as 20% of treated patients may experience reversible, dose-dependent side effects, less frequent but potentially severe, systemic reactions have also been reported. A severe systemic reaction to sulfasalazine developed in a 21-year old female with rheumatoid arthritis characterized by eosinophilia, granulomatous enteritis and myelotoxicity, cholestatic hepatitis, and seizures. The clinical course and management of this patient are presented as well as a review of the incidence and outcome of severe systemic reactions to sulfasalazine.\n\nQuestion: Is it Crohn's disease?\n\nAnswer the question with yes, no, or maybe.\nAnswer:\n	maybe
Context: To determine the practices and knowledge of harmful effects regarding use of Chaalia and Pan Masala in three schools of Mahmoodabad and Chanesar Goth, Jamshed Town, Karachi, Pakistan. To achieve the objective a cross-sectional design was used in three government schools of Mahmoodabad and Chanesar Goth, Jamshed Town, Karachi. Students of either gender drawn from these schools fulfilling the inclusion and exclusion criteria were interviewed using a pre-coded structured questionnaire. Along with demographic data, questions regarding frequency of Chaalia and Pan Masala use, practices of this habit in friends and family and place of procurement of these substances, were inquired. Knowledge was assessed about harmful effects and its source of information. In addition, practices in relation to that knowledge were assessed. A total of 370 students were interviewed over a period of six weeks, of which 205 (55.4%) were boys. The ages of the students were between 10 and 15 years. Thirty one percent of the fathers and 62% of the mothers were uneducated. The frequency of use of any brand of Chaalia was found to be 94% and that of Pan Masala was 73.8%. Eighty five percent of them were regular users. A large majority (88%) procured the substances themselves from near their homes. Ninety five percent of the children had friends with the same habits. Eighty four percent were using the substances in full knowledge of their families. Chaalia was considered harmful for health by 96% and Pan Masala by 60%. Good taste was cited as a reason for continuing the habit by 88.5% of the children and use by friends by 57%. Knowledge about established harmful effects was variable. Knowledge about harmful effects was high in both "daily" and "less than daily users".\n\nQuestion: Is Chaalia/Pan Masala harmful for health?\n\nAnswer the question with yes, no, or maybe.\nAnswer:\n	yes
Context: The technique of induced sputum has allowed to subdivide asthma patients into inflammatory phenotypes according to their level of granulocyte airway infiltration. There are very few studies which looked at detailed sputum and blood cell counts in a large cohort of asthmatics divided into inflammatory phenotypes. The purpose of this study was to analyze sputum cell counts, blood leukocytes and systemic inflammatory markers in these phenotypes, and investigate how those groups compared with healthy subjects. We conducted a retrospective cross-sectional study on 833 asthmatics recruited from the University Asthma Clinic of Liege and compared them with 194 healthy subjects. Asthmatics were classified into inflammatory phenotypes. The total non-squamous cell count per gram of sputum was greater in mixed granulocytic and neutrophilic phenotypes as compared to eosinophilic, paucigranulocytic asthma and healthy subjects (p < 0.005). Sputum eosinophils (in absolute values and percentages) were increased in all asthma phenotypes including paucigranulocytic asthma, compared to healthy subjects (p < 0.005). Eosinophilic asthma showed higher absolute sputum neutrophil and lymphocyte counts than healthy subjects (p < 0.005), while neutrophilic asthmatics had a particularly low number of sputum macrophages and epithelial cells. All asthma phenotypes showed an increased blood leukocyte count compared to healthy subjects (p < 0.005), with paucigranulocytic asthmatics having also increased absolute blood eosinophils compared to healthy subjects (p < 0.005). Neutrophilic asthma had raised CRP and fibrinogen while eosinophilic asthma only showed raised fibrinogen compared to healthy subjects (p < 0.005).\n\nQuestion: Detailed analysis of sputum and systemic inflammation in asthma phenotypes: are paucigranulocytic asthmatics really non-inflammatory?\n\nAnswer the question with yes, no, or maybe.\nAnswer:\n	maybe
Context: To assess the impact of the comprehensive HIV/STD Control Program established in Jamaica since the late 1980s on the HIV/AIDS epidemic. AIDS case reports, HIV testing of blood donors, antenatal clinic attenders (ANC), food service workers, sexually transmitted disease (STD) clinic attenders, female prostitutes, homosexuals and other groups were used to monitor the HIV/AIDS epidemic. Primary and secondary syphilis and cases of congenital syphilis were also monitored. National knowledge, attitude and practice (KAP) surveys were conducted in 1988, 1989, 1992, 1994 and 1996. The annual AIDS incidence rate in Jamaica increased only marginally in the past three years from 18.5 per 100000 population to 21.4 in 1997. HIV prevalence in the general population groups tested has been about 1% or less. Among those at high risk, HIV prevalence rates have risen to 6.3% (95% confidence interval 5.0-8.0) in STD clinic attenders, around 10% and 21% in female prostitutes in Kingston and Montego Bay respectively and approximately 30% among homosexuals. Syphilis rates and congenital syphilis cases have declined. The proportion of men aged 15-49 years reporting sex with a non-regular partner declined from 35% in 1994 to 26% in 1996 (P<0.001). Women ever having used condoms increased from 51% in 1988 to 62.5% in 1992 and 73% in 1994 and 1996 (P<0.001), while condom use with a non-regular partner increased from 37% in 1992 to 73% in 1996 (P= 0.006). Condom use among men was high over the period: around 81% had ever used condoms and 77% used them with non-regular partners. Gay men, inner-city adults and adolescents aged 12-14 years all reported increases in condom use while condom sales and distribution increased from around 2 million in 1985 to 10 million in 1995.\n\nQuestion: Is HIV/STD control in Jamaica making a difference?\n\nAnswer the question with yes, no, or maybe.\nAnswer:\n	yes
Context: Impaired fasting glucose (IFG) below the diagnostic threshold for diabetes mellitus (DM) is associated with macrovascular pathology and increased mortality after percutaneous coronary interventions. The study goal was to determine whether pre-operative fasting blood glucose (fB-glu) is associated with an increased mortality after coronary artery bypass grafting (CABG). During 2001-03, 1895 patients underwent primary CABG [clinical DM (CDM) in 440/1895; complete data on fB-glu for n=1375/1455]. Using pre-operative fB-glu, non-diabetics were categorized as having normal fB-glu (<5.6 mmol/L), IFG (5.6<or =fB-glu<6.1 mmol/L), or suspected DM (SDM) (>or =6.1 mmol/L). fB-glu was normal in 59%. The relative risks of 30 day and 1 year mortality compared with patients with normal fB-glu was 1.7 [95% confidence interval (CI): 0.5-5.5] and 2.9 (CI: 0.8-11.2) with IFG, 2.8 (CI: 1.1-7.2) and 1.9 (CI: 0.5-6.3) with SDM vs. 1.8 (CI: 0.8-4.0) and 1.6 (CI: 0.6-4.3) if CDM, respectively. The receiver operator characteristic area for the continuous variable fB-glu and 1 year mortality was 0.65 (P=0.002).\n\nQuestion: Are even impaired fasting blood glucose levels preoperatively associated with increased mortality after CABG surgery?\n\nAnswer the question with yes, no, or maybe.\nAnswer:\n	yes
Context: The influence of positron emission tomography in the management of recurrent rectal cancer is well established but its role in primary rectal cancer remains uncertain. This study therefore prospectively assesses the impact of position emission tomography scanning on the management of primary rectal cancer. Forty-six patients with advanced primary rectal cancer referred for consideration of adjuvant preoperative therapy underwent position emission tomography scanning. The referring physicians prospectively recorded each patient's stage following conventional imaging and the proposed treatment plan prior to position emission tomography scanning. This was then compared with subsequent stage and actual management implemented, and the appropriateness of position emission tomography-induced changes was noted by subsequent clinical follow-up. The surgical management of 36 of 46 patients (78 percent) was unchanged as a result of position emission tomography, even though position emission tomography upstaged disease in 3 of 36 cases (8 percent) and downstaged disease in 5 of 36 cases (14 percent). In 8 of 46 cases (17 percent), management was altered because of the position emission tomography scan findings, including 6 cases (13 percent) in which surgery was cancelled and 2 other cases (4 percent) in which the radiotherapy field was changed. Where available, follow-up confirmed the appropriateness of position emission tomography-induced management change in each case. Two patients had a change in therapy independent of the position emission tomography scan due to clinical circumstances. Overall tumor stage was changed following position emission tomography in 18 of 46 patients (39 percent).\n\nQuestion: Does positron emission tomography change management in primary rectal cancer?\n\nAnswer the question with yes, no, or maybe.\nAnswer:\n	yes
Context: One of the problems with manual resuscitators is the difficulty in achieving accurate volume delivery. The volume delivered to the patient varies by the physical characteristics of the person and method. This study was designed to compare tidal volumes delivered by the squeezing method, physical characteristics and education and practice levels. 114 individuals trained in basic life support and bag-valve-mask ventilation participated in this study. Individual characteristics were obtained by the observer and the education and practice level were described by the subjects. Ventilation was delivered with a manual resuscitator connected to a microspirometer and volumes were measured. Subjects completed three procedures: one-handed, two-handed and two-handed half-compression. The mean (standard deviation) volumes for the one-handed method were 592.84 ml (SD 117.39), two-handed 644.24 ml (SD 144.7) and two-handed half-compression 458.31 ml (SD 120.91) (p<0.01). Tidal volume delivered by two hands was significantly greater than that delivered by one hand (r = 0.398, p<0.01). The physical aspects including hand size, volume and grip power had no correlation with the volume delivered. There were slight increases in tidal volume with education and practice, but correlation was weak (r = 0.213, r = 0.281, r = 0.131, p<0.01).\n\nQuestion: Can you deliver accurate tidal volume by manual resuscitator?\n\nAnswer the question with yes, no, or maybe.\nAnswer:\n	no
Context: To explain China's cigarette pricing mechanism and the role of the Chinese State Tobacco Monopoly Administration (STMA) on cigarette pricing and taxation. Published government tobacco tax documentation and statistics published by the Chinese STMA are used to analyse the interrelations among industry profits, taxes and retail price of cigarettes in China. The 2009 excise tax increase on cigarettes in China has not translated into higher retail prices because the Chinese STMA used its policy authority to ensure that retail cigarette prices did not change. The government tax increase is being collected at both the producer and wholesale levels. As a result, the 2009 excise tax increase in China has resulted in higher tax revenue for the government and lower profits for the tobacco industry, with no increase in the retail price of cigarettes for consumers.\n\nQuestion: Can increases in the cigarette tax rate be linked to cigarette retail prices?\n\nAnswer the question with yes, no, or maybe.\nAnswer:\n	no
Context: We observed an endoscopic abnormally in a group of children with histological esophagitis. We termed this finding "vertical lines in esophageal mucosa" (VLEM). We examined the relationship between the presence of VLEM and significant histologic changes in esophageal mucosal biopsies. Between January 1, 1992, and August 31, 1994, the senior author (JFF) performed 255 esophageal biopsies. The procedure reports, available endoscopic photographs, and histology reports were reviewed to establish the endoscopic and histologic appearance of the esophageal mucosa. Intraepithelial cells were counted in a blind review of 42 randomly selected biopsies. The esophageal mucosa had a normal appearance on 160 endoscopic studies (Group 1) and VLEM were the only mucosal abnormalities in 41 endoscopies (Group 2). Histology was normal in 92 of 160 biopsies (57.5%) from Group 1, and 1 of 41 biopsies (2.4%) from Group 2. Most patients in Group 2 had eosinophilic esophagitis (34 of 41, 83%, specificity 0.85, sensitivity 0.5, p>0.001) which was of moderate to severe intensity (31 of 34, 91.2%, specificity 0.88, sensitivity 0.73, p<0.001).\n\nQuestion: Vertical lines in distal esophageal mucosa (VLEM): a true endoscopic manifestation of esophagitis in children?\n\nAnswer the question with yes, no, or maybe.\nAnswer:\n	yes
Context: The correlation between radiographic transition zone on contrast enema in Hirschsprung's disease and the total length of aganglionosis is known to be inaccurate. The aim of our study was to analyse this correlation more precisely to improve preoperative planning of the corrective surgery. From 1998 to 2009, 79 patients were operated on for Hirschsprung's disease. All available preoperative contrast enemas (n = 61) had been single blind reviewed by the same radiologist who defined the radiographic transition zone when present in vertebral level. Four groups were determined (rectal, rectosigmoid, long segment, and absence of transition zone) and by Kappa coefficient of agreement correlated to the length of aganglionosis in the pathological report. Radiological findings were concordant with the specimen in pathology in 8 cases of 19 in rectal form (42 %), in 20 cases of 35 in rectosigmoid form (57 %), in all 6 cases of long-segment form (100 %), in the 2 cases of total colonic form (100 %) with a global agreement of 58.1 %, κ = 0.39 CI [0.24; 0.57].\n\nQuestion: Does the radiographic transition zone correlate with the level of aganglionosis on the specimen in Hirschsprung's disease?\n\nAnswer the question with yes, no, or maybe.\nAnswer:\n	no
Context: A short course of systemic corticosteroids is an important therapy in the treatment of pediatric asthma exacerbations. Although a 5-day course of oral prednisone or prednisolone has become the most commonly used regimen, dexamethasone has also been used for a shorter duration (1-2 days) with potential for improvement in compliance and palatability. We reviewed the literature to determine if there is sufficient evidence that dexamethasone can be used as an effective alternative in the treatment of pediatric asthma exacerbations in the inpatient setting. A Medline search was conducted on the use of dexamethasone in the treatment of asthma exacerbations in children. The studies selected were clinical trials comparing the efficacy of dexamethasone with prednisone. Meta-analysis was performed examining physician revisitation rates and symptomatic return to baseline. Six completed pediatric clinical trials met the inclusion criteria. All of the pediatric trials found that prednisone is not superior to dexamethasone in treating mild to moderate asthma exacerbations. Meta-analysis demonstrated homogeneity between the dexamethasone and prednisone groups when examining symptomatic return to baseline and unplanned physician revisits after the initial emergency department encounter. Some studies found potential additional benefits of dexamethasone, including improved compliance and less vomiting.\n\nQuestion: Is dexamethasone an effective alternative to oral prednisone in the treatment of pediatric asthma exacerbations?\n\nAnswer the question with yes, no, or maybe.\nAnswer:\n	yes
Context: To explore whether electrochemiluminescence (ECL) assays can help improve prediction of time to type 1 diabetes in the TrialNet autoantibody-positive population. TrialNet subjects who were positive for one or more autoantibodies (microinsulin autoantibody, GAD65 autoantibody [GADA], IA-2A, and ZnT8A) with available ECL-insulin autoantibody (IAA) and ECL-GADA data at their initial visit were analyzed; after a median follow-up of 24 months, 177 of these 1,287 subjects developed diabetes. Univariate analyses showed that autoantibodies by radioimmunoassays (RIAs), ECL-IAA, ECL-GADA, age, sex, number of positive autoantibodies, presence of HLA DR3/4-DQ8 genotype, HbA1c, and oral glucose tolerance test (OGTT) measurements were all significantly associated with progression to diabetes. Subjects who were ECL positive had a risk of progression to diabetes within 6 years of 58% compared with 5% for the ECL-negative subjects (P<0.0001). Multivariate Cox proportional hazards models were compared, with the base model including age, sex, OGTT measurements, and number of positive autoantibodies by RIAs. The model with positivity for ECL-GADA and/or ECL-IAA was the best, and factors that remained significantly associated with time to diabetes were area under the curve (AUC) C-peptide, fasting C-peptide, AUC glucose, number of positive autoantibodies by RIAs, and ECL positivity. Adding ECL to the Diabetes Prevention Trial risk score (DPTRS) improved the receiver operating characteristic curves with AUC of 0.83 (P<0.0001).\n\nQuestion: Do Electrochemiluminescence Assays Improve Prediction of Time to Type 1 Diabetes in Autoantibody-Positive TrialNet Subjects?\n\nAnswer the question with yes, no, or maybe.\nAnswer:\n	yes
Context: To analyze, retrospectively, the patterns and behavior of metastatic lesions in prostate cancer patients treated with external beam radiotherapy and to investigate whether patients with<or =5 lesions had an improved outcome relative to patients with>5 lesions. The treatment and outcome of 369 eligible patients with Stage T1-T3aN0-NXM0 prostate cancer were analyzed during a minimal 10-year follow-up period. All patients were treated with curative intent to a mean dose of 65 Gy. The full history of any metastatic disease was documented for each subject, including the initial site of involvement, any progression over time, and patient survival. The overall survival rate for the 369 patients was 75% at 5 years and 45% at 10 years. The overall survival rate of patients who never developed metastases was 90% and 81% at 5 and 10 years, respectively. However, among the 74 patients (20%) who developed metastases, the survival rate at both 5 and 10 years was significantly reduced (p<0.0001). The overall survival rate for patients who developed bone metastases was 58% and 27% at 5 and 10 years, respectively, and patients with bone metastases to the pelvis fared worse compared with those with vertebral metastases. With regard to the metastatic number, patients with<or =5 metastatic lesions had superior survival rates relative to those with>5 lesions (73% and 36% at 5 and 10 years vs. 45% and 18% at 5 and 10 years, respectively; p = 0.02). In addition, both the metastasis-free survival rate and the interval measured from the date of the initial diagnosis of prostate cancer to the development of bone metastasis were statistically superior for patients with<or =5 lesions compared with patients with>5 lesions (p = 0.01 and 0.02, respectively). However, the survival rate and the interval from the date of diagnosis of bone metastasis to the time of death for patients in both groups were not significantly different, statistically (p = 0.17 and 0.27, respectively).\n\nQuestion: Is there a favorable subset of patients with prostate cancer who develop oligometastases?\n\nAnswer the question with yes, no, or maybe.\nAnswer:\n	yes
Context: The purpose of this paper is to evaluate the efficacy of ultrasonographic screening for primary hepatocellular carcinoma. A total of 680 eligible cases were classified into three groups (surveillance, opportunistic, and symptomatic groups) according to their initial exposure. We used survival time, tumor morphology, and T staging as prognostic outcomes. The outcomes of screened/unscreened and sur veillance/nonsur veillance were compared with the use of the logistic regression model. The adjusted odds ratios for the screened group versus the unscreened group, with 1-, 2-, and 3-year survival time being used as outcomes, were 0.33 (95% confidence interval [CI], 0.21-0.52), 0.33 (95% CI, 0.21-0.53), and 0.37 (95% CI, 0.23-0.61), respectively. The adjusted odds ratios for surveillance versus nonsurveillance were 0.58 (95% CI, 0.35-0.97), 0.45 (95% CI, 0.27-0.74), and 0.44 (95% CI, 0.26-0.73). The odds ratios were even smaller when tumor morphology or T stage was taken as the main outcome. All these results were statistically significant. There were significant gradient relationships between prognostic outcomes and extent of screening history.\n\nQuestion: Does screening or surveillance for primary hepatocellular carcinoma with ultrasonography improve the prognosis of patients?\n\nAnswer the question with yes, no, or maybe.\nAnswer:\n	yes
Context: Breast cancer is the most common malignancy afflicting women, and the most common cancer overall in Jordan. A woman's decision to go for screening is influenced by her social support network. This study aims to explore Jordanian men's individual and contextual perspectives on women's breast cancer and their own role in the breast health of the females within their families. An explorative qualitative design was used to purposively recruit 24 married men aged 27 to 65 years (median 43 years) from four governorates in Jordan. Data in the form of interviews transcriptions was subjected to qualitative content analysis. Three themes were identified: a) Supporting one's wife; b) Marital needs and obligations; c) Constrained by a culture of destiny and shame. The first theme was built on men's feelings of responsibility for the family's health and well-being, their experiences of encouraging their wives to seek health care and their providing counselling and instrumental support. The second theme emerged from men's views about other men's rejection of a wife inflicted by breast cancer, their own perceptions of diminished femininity due to mastectomy and their own concerns about protecting the family from the hereditary risk of breast cancer. The third theme was seen in men's perception of breast cancer as an inevitable act of God that is far away from one's own family, in associating breast cancer with improper behaviour and in their readiness to face the culture of Eib (shame).\n\nQuestion: "Would a man smell a rose then throw it away?\n\nAnswer the question with yes, no, or maybe.\nAnswer:\n	maybe
Context: Longer duration of neoadjuvant (NA) imatinib (IM) used for locally advanced (LA) gastrointestinal stromal tumours (GIST) is not based on biology of the tumour reflected by kit mutation analysis. LA or locally recurrent (LR) GIST treated with NA IM from May 2008 to March 2015 from a prospective database were included in the analysis. Archived formalin-fixed paraffin-embedded tissues (FFPE) were used for testing KIT exons 9, 11, 13 and 17 by PCR. One hundred twenty-five patients with LA or LR GIST were treated with NA IM. Forty-five patients (36 %) had undergone c-kit mutation testing. Exon 11 was seen in 25 patients (55.5 %), 3 with exon 9 (6.7 %) and 2 with exon 13 (4.4 %). Twelve were wild type (26.6 %) and  3 (6.7 %) were declared uninterpretable. Response rate (RR) for the exon 11 mutants was higher than the non-exon 11 mutant group (84 vs. 40 %, p = 0.01). Disease stabilization rate (DSR) rates were also higher in the exon 11 subgroup than non-exon 11 group (92 vs. 75 %). Eighty-four per cent exon 11 and 75 % non-exon 11 mutants were surgical candidates. Patients undergoing surgery had significantly improved event free survival (EFS) (p < 0.001) compared to patients not undergoing surgery, with the same trend seen in OS (p = 0.021). Patients with a SD on response to NA IM had a lower EFS (p = 0.076) and OS compared to patients achieving CR/PR. There were no differences between the various exon variants in terms of outcomes and responses\n\nQuestion: Neoadjuvant Imatinib in Locally Advanced Gastrointestinal stromal Tumours, Will Kit Mutation Analysis Be a Pathfinder?\n\nAnswer the question with yes, no, or maybe.\nAnswer:\n	yes
Context: Epidemiologic studies have suggested that hypertriglyceridemia and insulin resistance are related to the development of colon cancer. Nuclear peroxisome proliferator-activated receptors (PPAR), which play a central role in lipid and glucose metabolism, had been hypothesized as being involved in colon cancerogenesis. In animal studies the lipid-lowering PPAR ligand bezafibrate suppressed colonic tumors. However, the effect of bezafibrate on colon cancer development in humans is unknown. Therefore, we proposed to investigate a possible preventive effect of bezafibrate on the development of colon cancer in patients with coronary artery disease during a 6-year follow-up. Our population included 3011 patients without any cancer diagnosis who were enrolled in the randomized, double blind Bezafibrate Infarction Prevention (BIP) Study. The patients received either 400 mg of bezafibrate retard (1506 patients) or placebo (1505 patients) once a day. Cancer incidence data were obtained by matching a subject's identification numbers with the National Cancer Registry. Each matched record was checked for correct identification. Development of new cancer (all types) was recorded in 177 patients: in 79 (5.25%) patients from the bezafibrate group vs. 98 (6.51%) from the placebo group. Development of colon cancer was recorded in 25 patients: in 8 (0.53%) patients from the bezafibrate group vs. 17 (1.13%) from the placebo group, (Fisher's exact test: one side p = 0.05; two side p = 0.07). A difference in the incidence of cancer was only detectable after a 4 year lag and progressively increased with continued follow-up. On multivariable analysis the colon cancer risk in patients who received bezafibrate tended to be lower with a hazard ratio of 0.47 and 95% confidence interval 0.2-1.1.\n\nQuestion: Does the lipid-lowering peroxisome proliferator-activated receptors ligand bezafibrate prevent colon cancer in patients with coronary artery disease?\n\nAnswer the question with yes, no, or maybe.\nAnswer:\n	yes
Context: Although there is evidence for the influential role of transformational leadership on health outcomes, researchers have used either attitude outcomes (e.g. job satisfaction) or softer health measures, such as general well-being. Specific measures of well-being such as sleep quality have not been used, despite its association with working conditions. A longitudinal design was used to collect data from Danish healthcare workers at time 1 in 2005 (n = 447) and 18 months later at time 2 in 2007 (n = 274). Structural equation modelling was used to investigate the relationships between transformational leadership, self-efficacy and sleep quality at both time points independently (cross-sectionally) and longitudinally. For all constructs, time 2 measures were influenced by the baseline level. Direct relationships between transformational leadership and sleep quality were found. This relationship was negative cross-sectionally at both time points, but positive between baseline and follow-up. The relationship between leadership and employees' sleep quality was not mediated by employees' self-efficacy.\n\nQuestion: Does self-efficacy mediate the relationship between transformational leadership behaviours and healthcare workers' sleep quality?\n\nAnswer the question with yes, no, or maybe.\nAnswer:\n	maybe
Context: Microbial contamination can be a marker for faulty process and is assumed to play an important role in the collection of hematopoietic progenitor cell (HPC) and infusion procedure. We aimed to determine the microbial contamination rates and evaluate the success of hematopoietic cell transplantation (HCT) in patients who received contaminated products.PATIENTS- We analyzed microbial contamination records of HPC grafts between 2012 and 2015, retrospectively. Contamination rates of autologous donors were evaluated for at three steps: at the end of mobilization, following processing with dimethyl sulfoxide, and just before stem cell infusion. Grafts of allogeneic donors were assessed only before HCT. A total of 445 mobilization procedures were carried out on 333 (167 autologous and 166 allogeneic) donors. The microbiological contamination of peripheral blood (323/333 donations) and bone marrow (10/333 donations) products were analyzed. Bacterial contamination was detected in 18 of 1552 (1.15 %) culture bottles of 333 donors. During the study period 248 patients underwent HCT and among these patients microbial contamination rate on sample basis was 1.3 % (16/1212). Microbial contamination detected in nine patients (7 autologous; 2 allogeneic). In 8 of 9 patients, a febrile neutropenic attack was observed. The median day for the neutropenic fever was 4 days (0-9). None of the patients died within the post-transplant 30 days who received contaminated products.\n\nQuestion: Does microbial contamination influence the success of the hematopoietic cell transplantation outcomes?\n\nAnswer the question with yes, no, or maybe.\nAnswer:\n	maybe
Context: From 2000 to 2007, 344 patients underwent pancreatoduodenectomy for PA. Fifty-three patients (elevated group) had preoperatively elevated serum CA 19-9 levels (>400 IU/ml) after resolution of obstructive jaundice. Of these, 27 patients had high levels (400-899 IU/ml (HL)) and 26 patients had very high levels>or=900 IU/ml (VHL). Fifty patients with normal preoperative serum CA 19-9 levels (<37 IU/ml) comprised the control group. Median survival of the control group (n = 50) versus elevated group (n = 53) was 22 versus 15 months (p = 0.02) and overall 3-year survival was 32% versus 14% (p = 0.03). There was no statistical difference in the median and 3-year overall survival between patients with HL and VHL. Patients in the elevated group who normalized their CA 19-9 levels after surgery (n = 11) had a survival equivalent to patients in the control group.\n\nQuestion: Very high serum CA 19-9 levels: a contraindication to pancreaticoduodenectomy?\n\nAnswer the question with yes, no, or maybe.\nAnswer:\n	no
Context: Demonstrate that the rabbit may be used in the training of surgery, in addition to present its perioperative care. Thirty two animals, with age and weight, respectively, from 3 to 5.5 months old and 3000 to 4200 grams, were undergone different periods of pre-operative fasting, exclusive intramuscular anesthesia (ketamine+xylazine), laparotomy with total gastrectomy and total splenectomy. It was dosed the pre-operative (initial) and post-surgical (end) serum blood glucose, in addition to quantify the gastric content after the resection of the part. The anesthetical-surgical procedure presented a mortality rate of 3.125% (1:32) and a morbidity rate of 6.25% (2:32). It was evidenced an initial mean blood glucose = 199.4 mg/dl and the end = 326.1 mg/dl. In spite of extended fasting (minimum of 2 hours for the absolute fasting and maximum of 8.5 hours for liquids, and 20.5 hours for solids) all animals presented at the end of the surgical procedure any gastric content and a blood glucose increase. Those with fasting for liquids and solids when compared to the quantity of solid gastric content, presented a moderate negative degree of correlation.\n\nQuestion: Perioperative care in an animal model for training in abdominal surgery: is it necessary a preoperative fasting?\n\nAnswer the question with yes, no, or maybe.\nAnswer:\n	no
Context: Angiotensin-converting enzyme inhibitors (ACE-I) are considered safe, but they are associated with characteristic side effects, namely cough and angioedema, usually requiring discontinuation. We perceived that referrals for these side effects have become more and more frequent; therefore, we evaluated the degree of knowledge on the safety of ACE-I in different medical categories. A questionnaire (13 questions) on side effects of ACE-I was posted to physicians. Everyday clinical practice. Cardiologists, allergists, and general practitioners (GPs) from the National Healthcare System. Three hundred twelve physicians were contacted, and 154 returned questionnaires that could be analyzed. Of the 154 physicians (mean age, 45 years) 48 were cardiologists, 52 were GPs, and 54 were allergists. The percentage of correct answers was low: 31.9% for cardiologists, 40% for GPs, and 33% for allergists. Thus, GPs provided a significantly higher percentage of correct answers with respect to the remaining categories (p = 0.05). The lower rate of correct answers (0 to 15.9%) concerned the time of onset of cough and the action to take. Cardiologists seemed to be less aware of the fact that angiotensin receptor blockers (sartans) can cross-react with ACE-I.\n\nQuestion: Are physicians aware of the side effects of angiotensin-converting enzyme inhibitors?\n\nAnswer the question with yes, no, or maybe.\nAnswer:\n	no
Context: Recent suicide bombings pose the novel problem for Trauma Centers of the massive simultaneous arrival of many gravely wounded patients. We report the experience of the French-German Military Trauma Group, a Level 2 Trauma Center, in Afghanistan during the wave of suicide bombings in February 2007. Fourteen casualties were received. A first triage was carried out by the U S Army Level I group prior to evacuation. A second surgical triage was carried out with systematic ultrasound exam. Four cases (ISS>25) were re-categorized and underwent emergency surgical procedures.\n\nQuestion: The Main Gate Syndrome: a new format in mass-casualty victim "surge" management?\n\nAnswer the question with yes, no, or maybe.\nAnswer:\n	yes
Context: Effective musical communication requires conveyance of the intended message in a manner perceptible to the receiver. Communication disorders that impair transmitting or decoding of structural features of music (e.g., pitch, timbre) and/or symbolic representation may result in atypical musical communication, which can have a negative impact on music therapy interventions. This study compared recognition of symbolic representation of emotions or movements in music by two groups of children with different communicative characteristics: severe to profound hearing loss (using cochlear implants [CI]) and autism spectrum disorder (ASD). Their responses were compared to those of children with typical-development and normal hearing (TD-NH). Accuracy was examined as a function of communicative status, emotional or movement category, and individual characteristics. Participants listened to recorded musical excerpts conveying emotions or movements and matched them with labels. Measures relevant to auditory and/or language function were also gathered. There was no significant difference between the ASD and TD-NH groups in identification of musical emotions or movements. However, the CI group was significantly less accurate than the other two groups in identification of both emotions and movements. Mixed effects logistic regression revealed different patterns of accuracy for specific emotions as a function of group.\n\nQuestion: Do communication disorders extend to musical messages?\n\nAnswer the question with yes, no, or maybe.\nAnswer:\n	yes
Context: DNA was collected for genotyping from 73 term newborns suffering from TTN and 55 healthy controls from a Caucasian cohort. TTN infants were more likely to be male (70% vs. 49%; p<0.05), had a lower mean birthweight (3120 +/- 450 vs. 3396 +/- 504 g; p<0.001) and gestational age (GA) (38.4 +/- 1.2 vs. 39.4 +/- 1.3 weeks; p<0.001) and were more often delivered by caesarean section (CS) (71% vs. 26%; p<0.001). The beta1Ser49Gly polymorphism differed significantly between cases and controls. Multivariate analysis provided beta1Gly49 homozygotes with higher risk for TTN (OR 18.5; 95%CI 1.5-229; p = 0.023) than beta1Ser49 allele carrier. Further analysis showed significant association of T-47C, A46G, C79G and C491T (TACC) haplotype in ADRB2 gene with TTN (p = 0.048).\n\nQuestion: Transient tachypnea of the newborn (TTN): a role for polymorphisms in the beta-adrenergic receptor (ADRB) encoding genes?\n\nAnswer the question with yes, no, or maybe.\nAnswer:\n	yes
Context: There is increasing pressure on mental health providers to reduce the duration of treatments, while retaining level of quality and effectiveness. The risk is that the population is underserved and therefore needs new treatment episodes. The primary aim of this study was to investigate whether duration of treatment and return into mental health care were related. This study examined Dutch patients with an initial treatment episode in 2009 or 2010 in specialized mental health settings for depressive disorder (N = 85,754). Follow-up data about treatment episodes were available up until 2013. The data set included demographic (age, gender), and clinical factors (comorbidity with other DSM-IV Axis; scores on the 'Global Assessment of Functioning'). Cox regression analyses were used to assess whether duration of treatment and relapse into mental health care were related. The majority of patients did not return into mental health care (86 %). Patients with a shorter duration of treatment (5-250 min; 251-500 min and 751-1000 min) were slightly more likely to return (reference group:>1000 min) (HR 1.19 95 % CI 1.13-1.26; HR 1.11 95 % CI 1.06-1.17; HR 1.18 95 % CI 1.11-1.25), adjusted for demographic and clinical variables.\n\nQuestion: Is duration of psychological treatment for depression related to return into treatment?\n\nAnswer the question with yes, no, or maybe.\nAnswer:\n	yes
Context: A prospective randomized clinical study. To determine whether shaving the incision site before spinal surgery causes postsurgical infection. Spine surgeons usually shave the skin of the incision site immediately before surgery is performed. However, evidence from some surgical series suggests that presurgical shaving may increase the postsurgical infection rate. To our knowledge, no previously published studies have addressed this issue. A total of 789 patients scheduled to undergo spinal surgery were randomly allocated into 2 groups: those in whom the site of operation was shaved immediately before surgery (shaved group; 371 patients) and the patients in whom presurgical shaving was not performed (unshaved group; 418 patients). The mean duration of anesthesia and the infection rates in both groups were recorded and compared. The duration of anesthesia did not differ in the 2 groups (P>0.05). A postoperative infection developed in 4 patients in the shaved group and in 1 patient in the nonshaved group (P<0.01).\n\nQuestion: Does shaving the incision site increase the infection rate after spinal surgery?\n\nAnswer the question with yes, no, or maybe.\nAnswer:\n	maybe
Context: The rate of aortic aneurysm rupture correlates with the aneurysm's diameter, and a higher rate of rupture is observed in patients with larger aneurysms. According to the literature, contradictory results concerning the relationship between atmospheric pressure and aneurysm size have been reported.AIM: In this paper, we assessed the influence of changes in atmospheric pressure on abdominal aneurysm ruptures in relationship to the aneurysm's size. The records of 223 patients with ruptured abdominal aneurysms were evaluated. All of the patients had been admitted to the department in the period 1997-2007 from the Silesia region. The atmospheric pressures on the day of the rupture and on the days both before the rupture and between the rupture events were compared. The size of the aneurysm was also considered in the analysis. There were no statistically significant differences in pressure between the days of rupture and the remainder of the days within an analysed period. The highest frequency of the admission of patients with a ruptured aortic aneurysm was observed during periods of winter and spring, when the highest mean values of atmospheric pressure were observed; however, this observation was not statistically confirmed. A statistically non-significant trend towards the higher rupture of large aneurysms (>7 cm) was observed in the cases where the pressure increased between the day before the rupture and the day of the rupture. This trend was particularly pronounced in patients suffering from hypertension (p = 0.1).\n\nQuestion: The influence of atmospheric pressure on aortic aneurysm rupture--is the diameter of the aneurysm important?\n\nAnswer the question with yes, no, or maybe.\nAnswer:\n	maybe
Context: To determine under what conditions lay people and health professionals find it acceptable for a physician to breach confidentiality to protect the wife of a patient with a sexually transmitted disease (STD). In a study in France, breaching confidentiality in 48 scenarios were accepted by 144 lay people, 10 psychologists and 7 physicians. The scenarios were all possible combinations of five factors: severity of the disease (severe, lethal); time taken to discuss this with (little time, much time); intent to inform the spouse about the disease (none, one of these days, immediately); intent to adopt protective behaviours (no intent, intent); and decision to consult an expert in STDs (yes, no), 2 x 2 x 3 x 2 x 2. The importance and interactions of each factor were determined, at the group level, by performing analyses of variance and constructing graphs. The concept of breaching confidentiality to protect a wife from her husband's STD was favoured much more by lay people and psychologists than by physicians (mean ratings 11.76, 9.28 and 2.90, respectively, on a scale of 0-22). The patient's stated intentions to protect his wife and to inform her of the disease had the greatest impact on acceptability. A cluster analysis showed groups of lay participants who found breaching confidentiality "always acceptable" (n = 14), "depending on the many circumstances" (n = 87), requiring "consultation with an expert" (n = 30) and "never acceptable (n = 13)".\n\nQuestion: Do French lay people and health professionals find it acceptable to breach confidentiality to protect a patient's wife from a sexually transmitted disease?\n\nAnswer the question with yes, no, or maybe.\nAnswer:\n	maybe
Context: Although record linkage of routinely collected health datasets is a valuable research resource, most datasets are established for administrative purposes and not for health outcomes research. In order for meaningful results to be extrapolated to specific populations, the limitations of the data and linkage methodology need to be investigated and clarified. It is the objective of this study to investigate the differences in ascertainment which may arise between a hospital admission dataset and a dispensing claims dataset, using major depression in pregnancy as an example. The safe use of antidepressants in pregnancy is an ongoing issue for clinicians with around 10% of pregnant women suffer from depression. As the birth admission will be the first admission to hospital during their pregnancy for most women, their use of antidepressants, or their depressive condition, may not be revealed to the attending hospital clinicians. This may result in adverse outcomes for the mother and infant. Population-based de-identified data were provided from the Western Australian Data Linkage System linking the administrative health records of women with a delivery to related records from the Midwives' Notification System, the Hospital Morbidity Data System and the national Pharmaceutical Benefits Scheme dataset. The women with depression during their pregnancy were ascertained in two ways: women with dispensing records relating to dispensed antidepressant medicines with an WHO ATC code to the 3rd level, pharmacological subgroup, 'N06A Antidepressants'; and, women with any hospital admission during pregnancy, including the birth admission, if a comorbidity was recorded relating to depression. From 2002 to 2005, there were 96698 births in WA. At least one antidepressant was dispensed to 4485 (4.6%) pregnant women. There were 3010 (3.1%) women with a comorbidity related to depression recorded on their delivery admission, or other admission to hospital during pregnancy. There were a total of 7495 pregnancies identified by either set of records. Using data linkage, we determined that these records represented 6596 individual pregnancies. Only 899 pregnancies were found in both groups (13.6% of all cases). 80% of women dispensed an antidepressant did not have depression recorded as a comorbidity on their hospital records. A simple capture-recapture calculation suggests the prevalence of depression in this population of pregnant women to be around 16%.\n\nQuestion: Are women with major depression in pregnancy identifiable in population health data?\n\nAnswer the question with yes, no, or maybe.\nAnswer:\n	no
Context: Combining various antiretroviral agents into one single dosage form has been a strategy to reduce pill burden and enhance medication adherence among human immunodeficiency virus /AIDS (HIV/AIDS) patients. This is a cost-utility study from a health care system's perspective comparing coformulated fixed dose (FXD) strategy versus multiple free dose combination (FRC) in antiretroviral therapy. The Medical Expenditure Panel Survey (MEPS) was used to identify HIV/AIDS patients with ≥2 active antiretroviral medications. Patients on FXD were matched in 1:1 ratio with the FRC group using propensity scores. All medical costs excluding those paid by patients and families were included. Utility was measured using SF-6D scores from the SF-12 questionnaire. Incremental cost-utility ratios (ICURs) were calculated using the mean annual estimates. A cost-effectiveness acceptability curve was determined using a Monte Carlo probabilistic simulation technique. Nine FXD antiretroviral formulations approved by the U.S. Food and Drug Administration by 2005 was included in this study. One hundred seventy HIV/AIDS patients with ≥2 antiretroviral agents were identified from the MEPS database, of which 53% (n=92) were on FXD formulation. On matching, 70 patients from FXD had a match from the FRC group. No differences in sociodemographic and health status variables were observed between the matched groups. The mean annual cost was $15,766.15 for FXD patients and $11,875.21 for FRC patients. The mean utility gained by using FXD over FRC was 0.085; however, this difference was not statistically significant. The ICUR for the FXD treatment over FRC treatment was $45,540.49/quality-adjusted life years (QALYs). Probabilistic sensitivity analysis showed FXD to dominate FRC (>50% probability of being cost-effective) above the $40,000 threshold.\n\nQuestion: Does combining antiretroviral agents in a single dosage form enhance quality of life of HIV/AIDS patients?\n\nAnswer the question with yes, no, or maybe.\nAnswer:\n	no
Context: It is uncertain whether the inverse equity hypothesis-the idea that new health interventions are initially primarily accessed by the rich, but that inequalities narrow with diffusion to the poor-holds true for cancer screening in low and middle income countries (LMICs).This study examines the relationship between overall coverage and economic inequalities in coverage of cancer screening in four middle-income countries. Secondary analyses of cross-sectional data from the WHO study on Global Ageing and Adult Health in China, Mexico, Russia and South Africa (2007-2010). Three regression-based methods were used to measure economic inequalities: (1) Adjusted OR; (2) Relative Index of Inequality (RII); and (3) Slope Index of Inequality. Coverage for breast cancer screening was 10.5% in South Africa, 19.3% in China, 33.8% in Russia and 43% in Mexico, and coverage for cervical cancer screening was 24% in South Africa, 27.2% in China, 63.7% in Mexico and 81.5% in Russia. Economic inequalities in screening participation were substantially lower or non-existent in countries with higher aggregate coverage, for both breast cancer screening (RII: 14.57 in South Africa, 4.90 in China, 2.01 in Mexico, 1.04 in Russia) and cervical cancer screening (RII: 3.60 in China, 2.47 in South Africa, 1.39 in Mexico, 1.12 in Russia).\n\nQuestion: The inverse equity hypothesis: does it apply to coverage of cancer screening in middle-income countries?\n\nAnswer the question with yes, no, or maybe.\nAnswer:\n	yes
Context: Injury severity score (ISS), Glasgow coma score (GCS), and revised trauma score (RTS) are the most frequently used methods to evaluate the severity of injury in blunt trauma patients. ISS is too complicated to assess easily and GCS and RTS are easy to assess but somewhat subjective. White blood cell count (WBC) is an easy, quick and objective test. This study was performed to evaluate the significance of the WBC count at presentation in the blunt trauma patients. 713 blunt trauma patients, who were admitted to the Uludag University Medical Center Emergency Department between 01.04.2000-31.12.2000, were retrospectively evaluated in terms of ISS, GCS, RTS and white blood cell count at presentation. Statistical analysis revealed that WBC was correlated positively with ISS, but negatively with GCS and RTS.\n\nQuestion: Does the leukocyte count correlate with the severity of injury?\n\nAnswer the question with yes, no, or maybe.\nAnswer:\n	yes
Context: Aromatase inhibitors (AIs) are an effective treatment for postmenopausal women with hormone receptor-positive breast cancer. However, patients receiving AIs report a higher incidence of musculoskeletal symptoms and bone fractures; the mechanism and risk factors for this correlation are not well studied. The aim of this study was to correlate these musculoskeletal symptoms and bone fractures in patients receiving AIs with bone mineral density (BMD), previous tamoxifen use, and administration of calcium/bisphosphonate (Ca/Bis). We reviewed charts of 856 patients with hormone receptor-positive nonmetastatic breast cancer seen at our institution between January 1999 and October 2007. A total of 316 patients met the inclusion criteria of treatment with one of the AIs for>or = 3 months and availability of a dualenergy X-ray absorptiometry (DEXA) during this treatment. Arthralgia, generalized bone pain and/or myalgia, bone fracture after beginning AIs, any tamoxifen treatment, and Ca/Bis therapy were recorded. Our study demonstrates a significant association between symptoms and DEXA-BMD results (P<.001). Similarly, the group receiving tamoxifen before AIs had fewer patients with arthralgia or generalized bone pain/myalgia or bone fracture (P<.001). Furthermore, the group receiving AIs plus Ca/Bis had more patients without musculoskeletal symptoms and had fewer fractures. Finally, the group receiving steroidal AIs compared with nonsteroidal AIs had more patients with arthralgia or generalized bone pain and/or myalgia, and bone fractures (P<.001).\n\nQuestion: Aromatase inhibitor-related musculoskeletal symptoms: is preventing osteoporosis the key to eliminating these symptoms?\n\nAnswer the question with yes, no, or maybe.\nAnswer:\n	yes
Context: To determine current practice and to assess the value of routine follow-up procedures for endometrial cancer surveillance. To discuss whether such procedures are feasible and effective to identify asymptomatic recurrences and describe the pattern of relapse detected by procedures. The records of 282 consecutive women with recurrent endometrial cancer treated from 1986 to 2005 were retrospectively collected in 8 Italian institutions. Primary disease, clinical history, and recurrence features and data were analyzed. Thirty-five (12.4%) of 282 patients had recurrence in vaginal vault, 51 patients (18.0%) had recurrence in central pelvis, 14 patients (4.9%) had recurrence in pelvic wall, and 39 patients (13.8%) had recurrence in lymph nodes. One-hundred twenty-eight patients (45.3%) showed a distant relapse, whereas 15 patients (5.3%) developed both distant relapse and local relapse. The site of relapse influenced survival because the patients with vaginal vault recurrences lived significantly longer than the patients with recurrences in other sites. Eighty (28.4%) of the 282 patients became symptomatic and anticipated the scheduled visit, 37 (13.1 %) of the patients reported their symptoms during the follow-up meeting, and 165 (58.5 %) of the patients were asymptomatic and the diagnostic path was introduced by a planned visit or examination. Among the asymptomatic patients, the first procedure that led to further examinations was clinical visit alone for 60 (36.4%) of 165 patients, imaging for 103 patients (62.4%), and cytologic examination for 2 patients (1.2%). Symptoms at recurrence can predict survival: patients with an asymptomatic recurrence had a median survival time from relapse of 35 months versus 13 months if they had a symptomatic repetition (P = 0.0001).\n\nQuestion: Could different follow-up modalities play a role in the diagnosis of asymptomatic endometrial cancer relapses?\n\nAnswer the question with yes, no, or maybe.\nAnswer:\n	maybe
Context: To critically assess the evidence that appendiceal perforation is a risk factor for subsequent tubal infertility or ectopic pregnancy. Epidemiologic studies investigating the relationship between appendectomy and infertility or ectopic pregnancy were identified by searching the MEDLINE database from 1966 to 1997. Appropriate citations were also extracted from a manual search of the bibliographies of selected papers. Twenty-three articles were retrieved. Only 4 presented original data including comparisons to a nonexposed control group and they form the basis for this study. Because the raw data or specific techniques of data analysis were not always explicitly described, indices of risk for exposure were extracted from the data as presented and were analysed without attempting to convert them to a common measure. Articles were assessed according to the criteria of the Evidence-Based Medicine Working Group for evaluating articles on harm. Review of the literature yielded estimates of the risk of adverse fertility outcomes ranging from 1.6 (95% confidence interval [CI] 1.1 to 2.5) for ectopic pregnancy after an appendectomy to 4.8 (95% CI 1.5 to 14.9) for tubal infertility from perforation of the appendix. Recall bias, and poor adjustment for confounding variables in some reports, weakened the validity of the studies.\n\nQuestion: Is perforation of the appendix a risk factor for tubal infertility and ectopic pregnancy?\n\nAnswer the question with yes, no, or maybe.\nAnswer:\n	maybe
Context: To compare the effect of student examiners (SE) to that of faculty examiners (FE) on examinee performance in an OSCE as well as on post-assessment evaluation in the area of emergency medicine management. An OSCE test-format (seven stations: Advanced Cardiac Life Support (ACLS), Basic Life Support (BLS), Trauma-Management (TM), Pediatric-Emergencies (PE), Acute-Coronary-Syndrome (ACS), Airway-Management (AM), and Obstetrical-Emergencies (OE)) was administered to 207 medical students in their third year of training after they had received didactics in emergency medicine management. Participants were randomly assigned to one of the two simultaneously run tracks: either with SE (n = 110) or with FE (n = 98). Students were asked to rate each OSCE station and to provide their overall OSCE perception by means of a standardized questionnaire. The independent samples t-test was used and effect sizes were calculated (Cohens d). Students achieved significantly higher scores for the OSCE stations "TM", "AM", and "OE" as well as "overall OSCE score" in the SE track, whereas the station score for "PE" was significantly higher for students in the FE track. Mostly small effect sizes were reported. In the post-assessment evaluation portion of the study, students gave significant higher ratings for the ACS station and "overall OSCE evaluation" in the FE track; also with small effect sizes.\n\nQuestion: May student examiners be reasonable substitute examiners for faculty in an undergraduate OSCE on medical emergencies?\n\nAnswer the question with yes, no, or maybe.\nAnswer:\n	yes
Context: The most common primary brain tumors in children and adults are of astrocytic origin. Classic histologic grading schemes for astrocytomas have included evaluating the presence or absence of nuclear abnormalities, mitoses, vascular endothelial proliferation, and tumor necrosis. We evaluated the vascular pattern of 17 astrocytoma surgical specimens (seven from children and 10 from adults), and four normal brains obtained at autopsy, utilizing antibody to glial fibrillary acidic protein (GFAP) and von Willebrand factor (vWF) utilizing confocal microscopy. A modified WHO classification was used. All tumor cases showed cells positive for GFAP. Control tissues showed a few, widely separated vessels. Pilocytic astrocytomas (four cases) showed lacy clusters of small-to-medium sized vessels, with intact vessel wall integrity. Diffuse, low grade astrocytoma (three cases) showed a staining pattern similar to control tissue; intermediate grade (one case), anaplastic astrocytoma (three cases) and gliobastoma multiforme (six cases) showed an increased vessel density with multiple small vessels (glomeruloid clusters), some with prominent intimal hyperplasia, loss of vessel wall integrity, and with numerous vWF-positive single cells/microvessels within the tumor substance.\n\nQuestion: Are endothelial cell patterns of astrocytomas indicative of grade?\n\nAnswer the question with yes, no, or maybe.\nAnswer:\n	yes
Context: First, to establish whether a deprivation gradient in all-cause mortality exists for all ethnic groups within New Zealand; second, if such gradients do exist, whether their absolute slopes are the same; and third, if such gradients exist, what impact the unequal deprivation distributions of the different ethnic groups have on the observed ethnic inequalities in life expectancy at birth. Abridged lifetables for the period 1999-2003 were constructed using standard demographic methods for each of four ethnic groups (Asian, Pacific, Maori and European) by NZDep2001 quintile and sex. Gradients were estimated by fitting generalised linear models to the quintile-specific life expectancy estimates for each ethnic group (by sex). The contribution of variation in deprivation distributions to inter-ethnic inequalities in life expectancy was estimated by re-weighting the quintile-specific mortality rates for each ethnic group using weights derived from the European deprivation distribution and recalculating the lifetable. All four ethnic groups exhibit deprivation gradients in all-cause mortality (life expectancy). Maori show the steepest gradients, with slopes approximately 25% steeper than those of Europeans for both males and females. By contrast, gradients among Asian and Pacific peoples are shallower than those of their European counterparts.\n\nQuestion: Do all ethnic groups in New Zealand exhibit socio-economic mortality gradients?\n\nAnswer the question with yes, no, or maybe.\nAnswer:\n	yes
Context: To investigate if fetal gender (1) affects the risk of having an emergency department (ED) visit for asthma; and (2) is associated with adverse pregnancy outcomes among women who had at least one visit to the ED for asthma during pregnancy. We linked two provincial administrative databases containing records on in-patient deliveries and ED visits. The study sample included women who delivered a live singleton baby between April 2003 and March 2004. Pregnant women who made at least one ED visit for asthma were counted as cases and the rest of the women as control subjects. We performed a multivariable analysis using logistic regression to model the risk of having an ED visit for asthma, with fetal gender being one of the predictors. In addition, a series of multivariable logistic regressions were also constructed separately for cases and controls for the following adverse delivery outcomes: low birth weight baby, preterm delivery, and delivery via Caesarian section. Among 109,173 live singleton deliveries, 530 women had visited ED due to asthma during pregnancy. While having an ED visit for asthma was positively associated with teenage pregnancy, low income, and presence of pregnancy-induced hypertension, it was not associated with fetal gender (OR 1.01, 95% CI 0.85-1.19). Fetal gender was not a significant predictor of adverse pregnancy outcomes among women who had an asthma ED visit during pregnancy.\n\nQuestion: Is fetal gender associated with emergency department visits for asthma during pregnancy?\n\nAnswer the question with yes, no, or maybe.\nAnswer:\n	no
Context: This study sought to evaluate mutations in genes encoding the slow component of the cardiac delayed rectifier K+ current (I(Ks)) channel in familial atrial fibrillation (AF). Although AF can have a genetic etiology, links between inherited gene defects and acquired factors such as atrial stretch have not been explored. Mutation screening of the KCNQ1, KCNE1, KCNE2, and KCNE3 genes was performed in 50 families with AF. The effects of mutant protein on cardiac I(Ks) activation were evaluated using electrophysiological studies and human atrial action potential modeling. One missense KCNQ1 mutation, R14C, was identified in 1 family with a high prevalence of hypertension. Atrial fibrillation was present only in older individuals who had developed atrial dilation and who were genotype positive. Patch-clamp studies of wild-type or R14C KCNQ1 expressed with KCNE1 in CHO cells showed no statistically significant differences between wild-type and mutant channel kinetics at baseline, or after activation of adenylate cyclase with forskolin. After exposure to hypotonic solution to elicit cell swelling/stretch, mutant channels showed a marked increase in current, a leftward shift in the voltage dependence of activation, altered channel kinetics, and shortening of the modeled atrial action potential duration.\n\nQuestion: Stretch-sensitive KCNQ1 mutation A link between genetic and environmental factors in the pathogenesis of atrial fibrillation?\n\nAnswer the question with yes, no, or maybe.\nAnswer:\n	yes
Context: Traumatic aortic injury (TAI) is a rare but life-threatening type of injury. We investigate whether the anatomy of the aortic arch influences the severity of aortic injury. This is a retrospective study of twenty-two cases treated with TEVAR for TAI in our department from 2009 to 2014. Aortic injury was assessed in accordance with the recommendations of the Society of Vascular Surgery. We measured the aortic arch angle and the aortic arch index, based on the initial angio-CT scan, in each of the analyzed cases. The mean aortic arch index and mean aortic arch angle were 6.8 cm and 58.3°, respectively, in the type I injury group; 4.4 cm and 45.9° in the type III group; 3.3 cm and 37° in the type IV group. There were substantial differences in both the aortic arch index and the aortic arch angle of the type III and IV groups. A multivariate analysis confirmed that the aortic arch angle was significantly associated with the occurrence of type III damage (OR 1.5; 95% CI 1.03-2.2).\n\nQuestion: Traumatic aortic injury: does the anatomy of the aortic arch influence aortic trauma severity?\n\nAnswer the question with yes, no, or maybe.\nAnswer:\n	yes
Context: This study aims to evaluate local failure patterns in node negative breast cancer patients treated with post-mastectomy radiotherapy including internal mammary chain only. Retrospective analysis of 92 internal or central-breast node-negative tumours with mastectomy and external irradiation of the internal mammary chain at the dose of 50 Gy, from 1994 to 1998. Local recurrence rate was 5 % (five cases). Recurrence sites were the operative scare and chest wall. Factors associated with increased risk of local failure were age<or = 40 years and tumour size greater than 20mm, without statistical significance.\n\nQuestion: Should chest wall irradiation be included after mastectomy and negative node breast cancer?\n\nAnswer the question with yes, no, or maybe.\nAnswer:\n	maybe
Context: Cyclical pamidronate therapy in a 2-year-old child with skeletal fragility resulted in remodelling of vertebral fractures and improvement in bone mineral density (BMD) at distal radial and spinal sites. The BMD at both sites decreased precipitously within 24 months of stopping treatment, raising the question as to whether bisphosphonates can be stopped in a growing child with skeletal fragility. At age 23 months, a male toddler sustained a low trauma fracture of his right femur. Skeletal radiographs revealed generalised osteopenia with multiple vertebral body fractures. He was diagnosed with type IV osteogenesis imperfecta; however, no mutations were found in COL1A1 or COL1A2 genes. This case report presents bone densitometry data before, during and after bisphosphonate treatment. Axial QCT was main outcome from 2 years of age; DXA and pQCT were taken after age 5. QCT confirmed that he had low spinal trabecular volumetric BMD (Z-score -2.4). After 4 years of treatment his vertebral fractures had been remodelled and all bone densitometry values (QCT, DXA and pQCT) were within normal range and therefore treatment was discontinued. Shortly after this he suffered stress fractures of his left mid tibia and at the sclerotic metaphyseal line corresponding to his first APD treatment. He had marked reduction in spinal trabecular and distal radial vBMD; change in BMAD was less marked.\n\nQuestion: Can bisphosphonate treatment be stopped in a growing child with skeletal fragility?\n\nAnswer the question with yes, no, or maybe.\nAnswer:\n	maybe
Context: Hip fracture in geriatric patients has a substantial economic impact and represents a major cause of morbidity and mortality in this population. At our institution, a regional anesthesia program was instituted for patients undergoing surgery for hip fracture. This retrospective cohort review examines the effects of regional anesthesia (from mainly after July 2007) vs general anesthesia (mainly prior to July 2007) on morbidity, mortality and hospitalization costs. This retrospective cohort study involved data collection from electronic and paper charts of 308 patients who underwent surgery for hip fracture from September 2006 to December 2008. Data on postoperative morbidity, in-patient mortality, and cost of hospitalization (as estimated from data on hospital charges) were collected and analyzed. Seventy-three patients received regional anesthesia and 235 patients received general anesthesia. During July 2007, approximately halfway through the study period, a regional anesthesia and analgesia program was introduced. The average cost of hospitalization in patients who received surgery for hip fracture was no different between patients who receive regional or general anesthesia ($16,789 + 631 vs $16,815 + 643, respectively, P = 0.9557). Delay in surgery and intensive care unit (ICU) admission resulted in significantly higher hospitalization costs. Age, male gender, African American race and ICU admission were associated with increased in-hospital mortality. In-hospital mortality and rates of readmission are not statistically different between the two anesthesia groups.\n\nQuestion: Regional anesthesia as compared with general anesthesia for surgery in geriatric patients with hip fracture: does it decrease morbidity, mortality, and health care costs?\n\nAnswer the question with yes, no, or maybe.\nAnswer:\n	no
Context: Earlier studies have demonstrated low peak oxygen uptake ((.)Vo(2)peak) in children with spina bifida. Low peak heart rate and low peak respiratory exchange ratio in these studies raised questions regarding the true maximal character of (.)Vo(2)peak values obtained with treadmill testing. The aim of this study was to determine whether the Vo(2)peak measured during an incremental treadmill test is a true reflection of the maximum oxygen uptake ((.)Vo(2)max) in children who have spina bifida and are ambulatory. A cross-sectional design was used for this study. Twenty children who had spina bifida and were ambulatory participated. The (.)Vo(2)peak was measured during a graded treadmill exercise test. The validity of (.)Vo(2)peak measurements was evaluated by use of previously described guidelines for maximum exercise testing in children who are healthy, as well as differences between Vo(2)peak and (.)Vo(2) during a supramaximal protocol ((.)Vo(2)supramaximal). The average values for (.)Vo(2)peak and normalized (.)Vo(2)peak were, respectively, 1.23 L/min (SD=0.6) and 34.1 mL/kg/min (SD=8.3). Fifteen children met at least 2 of the 3 previously described criteria; one child failed to meet any criteria. Although there were no significant differences between (.)Vo(2)peak and Vo(2)supramaximal, 5 children did show improvement during supramaximal testing. These results apply to children who have spina bifida and are at least community ambulatory.\n\nQuestion: Treadmill testing of children who have spina bifida and are ambulatory: does peak oxygen uptake reflect maximum oxygen uptake?\n\nAnswer the question with yes, no, or maybe.\nAnswer:\n	yes
Context: To compare the probability of prenatal diagnosis (PND) and termination of pregnancy for fetal anomaly (TOPFA) between fetuses conceived by assisted reproductive techniques (ART) and spontaneously-conceived fetuses with congenital heart defects (CHD). Population-based observational study. Paris and surrounding suburbs. Fetuses with CHD in the Paris registry of congenital malformations and cohort of children with CHD (Epicard). Comparison of ART-conceived and spontaneously conceived fetuses taking into account potential confounders (maternal characteristics, multiplicity and year of birth or TOPFA). Probability and gestational age at PND and TOPFA for ART-conceived versus spontaneously conceived fetuses. The probability of PND (28.1% versus 34.6%, P = 0.077) and TOPFA (36.2% versus 39.2%, P = 0.677) were not statistically different between ART-conceived (n = 171) and spontaneously conceived (n = 4620) fetuses. Estimates were similar after adjustment for potential confounders. Gestational age at PND tended to be earlier for ART fetuses (23.1 versus 24.8 weeks, P = 0.05) but no statistical difference was found after adjustment for confounders. Gestational age at TOPFA was comparable between ART-conceived and spontaneously conceived fetuses.\n\nQuestion: Is the probability of prenatal diagnosis or termination of pregnancy different for fetuses with congenital anomalies conceived following assisted reproductive techniques?\n\nAnswer the question with yes, no, or maybe.\nAnswer:\n	no
Context: Patients living in rural areas may be at a disadvantage in accessing tertiary health care.AIM: To test the hypothesis that very premature infants born to mothers residing in rural areas have poorer outcomes than those residing in urban areas in the state of New South Wales (NSW) and the Australian Capital Territory (ACT) despite a coordinated referral and transport system. "Rural" or "urban" status was based on the location of maternal residence. Perinatal characteristics, major morbidity and case mix adjusted mortality were compared between 1879 rural and 6775 urban infants<32 weeks gestational age, born in 1992-2002 and admitted to all 10 neonatal intensive care units in NSW and ACT. Rural mothers were more likely to be teenaged, indigenous, and to have had a previous premature birth, prolonged ruptured membrane, and antenatal corticosteroid. Urban mothers were more likely to have had assisted conception and a caesarean section. More urban (93% v 83%) infants were born in a tertiary obstetric hospital. Infants of rural residence had a higher mortality (adjusted odds ratio (OR) 1.26, 95% confidence interval (CI) 1.07 to 1.48, p = 0.005). This trend was consistently seen in all subgroups and significantly for the tertiary hospital born population and the 30-31 weeks gestation subgroup. Regional birth data in this gestational age range also showed a higher stillbirth rate among rural infants (OR 1.20, 95% CI 1.09 to 1.32, p<0.001).\n\nQuestion: Does rural or urban residence make a difference to neonatal outcome in premature birth?\n\nAnswer the question with yes, no, or maybe.\nAnswer:\n	yes
Context: The present study aims to compare strength, healing, and operation time of experimental intestinal anastomoses performed by polyglactin 910 (Vicryl; Ethicon, Edinburgh, United Kingdom) sutures with ethyl-2-cyanoacrylate glue (Pattex; Henkel, Dusseldorf, Germany). Ninety-six Sprague-Dawley rats were divided into 2 (groups E and L). Each group was further subdivided into 6 subgroups (EA1, EA2, EA3, EB1, EB2, EB3, LA1, LA2, LA3, LB1, LB2, LB3), each containing 8 rats. Intestinal anastomosis was performed by polyglactin 910 sutures in A subgroups and with ethyl-2-cyanoacrylate in B subgroups. The anastomosis was end to end in A1 and B1, side to side in A2 and B2, and end to side in A3 and B3. Time for anastomosis performance (AT) was recorded. In group E, bursting pressures and hydroxyproline levels were determined on the second postoperative day, whereas in group L, the same measurements were made on the sixth postoperative day. One-way analysis of variance was used for analyses of variance in the groups. Quantitative data were analyzed with Student's t test. P value was considered significant at less than .05. There was no significant difference between bursting pressures of subgroup pairs on both postoperative days 2 and 6. Hydroxyproline levels and AT were significantly better in B subgroups.\n\nQuestion: Is the use of cyanoacrylate in intestinal anastomosis a good and reliable alternative?\n\nAnswer the question with yes, no, or maybe.\nAnswer:\n	yes
Context: Little is known about whether a routinely inserted endoscopic nasobiliary drainage (ENBD) tube improves the clinical course in patients with choledocholithiasis-induced acute cholangitis after clearance of choledocholithiasis. The aim of this study was to investigate the need for ENBD on the clinical outcomes of patients with acute cholangitis undergoing endoscopic clearance of common bile duct (CBD) stones. Prospective, randomized study. Tertiary referral center. A total of 104 patients with choledocholithiasis-induced acute cholangitis who underwent primary endoscopic treatment were compared according to insertion of an ENBD tube (51 in the ENBD group and 53 in the no-ENBD group). Insertion of an ENBD tube after clearance of CBD stones. Recurrence of cholangitis and length of hospital stay after clearance of CBD stones. Baseline clinical characteristics were similar between both groups. There were no significant differences in the recurrence rate of cholangitis at 24 weeks (3.9% for the ENBD group vs 3.8% for the no-ENBD group at 24 weeks; P = .99) and length of hospital stay (7.9 days [standard error = 1.2] for the ENBD group vs 7.9 days [standard error = 0.7]for the no-ENBD group; P = .98). However, procedure time was longer (26.2 [SE = 1.8] minutes vs 22.7 [SE = 1.0]minutes, respectively; P = .01) and the discomfort score was higher (4.9 [SE = 0.4] vs 2.8 [SE = 0.3], respectively; P = .02) in the ENBD group than in the no-ENBD group. Single-center study.\n\nQuestion: Is it necessary to insert a nasobiliary drainage tube routinely after endoscopic clearance of the common bile duct in patients with choledocholithiasis-induced cholangitis?\n\nAnswer the question with yes, no, or maybe.\nAnswer:\n	no
Context: To assess quality of storage of vaccines in the community. Questionnaire survey of general practices and child health clinics, and monitoring of storage temperatures of selected refrigerators. Central Manchester and Bradford health districts. 45 general practices and five child health clinics, of which 40 (80%) responded. Eight practices were selected for refrigeration monitoring. Adherence to Department of Health guidelines for vaccine storage, temperature range to which vaccines were exposed over two weeks. Of the 40 respondents, only 16 were aware of the appropriate storage conditions for the vaccines; eight had minimum and maximum thermometers but only one of these was monitored daily. In six of the eight practices selected for monitoring of refrigeration temperatures the vaccines were exposed to either subzero temperatures (three fridges) or temperatures up to 16 degrees C (three). Two of these were specialised drug storage refrigerators with an incorporated thermostat and external temperature gauges.\n\nQuestion: Storage of vaccines in the community: weak link in the cold chain?\n\nAnswer the question with yes, no, or maybe.\nAnswer:\n	maybe
Context: Community-based medical education is growing to meet the increased demand for quality clinical education in expanded settings, and its sustainability relies on patient participation. This study investigated patients' views on being used as an educational resource for teaching medical students. Questionnaire-based survey. Patients attending six rural and 11 regional general practices in New South Wales over 18 teaching sessions in November 2008, who consented to student involvement in their consultation. Patient perceptions, expectations and acceptance of medical student involvement in consultations, assessed by surveys before and after their consultations. 118 of 122 patients consented to medical student involvement; of these, 117 (99%) completed a survey before the consultation, and 100 (85%) after the consultation. Patients were overwhelmingly positive about their doctor and practice being involved in student teaching and felt they themselves played an important role. Pre-consultation, patients expressed reluctance to allow students to conduct some or all aspects of the consultation independently. However, after the consultation, they reported they would have accepted higher levels of involvement than actually occurred.\n\nQuestion: Are patients willing participants in the new wave of community-based medical education in regional and rural Australia?\n\nAnswer the question with yes, no, or maybe.\nAnswer:\n	yes
Context: As part of a prospective study on quality of life in newly diagnosed lung cancer patients an investigation was carried out to examine whether there were differences among patients' quality of life scores and their socioeconomic status. Quality of life was measured at two points in time (baseline and three months after initial treatment) using three standard instruments; the Nottingham Health Profile (NHP), the European Organization for Research and Cancer Treatment Quality of Life Questionnaire (EORTC QLQ-C30) and its lung cancer supplement (QLQ-LC13). Socioeconomic status for each individual patient was derived using Carstairs and Morris Deprivation Category ranging from 1 (least deprived) to 7 (most deprived) on the basis of the postcode sector of their address. In all, 129 lung cancer patients entered into the study. Of these data for 82 patients were complete (at baseline and follow-up). 57% of patients were of lower socioeconomic status and they had more health problems, less functioning, and more symptoms as compared to affluent patients. Of these, physical mobility (P = 0.05), energy (P = 0.01), role functioning (P = 0.04), physical functioning (P = 0.03), and breathlessness (P = 0.02) were significant at baseline. However, at follow-up assessment there was no significant difference between patient groups nor did any consistent pattern emerge.\n\nQuestion: Quality of life in lung cancer patients: does socioeconomic status matter?\n\nAnswer the question with yes, no, or maybe.\nAnswer:\n	yes
Context: We sought to determine the feasibility and assess the clinical outcomes associated with an early extubation strategy for all children undergoing congenital heart surgery, including neonates (age,<30 days). We performed a linked database analysis of all patients undergoing congenital heart surgery from July 1, 2010 to December 31, 2012. We collected data on the cardiac diagnoses, preoperative status, procedure, and postoperative course, including the duration of invasive and noninvasive ventilation, failure of extubation, hemodynamic data, length of stay, complications, and mortality. A multivariable model was used to assess the independent factors associated with an inability to extubate within the operating room and with delayed extubation (>24 hours). We operated on 613 children, including 97 neonates. Intraoperative extubation was achieved in 71% of the cases and early extubation (≤ 24 hours) was achieved in 89% of the cases. The overall mortality was 1.5% (9 of 613 patients). Early extubation was associated with lower mortality (1% vs 9%, P<.001) and a lower rate of reintubation (4% vs 23%, P<.001) compared with delayed extubation. Notably, 63% of the neonates were extubated within 24 hours, including 67% of arterial switch operations and 54% of total anomalous pulmonary venous return repairs. Norwood operations were the only procedure in which no patient was extubated within the first 24 hours. Multivariable logistic regression demonstrated that the predictors of delayed extubation included preoperative mechanical ventilation, weight<5 kg, a longer procedure time, and the need for postoperative inotrope support. Implementation of an early extubation strategy was associated with low rates of complications (5.1 per 10 procedures), short lengths of intensive care unit stay (median, 1 day; interquartile range, 1-3), and short hospital stays (median, 4 days; interquartile range, 3-6).\n\nQuestion: Should early extubation be the goal for children after congenital cardiac surgery?\n\nAnswer the question with yes, no, or maybe.\nAnswer:\n	yes
Context: Cholecystectomy for GB polyps that are larger than 10 mm is generally recommended because of the high probability of neoplasm. In contrast, a follow-up strategy is preferred for GB polyps smaller than 10 mm. However, there are no treatment guidelines for polyps that grow in size during the follow-up period.STUDY: We retrospectively investigated 145 patients with GB polyps who underwent at least 1 ultrasonographic follow-up examination over an interval greater than 6 months, before cholecystectomy at Samsung medical center, South Korea, from 1994 to 2007. The growth rate was determined based on the change in size per time interval between 2 ultrasonographic examinations (mm/mo). The median age of the patients was 48 years (range: 25 to 75). One hundred twenty-five non-neoplastic polyps and 20 neoplastic polyps were found. Neoplastic polyps were more frequently found in patients older than 60 years, those with hypertension, a polyp size greater than 10 mm, and a rapid growth rate greater than 0.6 mm/mo. On multivariate analysis, however, the growth rate was not related to the neoplastic nature of a polyp, but older age (>60 y) and large size (>10 mm) were significantly associated with neoplastic polyps.\n\nQuestion: Can the growth rate of a gallbladder polyp predict a neoplastic polyp?\n\nAnswer the question with yes, no, or maybe.\nAnswer:\n	no
Context: Prior literature identified the use of Performance Measurement Systems (PMS) as crucial in addressing improved processes of care. Moreover, a strategic use of PMS has been found to enhance quality, compared to non-strategic use, although a clear understanding of this linkage is still to be achieved. This paper deals with the test of direct and indirect models related to the link between the strategic use of PMS and the level of improved processes in health care organizations. Indirect models were mediated by the degree of perceived managerial discretion. A PLS analysis on a survey of 97 Italian managers working for health care organizations in the Lombardy region was conducted. The response rate was 77.6%. The strategic use of PMS in health care organizations directly and significantly (p < 0.001) enhances performance in terms of improved processes. Perceived managerial discretion is positively and significantly (p < 0.001) affected by the strategic use of PMS, whereas the mediation effect is non-significant.\n\nQuestion: Are performance measurement systems useful?\n\nAnswer the question with yes, no, or maybe.\nAnswer:\n	yes
Context: Uterus-specific synthetic Prostaglandin analogues (gemeprost, sulproston etc.) have been widely employed for termination of pregnancy in the second trimester. Since paracervical anaesthesia may be useful during this procedure, we investigated in this prospective randomised study its impact on the clinical course of abortion and pain especially in the late first and second stage of labour. 20 women scheduled for elective abortion (fetal reasons) between the 16th and 23rd week of gestation were to be given 1 mg gemeprost vaginally every 6 hours. They were allocated at random: 10 women received only Pethidin intravenously and Butylscopolamine rectally, another 10 women were additionally treated by paracervical anaesthesia (2 x 10 ml 0.5% Bupivacain solution) at a cervical dilatation of 2-3 cm. A median of 3 gemeprost applications were administered in both groups. In the group without paracervical anaesthesia the median induction to abortion interval was 20 hours (range: 8-44 hours), 13 hours (range: 8-36 hours, NS) resulting for the paracervical anaesthesia group. The intervals from the last application of prostaglandin until abortion and from 3 cm cervical dilatation to abortion were slightly, but not significantly shorter in the paracervical anaesthesia group. The requirement of Butylscopolamine was higher in the latter group (p<0.05). The requirement of Pethidin and the intensity of pain (measured by pain scale according to Huskisson) especially in the late first stage of labour were not statistically different between both groups. Side effects of paracervical anaesthesia did not occur.\n\nQuestion: Does para-cervical block offer additional advantages in abortion induction with gemeprost in the 2nd trimester?\n\nAnswer the question with yes, no, or maybe.\nAnswer:\n	yes
Context: Several studies have shown associations between hyperglycemia and risk of cardiovascular disease (CVD) and mortality, yet glucose-lowering treatment does little to mitigate this risk. We examined whether associations between hyperglycemia and CVD risk were explained by underlying insulin resistance. In 60 middle-aged individuals without diabetes we studied the associations of fasting plasma glucose, 2-hour post oral glucose tolerance test plasma glucose, insulin sensitivity as well as body fat percentage with CVD risk. Insulin sensitivity was measured as the glucose infusion rate during a euglycemic hyperinsulinemic clamp, body fat percentage was measured by dual X-ray absorptiometry, and CVD risk was estimated using the Framingham risk score. Associations of fasting plasma glucose, 2-hour plasma glucose, insulin sensitivity and body fat percentage with the Framingham risk score were assessed in linear regression models. Both fasting and 2-hour plasma glucose levels were associated with higher Framingham risk score (fasting glucose: r(2) = 0.21; 2-hour glucose: r(2) = 0.24; P<0.001 for both), and insulin sensitivity with lower Framingham risk score (r(2) = 0.36; P<0.001). However, adjustment for insulin sensitivity and 2-hour glucose made the effect of fasting glucose non-significant (P = 0.060). Likewise, when adjusting for insulin sensitivity and fasting glucose, the association between 2-hour glucose and Framingham risk score disappeared (P = 0.143). In contrast, insulin sensitivity was still associated with Framingham risk score after adjusting for glucose levels (P<0.001). Body fat was not associated with Framingham risk score when taking insulin sensitivity into account (P = 0.550).\n\nQuestion: Does insulin resistance drive the association between hyperglycemia and cardiovascular risk?\n\nAnswer the question with yes, no, or maybe.\nAnswer:\n	yes
Context: Reliable longitudinal data of patients with functional somatic symptoms in general practice are lacking. To identify distinctive features in patients with chronic functional somatic symptoms, and to determine whether these symptoms support the hypothesis of the existence of specific somatic syndromes. Observational study, with a comparison control group. Four primary care practices affiliated with the University of Nijmegen in the Netherlands. One hundred and eighty-two patients diagnosed between 1998 and 2002 as having chronic functional somatic symptoms and 182 controls matched by age, sex, socioeconomic status, and practice were included. Data on comorbidity, referrals, diagnostic tests, and hospital admissions over a period of 10 years prior to the diagnosis were collected. Medication use and number of visits to the general practitioner (GP) were extracted from the moment computerised registration was started. In the 10 years before the diagnosis of chronic functional somatic symptoms, significantly more patients than controls presented functional somatic symptoms in at least two body systems, and used more somatic and psychotropic drugs. They visited the GP twice as much, statistically had significantly more psychiatric morbidity, and were referred more often to mental health workers and somatic specialists. The number of patients undergoing diagnostic tests was higher for patients with chronic functional somatic symptoms than for controls, but hospital admissions rates were equal.\n\nQuestion: Chronic functional somatic symptoms: a single syndrome?\n\nAnswer the question with yes, no, or maybe.\nAnswer:\n	no
Context: Medicare beneficiaries who have chronic conditions are responsible for a disproportionate share of Medicare fee-for-service expenditures. The objective of this study was to analyze the change in the health of Medicare beneficiaries enrolled in Part A (hospital insurance) between 2008 and 2010 by comparing the prevalence of 11 chronic conditions. We conducted descriptive analyses using the 2008 and 2010 Chronic Conditions Public Use Files, which are newly available from the Centers for Medicare and Medicaid Services and have administrative (claims) data on 100% of the Medicare fee-for-service population. We examined the data by age, sex, and dual eligibility (eligibility for both Medicare and Medicaid). Medicare Part A beneficiaries had more chronic conditions on average in 2010 than in 2008. The percentage increase in the average number of chronic conditions was larger for dual-eligible beneficiaries (2.8%) than for nondual-eligible beneficiaries (1.2%). The prevalence of some chronic conditions, such as congestive heart failure, ischemic heart disease, and stroke/transient ischemic attack, decreased. The deterioration of average health was due to other chronic conditions: chronic kidney disease, depression, diabetes, osteoporosis, rheumatoid arthritis/osteoarthritis. Trends in Alzheimer's disease, cancer, and chronic obstructive pulmonary disease showed differences by sex or dual eligibility or both.\n\nQuestion: Prevalence of chronic conditions among Medicare Part A beneficiaries in 2008 and 2010: are Medicare beneficiaries getting sicker?\n\nAnswer the question with yes, no, or maybe.\nAnswer:\n	yes
Context: To determine whether successful completion of the Perinatal Education Programme (PEP) improves obstetric practice. The three midwife obstetric units (MOUs) in a health district of Mpumalanga were included in the study. Two MOUs enrolled in the PEP and the third did not. A 'before-and-after' study design was used to assess any changes in practice, and to monitor whether any changes occurred in the district during the time of the study; data were also collected at the third MOU. Data were collected by scoring of the obstetric files after the patient had delivered. We ascertained whether the obstetric history, syphilis testing, blood group testing, haemoglobin measurement and uterine growth assessment were performed during antenatal care along with whether appropriate action was taken. For intrapartum care, estimation of fetal weight, the performance of pelvimetry, blood pressure monitoring, urine testing, evaluation of head above pelvis, fetal heart rate monitoring, monitoring of contractions and plotting of cervical dilatation, and whether the appropriate actions were taken, were assessed. Eight of the 13 midwives at the two MOUs completed the PEP and all demonstrated an improvement in knowledge. Case notes of 303 patients from the various clinics were studied. There was no change in the referral patterns of any of the clinics during the study period. The obstetric history was well documented, but in no group was there a satisfactory response to a detected problem; appropriate action was taken in between 0% and 12% of cases. Syphilis testing was performed in 56-82% of cases, with no difference between the groups. The haemoglobin level was measured in only 4-15% of patients, with no difference before or after completion of the PEP. Where a problem in uterine growth was detected, an appropriate response occurred in 0-8% of patients and no difference before or after completion of the PEP was ascertained. In all groups, estimation of fetal weight and pelvimetry were seldom performed, the urine and fetal heart rate documentation were moderately well done and the blood pressure monitoring, assessment of head above pelvis, monitoring of contractions and plotting of cervical dilatation were usually performed. No differences before or after the PEP were detected. Where problems were detected, appropriate actions taken during labour improved, but not significantly.\n\nQuestion: Does successful completion of the Perinatal Education Programme result in improved obstetric practice?\n\nAnswer the question with yes, no, or maybe.\nAnswer:\n	no
Context: Examine whether patients with prostate cancer choose the more aggressive of two radiotherapeutic options, whether this choice is reasoned, and what the determinants of the choice are. One hundred fifty patients with primary prostate cancer (T(1-3)N(0)M(0)) were informed by means of a decision aid of two treatment options: radiotherapy with 70 Gy versus 74 Gy. The latter treatment is associated with more cure and more toxicity. The patients were asked whether they wanted to choose, and if so which treatment they preferred. They also assigned importance weights to the probability of various outcomes, such as survival, cure and adverse effects. Patients who wanted to choose their own treatment (n = 119) are described here. The majority of these patients (75%) chose the lower radiation dose. Their choice was highly consistent (P<or = .001), with the importance weights assigned to the probability of survival, cure (odds ratio [OR] = 6.7 and 6.9) and late GI and genitourinary adverse effects (OR = 0.1 and 0.2). The lower dose was chosen more often by the older patients, low-risk patients, patients without hormone treatment, and patients with a low anxiety or depression score.\n\nQuestion: Do patients with localized prostate cancer treatment really want more aggressive treatment?\n\nAnswer the question with yes, no, or maybe.\nAnswer:\n	no
Context: Spasticity and loss of function in an affected arm are common after stroke. Although botulinum toxin is used to reduce spasticity, its functional benefits are less easily demonstrated. This paper reports an exploratory meta-analysis to investigate the relationship between reduced arm spasticity and improved arm function. Individual data from stroke patients in two randomised controlled trials of intra-muscular botulinum toxin were pooled. The Modified Ashworth Scale (elbow, wrist, fingers) was used to calculate a "Composite Spasticity Index". Data from the arm section of the Barthel Activities of Daily Living Index (dressing, grooming, and feeding) and three subjective measures (putting arm through sleeve, cleaning palm, cutting fingernails) were summed to give a "Composite Functional Index". Change scores and the time of maximum change were also calculated. Maximum changes in both composite measures occurred concurrently in 47 patients. In 26 patients the improvement in spasticity preceded the improvement in function with 18 showing the reverse. There was a definite relationship between the maximum change in spasticity and the maximum change in arm function, independent of treatment (rho = -0.2822, p = 0.0008, n = 137). There was a clear relationship between the changes in spasticity and in arm function in patients treated with botulinum toxin (Dysport) at 500 or 1000 units (rho = -0.5679, p = 0.0090, n = 22; rho = -0.4430, p = 0.0018, n = 47), but not in those treated with placebo or 1500 units.\n\nQuestion: Does reducing spasticity translate into functional benefit?\n\nAnswer the question with yes, no, or maybe.\nAnswer:\n	yes
Context: The specific aim of this investigation was to evaluate the proficiency of health care providers and patients in the proper use of metered-dose inhalers. Health care providers, which include house staff, nurses, and respiratory care practitioners who provide care to patients with asthma in the primary general medicine clinic or the pulmonary medicine clinic of a university-county hospital in which patients were referred, were surveyed and assigned a performance score regarding the knowledge base of the appropriate use of metered-dose inhalers. Patients who attended the primary care general medicine and pulmonary subspecialty clinic were also assessed as to their proficiency in the use of metered-dose inhalers. A significant percentage of patients had a poor understanding of the technique used with the metered-dose inhaler. House staff and nursing staff were also less proficient in the proper use of the metered-dose inhaler. The respiratory care practitioners were the most knowledgeable of the health care providers.\n\nQuestion: Metered-dose inhalers. Do health care providers know what to teach?\n\nAnswer the question with yes, no, or maybe.\nAnswer:\n	no
Context: To investigate the effect of bracket-ligature combination on the amount of orthodontic space closure over three months. Randomized clinical trial with three parallel groups. A hospital orthodontic department (Chesterfield Royal Hospital, UK). Forty-five patients requiring upper first premolar extractions. Informed consent was obtained and participants were randomly allocated into one of three groups: (1) conventional pre-adjusted edgewise brackets and elastomeric ligatures; (2) conventional pre-adjusted edgewise brackets and Super Slick(®) low friction elastomeric ligatures; (3) Damon 3MX(®) passive self-ligating brackets. Space closure was undertaken on 0·019×0·025-inch stainless steel archwires with nickel-titanium coil springs. Participants were recalled at four weekly intervals. Upper alginate impressions were taken at each visit (maximum three). The primary outcome measure was the mean amount of space closure in a 3-month period. A one-way ANOVA was undertaken [dependent variable: mean space closure (mm); independent variable: group allocation]. The amount of space closure was very similar between the three groups (1 mm per 28 days); however, there was a wide variation in the rate of space closure between individuals. The differences in the amount of space closure over three months between the three groups was very small and non-significant (P = 0·718).\n\nQuestion: Does the bracket-ligature combination affect the amount of orthodontic space closure over three months?\n\nAnswer the question with yes, no, or maybe.\nAnswer:\n	no
Context: Vaginal intraepithelial neoplasia is a little known disease which could be related to risk factors different from simple HPV infections. To ascertain wheter vaginal lesions have a natural history similar to cervical lesions.MATERIALS & A retrospective study to identify patients with vaginal lesions and synchronous cervical lesions through biopsy. The rate of mild cervical lesions (koilocytosis, warts, CIN I with and without koilocytosis) was compared with the rate of severe cervical lesions (CIN II and III, cervical carcinoma) in patients with mild vaginal lesions (warts and koilocytosis, and low-grade VAIN) and in patients with severe vaginal lesions (high-grade VAIN). Using koilocytosis as a marker, the rate of "active" cervical lesions was compared with the rate of "non active" cervical lesions in patients with "active" versus "non active" vaginal lesions. Finally, the rates of mild and severe cervical lesions were compared among each group of VAIN (low-grade, high-grade, with or without koilocytosis). In patients with mild vaginal lesions, mild cervical lesions were significantly more frequent than severe cervical lesions. In patients with "active" vaginal lesions the rate of "active" cervical lesions was significantly higher than "non active" cervical lesions. The differences in rates of mild cervical lesions and severe cervical lesions among patients with high-grade VAIN and low-grade VAIN (with and without koilocytosis) were not significant.\n\nQuestion: Does vaginal intraepithelial neoplasia have the same evolution as cervical intraepithelial neoplasia?\n\nAnswer the question with yes, no, or maybe.\nAnswer:\n	maybe
Context: Twenty-eight female Sprague Dawley rats were allocated randomly to 4 groups. The sham group (group 1) was only subjected to catheter insertion, not to pneumoperitoneum. Group 2 received a 1 mg/kg dose of 0.9% sodium chloride by the intraperitoneal route for 10 min before pneumoperitoneum. Groups 3 and 4 received 6 and 12 mg/kg edaravone, respectively, by the intraperitoneal route for 10 min before pneumoperitoneum. After 60 min of pneumoperitoneum, the gas was deflated. Immediately after the reperfusion period, both ovaries were excised for histological scoring, caspase-3 immunohistochemistry and biochemical evaluation including glutathione (GSH) and malondialdehyde (MDA) levels. Also, total antioxidant capacity (TAC) was measured in plasma samples to evaluate the antioxidant effect of edaravone. Ovarian sections in the saline group revealed higher scores for follicular degeneration and edema (p<0.0001) when compared with the sham group. Administration of different doses of edaravone in rats significantly prevented degenerative changes in the ovary (p<0.0001). Caspase-3 expression was only detected in the ovarian surface epithelium in all groups, and there was a significant difference between the treatment groups and the saline group (p<0.0001). Treatment of rats with edaravone reduced caspase-3 expression in a dose-dependent manner. Moreover, biochemical measurements of oxidative stress markers (MDA, GSH and TAC) revealed that prophylactic edaravone treatment attenuated oxidative stress induced by I/R injury.\n\nQuestion: Attenuation of ischemia/reperfusion-induced ovarian damage in rats: does edaravone offer protection?\n\nAnswer the question with yes, no, or maybe.\nAnswer:\n	yes
Context: The National Institutes of Health Stroke Scale (NIHSS) is a valid, reproducible scale that measures neurological deficit. Of 42 possible points, 7 points are directly related to measurement of language compared with only 2 points related to neglect. We examined the placebo arm of the NINDS t-PA stroke trial to test the hypothesis that the total volume of cerebral infarction in patients with right hemisphere strokes would be greater than the volume of cerebral infarction in patients with left hemisphere strokes who have similar NIHSS scores. The volume of stroke was determined by computerized image analysis of CT films and CT images stored on computer tape and optical disks. Cube-root transformation of lesion volume was performed for each CT. Transformed lesion volume was analyzed in a logistic regression model to predict volume of stroke by NIHSS score for each hemisphere. Spearman rank correlation was used to determine the relation between the NIHSS score and lesion volume. The volume for right hemisphere stroke was statistically greater than the volume for left hemisphere strokes, adjusting for the baseline NIHSS (P<0. 001). For each 5-point category of the NIHSS score<20, the median volume of right hemisphere strokes was approximately double the median volume of left hemisphere strokes. For example, for patients with a left hemisphere stroke and a 24-hour NIHSS score of 16 to 20, the median volume of cerebral infarction was 48 mL (interquartile range 14 to 111 mL) as compared with 133 mL (interquartile range 81 to 208 mL) for patients with a right hemisphere stroke (P<0.001). The median volume of a right hemisphere stroke was roughly equal to the median volume of a left hemisphere stroke in the next highest 5-point category of the NIHSS. The Spearman rank correlation between the 24-hour NIHSS score and 3-month lesion volume was 0.72 for patients with left hemisphere stroke and 0.71 for patients with right hemisphere stroke.\n\nQuestion: Does the National Institutes of Health Stroke Scale favor left hemisphere strokes?\n\nAnswer the question with yes, no, or maybe.\nAnswer:\n	yes
Context: The objectives of this study were to evaluate the ability of the Young-Burgess classification system to predict mortality, transfusion requirements, and nonorthopaedic injuries in patients with pelvic ring fractures and to determine whether mortality rates after pelvic fractures have changed over time. Retrospective review. Level I trauma center. One thousand two hundred forty-eight patients with pelvic fractures during a 7-year period. None. Mortality at index admission, transfusion requirement during first 24 hours, and presence of nonorthopaedic injuries as a function of Young-Burgess pelvic classification type. Mortality compared with historic controls. Despite a relatively large sample size, the ability of the Young-Burgess system to predict mortality only approached statistical significance (P = 0.07, Kruskal-Wallis). The Young-Burgess system differentiated transfusion requirements--lateral compression Type 3 (LC3) and anteroposterior compression Types 2 (APC2) and 3 (APC3) fractures had higher transfusion requirements than did lateral compression Type 1 (LC1), anteroposterior compression Type 1 (APC1), and vertical shear (VS) (P<0.05)--but was not as useful at predicting head, chest, or abdomen injuries. Dividing fractures into stable and unstable types allowed the system to predict mortality rates, abdomen injury rates, and transfusion requirements. Overall mortality in the study group was 9.1%, unchanged from original Young-Burgess studies 15 years previously (P = 0.3).\n\nQuestion: Young-Burgess classification of pelvic ring fractures: does it predict mortality, transfusion requirements, and non-orthopaedic injuries?\n\nAnswer the question with yes, no, or maybe.\nAnswer:\n	maybe
Context: Celiac disease (CD) is an autoimmune enteropathy characterized by villus atrophy and malabsorption of essential nutrients. Vitamin D deficiency has been described in autoimmune diseases, but its status in prepubertal children with CD has not been adequately studied. To determine the vitamin D status of prepubertal children with CD. A retrospective study of prepubertal children aged 3-12 years with CD (n=24) who were compared to prepubertal, non-CD children of the same age (n=50). Children were included in the study if they had a diagnosis of CD by intestinal biopsy, and were not on a gluten-free diet (GFD). Patients were excluded if they had diseases of calcium or vitamin D metabolism, or were receiving calcium or vitamin D supplementation or had other autoimmune diseases. All subjects had their serum 25-hydroxyvitamin D [25(OH)D] level measured. There was no difference in 25(OH)D level between the CD and non-CD children (27.58 +/- 9.91 versus 26.20 +/- 10.45, p = 0.59). However, when the patients were subdivided into obese and non-obese groups, the non-obese CD patients had a significantly higher 25(OH)D level than the obese normal children (28.39 +/- 10.26 versus 21.58 +/- 5.67, p = 0.009). In contrast, there was no difference in 25(OH)D level between non-obese CD patients and non-obese normal children (28.39 +/- 10.26 versus 30.64 +/-12.08, p = 0.52). The season of 25(OH)D measurement was not a significant confounder (p =0.7).\n\nQuestion: Is vitamin D deficiency a feature of pediatric celiac disease?\n\nAnswer the question with yes, no, or maybe.\nAnswer:\n	no
Context: The number of new diagnoses of HIV infection is rising in the northwestern hemisphere and it is becoming increasingly important to understand the mechanisms behind this trend. To evaluate whether reported unsafe sexual behaviour among HIV- infected individuals is changing over time. Participants in the Swiss HIV Cohort Study were asked about their sexual practices every 6 months for 3 years during regular follow-up of the cohort beginning on 1 April 2000. : Logistic regression models were fit using generalized estimating equations assuming a constant correlation between responses from the same individual. At least one sexual behaviour questionnaire was obtained for 6545 HIV-infected individuals and the median number of questionnaires completed per individual was five. There was no evidence of an increase in reported unsafe sex over time in this population [odds ratio (OR), 1.0; 95% confidence interval (CI), 0.96-1.05]. Females (OR, 1.38; 95% CI, 1.19-1.60), 15-30 year olds (OR, 1.26; 95% CI, 1.09-1.47), those with HIV-positive partners (OR, 12.58; 95% CI, 10.84-14.07) and those with occasional partners (OR, 3.25; 95% CI, 2.87-3.67) were more likely to report unsafe sex. There was no evidence of a response bias over time, but individuals were less willing to leave questions about their sexual behaviour unanswered or ambiguous (OR, 0.93; 95% CI, 0.90-0.97).\n\nQuestion: Is unsafe sexual behaviour increasing among HIV-infected individuals?\n\nAnswer the question with yes, no, or maybe.\nAnswer:\n	no
Context: Cholestasis occurs frequently in patients with small bowel atresia (SBA) and is often attributed to prolonged parental nutrition. When severe or prolonged, patients may undergo unnecessary intensive or invasive investigation. We characterized cholestasis and analyzed the pertinence of investigating this patient population. With Research Ethics Board approval, patients with SBA between 1996 and 2005 were retrospectively reviewed. Demographics, location of atresia, operative findings, complications, investigations, resumption of feeding, duration of prolonged parental nutrition, and follow-up information were examined. Cholestasis was evaluated for incidence, severity, and evolution. Fifty-five patients (29 male, 26 female), with a median gestational age and birth weight of 36 weeks and 2025 g, respectively, were reviewed. Care was withdrawn for 2 patients before repair. For the remaining 53 patients, SBA were duodenal atresia in 18, jejunoileal atresia in 32, and multiple atresia in 3. Of 53, 24 (45%) patients developed cholestasis postoperatively (direct/total bilirubin>20%). All patients with short bowel (4) and 60% (6/10) of patients with a delay of enteral feeding more than 14 days postoperatively had cholestasis. Ten patients (36%) proceeded with in-depth evaluations for cholestasis, with 8 (28%) undergoing liver biopsy. No patient had biliary atresia. No deaths were related to isolated cholestasis/cirrhosis. Cholestasis resolved spontaneously in all the survivors.\n\nQuestion: Cholestasis associated with small bowel atresia: do we always need to investigate?\n\nAnswer the question with yes, no, or maybe.\nAnswer:\n	no
Context: The proper angle of miniscrew insertion is important for cortical anchorage, patient safety, and biomechanical control. The purposes of this study are to report the alveolar process thickness and inter-radicular space in the posterior region of the mandible, to assess the impact of different miniscrew insertion angle protocols, and to identify differences between the genders or types of malocclusion. In this retrospective study, 100 individuals were selected for orthodontic treatment at a radiology clinic. Cone-beam computed tomography data were imported into 3-dimensional software. The predictor variable was the location in the mandible and insertion angle. The demographic variables collected included age, gender, and malocclusion (Angle Classes I and II). The primary outcome variables were bone thickness and inter-radicular space. The inter-radicular spaces were evaluated 5 mm from the cement-enamel junction. The bone thicknesses were taken at 45°, 60°, and 90° in relation to the alveolar ridge, simulating a miniscrew insertion. These factors were evaluated for sexual dimorphism and malocclusion (Angle Classes I and II). Sexual dimorphism and malocclusion were evaluated with t tests. To compare the inter-radicular space and the thickness of bone between areas, an analysis of variance for repeated measures was used. The sample was composed of 100 patients with a mean age of 17.4 ± 6.74 years. There were 61 female and 39 male patients and 60 Class I and 40 Class II molar relationships. The inter-radicular space ranged from 2.46 to 3.31 mm, and alveolar bone thickness ranged from 8.01 to 13.77 mm. The thickness tended to decrease with the increase in insertion angle from 45° to 90°. No significant differences between the genders or types of malocclusion were found.\n\nQuestion: Can bone thickness and inter-radicular space affect miniscrew placement in posterior mandibular sites?\n\nAnswer the question with yes, no, or maybe.\nAnswer:\n	no
Context: Selection into general practice training is undertaken using a competency based approach. The clear advantage of this approach over traditional methods has been demonstrated through evaluation of its validity and reliability. However, the relationship between selection  and performance in the Royal College of General Practitioner examinations (MRCGP) has yet to be explored. The MRCGP comprises of an applied knowledge test (AKT), a clinical skills assessment (CSA) and workplace-based assessments (WPBA).AIM: To explore the predictive validity of general  practice selection scores using the AKT and CSA elements of the MRCGP as a final outcome measure. This study carried out a retrospective analysis of 101 trainees from the Wales Deanery who were successfully selected on to general practice training in 2007. Selection data consisted  of an overall selection score as well as scores from each individual stage of selection. Correlation was used to explore associations between selection scores and examination scores. The score for overall performance at selection achieved statistically significant correlation  with examination performance (r = 0.491 for the AKT and r = 0.526 for the CSA, P<0.01).\n\nQuestion: Do general practice selection scores predict success at MRCGP?\n\nAnswer the question with yes, no, or maybe.\nAnswer:\n	yes
Context: A retrospective analysis. The purpose of this study was to determine whether the deformity angular ratio (DAR) can reliably assess the neurological risks of patients undergoing deformity correction. Identifying high-risk patients and procedures can help ensure that appropriate measures are taken to minimize neurological complications during spinal deformity corrections. Subjectively, surgeons look at radiographs and evaluate the riskiness of the procedure. However, 2 curves of similar magnitude and location can have significantly different risks of neurological deficit during surgery. Whether the curve spans many levels or just a few can significantly influence surgical strategies. Lenke et al have proposed the DAR, which is a measure of curve magnitude per level of deformity. The data from 35 pediatric spinal deformity correction procedures with thoracic 3-column osteotomies were reviewed. Measurements from preoperative radiographs were used to calculate the DAR. Binary logistic regression was used to model the relationship between DARs (independent variables) and presence or absence of an intraoperative alert (dependent variable). In patients undergoing 3-column osteotomies, sagittal curve magnitude and total curve magnitude were associated with increased incidence of transcranial motor evoked potential changes. Total DAR greater than 45° per level and sagittal DAR greater than 22° per level were associated with a 75% incidence of a motor evoked potential alert, with the incidence increasing to 90% with sagittal DAR of 28° per level.\n\nQuestion: The Deformity Angular Ratio: Does It Correlate With High-Risk Cases for Potential Spinal Cord Monitoring Alerts in Pediatric 3-Column Thoracic Spinal Deformity Corrective Surgery?\n\nAnswer the question with yes, no, or maybe.\nAnswer:\n	yes
Context: To evaluate surgical outcome and survival benefit after quaternary cytoreduction (QC) in epithelial ovarian cancer (EOC) relapse. We systematically evaluated all consecutive patients undergoing QC in our institution over a 12-year period (October 2000-January 2012). All relevant surgical and clinical outcome parameters were systematically assessed. Forty-nine EOC patients (median age: 57; range: 28-76) underwent QC; in a median of 16 months (range:2-142) after previous chemotherapy. The majority of the patients had an initial FIGO stage III (67.3%), peritoneal carcinomatosis (77.6%) and no ascites (67.3%). At QC, patients presented following tumour pattern: lower abdomen 85.7%; middle abdomen 79.6% and upper abdomen 42.9%. Median duration of surgery was 292 min (range: a total macroscopic tumour clearance could be achieved. Rates of major operative morbidity and 30-day mortality were 28.6% and 2%, respectively.Mean follow-up from QC was 18.41 months (95% confidence interval (CI):12.64-24.18) and mean overall survival (OS) 23.05 months (95% CI: 15.5-30.6). Mean OS for patients without vs any tumour residuals was 43 months (95% CI: 26.4-59.5) vs 13.4 months (95% CI: 7.42-19.4); P=0.001. Mean OS for patients who received postoperative chemotherapy (n=18; 36.7%) vs those who did not was 40.5 months (95% CI: 27.4-53.6) vs 12.03 months (95% CI: 5.9-18.18); P<0.001.Multivariate analysis indentified multifocal tumour dissemination to be of predictive significance for incomplete tumour resection, higher operative morbidity and lower survival, while systemic chemotherapy subsequent to QC had a protective significant impact on OS. No prognostic impact had ascites, platinum resistance, high grading and advanced age.\n\nQuestion: Quaternary cytoreductive surgery in ovarian cancer: does surgical effort still matter?\n\nAnswer the question with yes, no, or maybe.\nAnswer:\n	yes
Context: To study the prevalence of pain and risk factors for pain in psychiatric patients in a psychiatric hospital. Using a questionnaire we investigated in a cross-sectional study the prevalence of pain, duration of pain, impairment and unfitness for work due to pain in 106 patients primarily diagnosed with a psychiatric disorder in the field of general adult psychiatry. Potential risk factors were explored. The point prevalence of pain was about 50%, the 6-month prevalence 75.5% and the 12-month prevalence 76.5%. The patients' most frequent complaints were low back pain, headache and shoulder and neck pain. Patients with affective disorders most frequently had pain complaints, followed by those with neurotic, stress-related and somatoform disorders and those with psychotic disorders such as schizophrenia, schizotypic and delusional disorders. Almost 10% of all patients reported pain continuing at least 3 months in the past year. Impairment and unfitness for work were related to specific psychiatric diagnosis. Statistically significant risk factors for pain were depression (OR=6.05) and the number of past admissions to psychiatric hospitals (OR=3.609).\n\nQuestion: Is pain a clinically relevant problem in general adult psychiatry?\n\nAnswer the question with yes, no, or maybe.\nAnswer:\n	yes
Context: Midurethral sling (MUS) can improve overactive bladder (OAB) symptoms. It is unclear if anterior/apical prolapse (AA) repair provides additional benefit. We hypothesized that women with mixed urinary incontinence (MUI) experience greater improvement in the OAB component of their symptoms after concomitant MUS and AA repair compared with MUS alone. This is a retrospective cohort study of women with bothersome MUI (defined by objective stress test and validated questionnaire) undergoing MUS alone ("MUS-only") or concomitant MUS and AA repair ("MUS + AA"). Our primary outcome was the Overactive Bladder Questionnaire Symptom Severity (OAB-q SS) change score 6 weeks after surgery. Of 151 women, 67 (44 %) underwent MUS-only and 84 (56 %) underwent MUS + AA. The MUS-only cohort was younger and had less severe baseline prolapse (p < 0.05 for both). Postoperative complications (predominantly UTI) occurred in 35 (23 %) patients and were similar between cohorts. For all subjects mean OAB-q SS scores significantly improved postoperatively (p < 0.05). Our primary outcome, OAB-q SS change score, showed no significant differences between cohorts (30 ± 26 MUS-only vs 25 ± 25 MUS + AA, p = 0.20), indicating similar improvements in OAB symptoms. Multivariate linear regression analysis revealed no difference in OAB-q SS change score between cohorts; however, OAB-q SS change scores were lower for women with a postoperative complication (β = -19, 95 % CI -31 to -6; p < 0.01).\n\nQuestion: Does concomitant anterior/apical repair during midurethral sling improve the overactive bladder component of mixed incontinence?\n\nAnswer the question with yes, no, or maybe.\nAnswer:\n	no
Context: Several atypical antipsychotics (AAPs) are used as second-line agents for treatment resistant depression. AAPs can be expensive compared to other treatment options and can cause several side effects. To estimate healthcare costs and utilization of AAPs compared to other second-line agents. Observational study using Medicaid claims data (2006-2011). Subjects were depression-diagnosed adult members with at least two prescriptions of antidepressant medications followed by a second-line agent. Gamma generalized linear models (GLM) produced estimates of the difference in mean expenditures among treatment groups after adjusting for individual baseline characteristics using propensity scores. Negative binomial models produced estimates of the difference in number of hospitalizations and emergency department (ED) visits. A total of 3910 members received second-line treatment. Treatment groups were AAPs (n = 2211), augmentation agents other than AAPs (n = 1008), and antidepressant switching (n = 691). AAPs resulted in higher mean adjusted pharmacy costs and higher mean adjusted total mental health-related costs. Mean adjusted total healthcare costs and number of inpatient and ED visits were not different among treatments.\n\nQuestion: Does the use of atypical antipsychotics as adjunctive therapy in depression result in cost savings?\n\nAnswer the question with yes, no, or maybe.\nAnswer:\n	no
Context: Francophones may experience poorer health due to social status, cultural differences in lifestyle and attitudes, and language barriers to health care. Our study sought to compare mental health indicators between Francophones and non-Francophones living in the province of Manitoba. Two populations were used: one from administrative datasets housed at the Manitoba Centre for Health Policy and the other from representative survey samples. The administrative datasets contained data from physician billings, hospitalizations, prescription drug use, education, and social services use, and surveys included indicators on language variables and on self-rated health. Outside urban areas, Francophones had lower rates of diagnosed substance use disorder (rate ratio [RR] = 0.80; 95% CI 0.68 to 0.95) and of suicide and suicide attempts (RR = 0.59; 95% CI 0.43 to 0.79), compared with non-Francophones, but no differences were found between the groups across the province in rates of diagnosed mood disorders, anxiety disorders, dementia, or any mental disorders after adjusting for age, sex, and geographic area. When surveyed, Francophones were less likely than non-Francophones to report that their mental health was excellent, very good, or good (66.9%, compared with 74.2%).\n\nQuestion: Are there mental health differences between francophone and non-francophone populations in manitoba?\n\nAnswer the question with yes, no, or maybe.\nAnswer:\n	maybe
Context: The incidence of acetabular fractures in osteoporotic patients is increasing. Immediate total hip arthroplasty (THA) has potential advantages, but achieving acetabular component stability is challenging and, at early followup, reported revision rates for loosening are high.QUESTIONS/ This study measured acetabular component stability and the initial surface contact achieved between the acetabular component and unfractured region of the pelvis after THA using an oversized acetabular component and cup-cage reconstruction. Between November 2011 and November 2013, we treated 40 acute acetabular fractures in patients older than 70 years of age. Of these, 12 (30%) underwent immediate THA using an oversized acetabular component with screws inserted only into the ilium and a cup-cage construct. Postoperatively all patients were mobilized without weightbearing restrictions. Indications for immediate THA after acetabular fractures were displaced articular comminution deemed unreducible. Eleven of the 12 were prospectively studied to evaluate the initial stability of the reconstructions using radiostereometric analysis. One of the patients died of a pulmonary embolism after surgery, and the remaining 10 (median age, 81 years; range, 72-86 years) were studied. Of these, five were analyzed at 1 year and five were analyzed at 2 years. Acetabular component migration was defined as acceptable if less than the limits for primary THA that predict later loosening (1.76 mm of proximal migration and 2.53° of sagittal rotation). The contact surface between the acetabular component and ilium in direct continuity with the sacroiliac joint, and the ischium and pubis in direct continuity with the symphysis pubis, was measured on postoperative CT scans. At 1 year the median proximal migration was 0.83 mm (range, 0.09-5.13 mm) and sagittal rotation was 1.3° (range, 0.1°-7.4°). Three of the 10 components had migration above the suggested limits for primary THA at 1 year postoperatively. The contact surface achieved at surgery between the acetabular component and pelvis ranged from 11 to 17 cm(2) (15%-27% of each component).\n\nQuestion: Does cup-cage reconstruction with oversized cups provide initial stability in THA for osteoporotic acetabular fractures?\n\nAnswer the question with yes, no, or maybe.\nAnswer:\n	yes
Context: Xanthogranulomatous cholecystitis (XGC) is an uncommon variant of chronic cholecystitis, characterized by marked thickening of the gallbladder wall and dense local adhesions. It often mimics a gallbladder carcinoma (GBC), and may coexist with GBC, leading to a diagnostic dilemma. Furthermore, the premalignant nature of this entity is not known. This study was undertaken to assess the p53, PCNA and beta-catenin expression in XGC in comparison to GBC and chronic inflammation. Sections from paraffin-embedded blocks of surgically resected specimens of GBC (69 cases), XGC (65), chronic cholecystitis (18) and control gallbladder (10) were stained with the monoclonal antibodies to p53 and PCNA, and a polyclonal antibody to beta-catenin. p53 expression was scored as the percentage of nuclei stained. PCNA expression was scored as the product of the percentage of nuclei stained and the intensity of the staining (1-3). A cut-off value of 80 for this score was taken as a positive result. Beta-catenin expression was scored as type of expression-membranous, cytoplasmic or nuclear staining. p53 mutation was positive in 52% of GBC cases and 3% of XGC, but was not expressed in chronic cholecystitis and control gallbladders. p53 expression was lower in XGC than in GBC (P<0.0001). PCNA expression was seen in 65% of GBC cases and 11% of XGC, but not in chronic cholecystitis and control gallbladders. PCNA expression was higher in GBC than XGC (P=0.0001), but there was no significant difference between the XGC, chronic cholecystitis and control gallbladder groups. Beta-catenin expression was positive in the GBC, XGC, chronic cholecystitis and control gallbladder groups. But the expression pattern in XGC, chronic cholecystitis and control gallbladders was homogenously membranous, whereas in GBC the membranous expression pattern was altered to cytoplasmic and nuclear.\n\nQuestion: Xanthogranulomatous cholecystitis: a premalignant condition?\n\nAnswer the question with yes, no, or maybe.\nAnswer:\n	no
Context: To determine whether TDP-43 type is associated with distinct patterns of brain atrophy on MRI in subjects with pathologically confirmed frontotemporal lobar degeneration (FTLD). In this case-control study, we identified all subjects with a pathologic diagnosis of FTLD with TDP-43 immunoreactive inclusions (FTLD-TDP) and at least one volumetric head MRI scan (n = 42). In each case we applied published criteria for subclassification of FTLD-TDP into FTLD-TDP types 1-3. Voxel-based morphometry was used to compare subjects with each of the different FTLD-TDP types to age- and gender-matched normal controls (n = 30). We also assessed different pathologic and genetic variants within, and across, the different types. Twenty-two subjects were classified as FTLD-TDP type 1, 9 as type 2, and 11 as type 3. We identified different patterns of atrophy across the types with type 1 showing frontotemporal and parietal atrophy, type 2 predominantly anterior temporal lobe atrophy, and type 3 predominantly posterior frontal atrophy. Within the FTLD-TDP type 1 group, those with a progranulin mutation had significantly more lateral temporal lobe atrophy than those without. All type 2 subjects were diagnosed with semantic dementia. Subjects with a pathologic diagnosis of FTLD with motor neuron degeneration had a similar pattern of atrophy, regardless of whether they were type 1 or type 3.\n\nQuestion: Does TDP-43 type confer a distinct pattern of atrophy in frontotemporal lobar degeneration?\n\nAnswer the question with yes, no, or maybe.\nAnswer:\n	yes
Context: A case of spinal subdural hematoma (SSDH) following subarachnoid hemorrhage (SAH) because of a ruptured internal carotid aneurysm is described. Such a case has never been reported. A 52-year-old woman underwent a craniotomy for a ruptured internal carotid aneurysm. A computed tomography scan showed that SAH existed predominantly in the posterior fossa and subdural hematoma beneath the cerebellar tentorium. Intrathecal administration of urokinase, IV administration of fasudil hydrochloride, and continuous cerebrospinal fluid (CSF) evacuation via cisternal drainage were performed as prophylactic treatments for vasospasm. On the sixth postoperative day, the patient complained of severe lower back and buttock pain. Magnetic resonance imaging showed a subdural hematoma in the lumbosacral region. Although the mass effect was extensive, the patient showed no neurologic symptoms other than the sciatica. She was treated conservatively. The hematoma dissolved gradually and had diminished completely 15 weeks later. Her pain gradually subsided, and she was discharged 7 weeks later without any neurologic deficit.\n\nQuestion: Spinal subdural hematoma: a sequela of a ruptured intracranial aneurysm?\n\nAnswer the question with yes, no, or maybe.\nAnswer:\n	yes
Context: Patients presenting with transient ischemic attack or stroke may have symptom-related lesions on acute computed tomography angiography (CTA) such as free-floating intraluminal thrombus (FFT). It is difficult to distinguish FFT from carotid plaque, but the distinction is critical as management differs. By contouring the shape of these vascular lesions ("virtual endarterectomy"), advanced morphometric analysis can be performed. The objective of our study is to determine whether quantitative shape analysis can accurately differentiate FFT from atherosclerotic plaque. We collected 23 consecutive cases of suspected carotid FFT seen on CTA (13 men, 65 ± 10 years; 10 women, 65.5 ± 8.8 years). True-positive FFT cases (FFT+) were defined as filling defects resolving with anticoagulant therapy versus false-positives (FFT-), which remained unchanged. Lesion volumes were extracted from CTA images and quantitative shape descriptors were computed. The five most discriminative features were used to construct receiver operator characteristic (ROC) curves and to generate three machine-learning classifiers. Average classification accuracy was determined by cross-validation. Follow-up imaging confirmed sixteen FFT+ and seven FFT- cases. Five shape descriptors delineated FFT+ from FFT- cases. The logistic regression model produced from combining all five shape features demonstrated a sensitivity of 87.5% and a specificity of 71.4% with an area under the ROC curve = 0.85 ± 0.09. Average accuracy for each classifier ranged from 65.2%-76.4%.\n\nQuestion: Can shape analysis differentiate free-floating internal carotid artery thrombus from atherosclerotic plaque in patients evaluated with CTA for stroke or transient ischemic attack?\n\nAnswer the question with yes, no, or maybe.\nAnswer:\n	yes
Context: Suicide is a leading cause of death and has been strongly associated with affective disorders. The influence of affective disorder polarity on subsequent suicide attempts or completions and any differential effect of suicide risk factors by polarity were assessed in a prospective cohort. Participants with major affective disorders in the National Institute of Mental Health (NIMH) Collaborative Depression Study (CDS) were followed prospectively for up to 25 years. A total of 909 participants meeting prospective diagnostic criteria for major depressive and bipolar disorders were followed through 4204 mood cycles. Suicidal behavior was defined as suicide attempts or completions. Mixed-effects, grouped-time survival analysis assessed risk of suicidal behavior and differential effects of risk factors for suicidal behavior by polarity. In addition to polarity, the main effects of age, gender, hopelessness, married status, prior suicide attempts and active substance abuse were modeled, with mood cycle as the unit of analysis. After controlling for age of onset, there were no differences in prior suicide attempts by polarity although bipolar participants had more prior severe attempts. During follow-up, 40 cycles ended in suicide and 384 cycles contained at least one suicide attempt. Age, hopelessness and active substance abuse but not polarity predicted suicidal behavior. The effects of risk factors did not differ by polarity.\n\nQuestion: Do risk factors for suicidal behavior differ by affective disorder polarity?\n\nAnswer the question with yes, no, or maybe.\nAnswer:\n	no
Context: A cross sectional study of 38 patients fulfilling the classification criteria for SLE. The patients visited a rheumatology outpatient clinic in Switzerland between January 2002 and December 2004. The last assessment during this period was used for the study. The assessment included, besides demographic data, the measurement of disease activity using the BILAG index, the measurement of disease damage using the SLICC/ACR damage index (SDI), as well as the patient's self assessed health status using the patient's questionnaire Medical Outcome Survey Short Form 36 (SF-36). A total of 36 women and 2 men were included in the study (median age: 43 yrs, median disease duration: 11 yrs). Increased disease activity (total BILAG) was shown to be significantly correlated with reduced physical function. A greater damage (total SDI) correlated significantly with reduced role function due to emotional limitations. Neither age nor disease duration showed any significant correlation with health status in this study.\n\nQuestion: Are there associations of health status, disease activity and damage in SLE patients?\n\nAnswer the question with yes, no, or maybe.\nAnswer:\n	yes
Context: This paper assesses the usefulness of the Child Health Computing System as a source of information about children with cerebral palsy. A comparative survey of information held on the Child Health Computing System (CHCS) and the Northern Ireland Cerebral Palsy Register (NICPR) in one Health and Social Services Board in Northern Ireland was carried out. The sample comprised children with cerebral palsy aged 5-9 years. Of the 135 cases recorded on the NICPR, 47 per cent were not found on the CHCS; the majority of these children had no computer record of any medical diagnosis. Of the 82 cases recorded on the CHCS, 10 (12 per cent) were not found on the NICPR; five of these cases (6 per cent) were found on follow-up not to have CP.\n\nQuestion: Does the Child Health Computing System adequately identify children with cerebral palsy?\n\nAnswer the question with yes, no, or maybe.\nAnswer:\n	no
Context: A genetic component is well established in the etiology of breast cancer. It is not well known, however, whether genetic traits also influence prognostic features of the malignant phenotype. We carried out a population-based cohort study in Sweden based on the nationwide Multi-Generation Register. Among all women with breast cancer diagnosed from 1961 to 2001, 2,787 mother-daughter pairs and 831 sister pairs with breast cancer were identified; we achieved complete follow-up and classified 5-year breast cancer-specific prognosis among proband (mother or oldest sister) into tertiles as poor, intermediary, or good. We used Kaplan-Meier estimates of survival proportions and Cox models to calculate relative risks of dying from breast cancer within 5 years depending on the proband's outcome. The 5-year survival proportion among daughters whose mothers died within 5 years was 87% compared to 91% if the mother was alive (p = 0.03). Among sisters, the corresponding proportions were 70% and 88%, respectively (p = 0.001). After adjustment for potential confounders, daughters and sisters of a proband with poor prognosis had a 60% higher 5-year breast cancer mortality compared to those of a proband with good prognosis (hazard ratio [HR], 1.6; 95% confidence interval [CI], 1.2 to 2.2; p for trend 0.002). This association was slightly stronger among sisters (HR, 1.8; 95% CI, 1.0 to 3.4) than among daughters (HR, 1.6; 95% CI, 1.1 to 2.3).\n\nQuestion: Is breast cancer prognosis inherited?\n\nAnswer the question with yes, no, or maybe.\nAnswer:\n	yes
Context: To examine family-based transmission of the number of 5' flanking arginine vasopressin V1a receptor (AVPR1A) microsatellites, which include [(GATA)(14)] and complex [(CT)(4)-TT-(CT)(8)-(GT)(24)]repeats, in probands with a prepubertal and early adolescent bipolar disorder phenotype (PEA-BP). Preferential transmission of the number of AVPR1A microsatellite repeats to hypersexual and uninhibited people-seeking probands was hypothesized, based on reports from preclinical work in the literature. Probands were 83 participants in an ongoing controlled study of PEA-BP. The PEA-BP phenotype was defined by DSM-IV mania with at least one of the cardinal symptoms of mania (elation and/or grandiosity) to avoid diagnosing mania only by symptoms that overlapped with those for attention-deficit hyperactivity disorder (ADHD). Comprehensive assessment of the probands included separate Washington University in St. Louis Kiddie Schedule for Affective Disorders and Schizophrenia (WASH-U-KSADS) interviews of parents about their children and of children about themselves. Hypersexuality and uninhibited people-seeking were assessed from the corresponding WASH-U-KSADS items. Microsatellite genotyping of the AVPR1A repeats was conducted using fluorescently labeled primers and detected by laser-induced fluorescence. Alleles were determined with the assistance of semi-automated allele-calling software. There were 32 complete, biological trios (28 informative families) for the GATA repeat and 34 complete, biological trios (30 informative families) for the complex repeat. Data were analyzed using case-control and family-based association methods. Preferential transmission of AVPR1A GATA or complex repeats was not significant for hypersexuality or uninhibited people-seeking, using the transmission disequilibrium test. Similarly, case-control analyses found no significant associations between hypersexuality or uninhibited people-seeking and the number of AVPR1A GATA or complex repeats. For p<0.05, there was about 80% power to detect odds ratios of 5.0 and 4.0 (in the family-based analyses) and 3.5 and 2.6 (in the case-control analyses), for allele frequencies of 0.1 and 0.5, respectively.\n\nQuestion: Are the arginine vasopressin V1a receptor microsatellites related to hypersexuality in children with a prepubertal and early adolescent bipolar disorder phenotype?\n\nAnswer the question with yes, no, or maybe.\nAnswer:\n	no
Context: Orthodontic patients show high prevalence of tooth-size discrepancy. This study investigates the possible association between arch form, clinically significant tooth-size discrepancy, and sagittal molar relationship. Pretreatment orthodontic casts of 230 Saudi patients were classified into one of three arch form types (tapered, ovoid, and square) using digitally scanned images of the mandibular arches. Bolton ratio was calculated, sagittal molar relationship was defined according to Angle classification, and correlations were analyzed using ANOVA, chi-square, and t-tests. No single arch form was significantly more common than the others. Furthermore, no association was observed between the presence of significant Bolton discrepancy and the sagittal molar relationship or arch form. Overall Bolton discrepancy is significantly more prevalent in males.\n\nQuestion: Is arch form influenced by sagittal molar relationship or Bolton tooth-size discrepancy?\n\nAnswer the question with yes, no, or maybe.\nAnswer:\n	no
Context: Interference from irrelevant negative material might be a key mechanism underlying intrusive ruminative thoughts in depression. Considering commonalities between depression and social anxiety and the presence of similar intrusive thoughts in social anxiety, the current study was designed to assess whether interference from irrelevant material in working memory is specific to depression or is also present in social anxiety disorder. To examine the effects of irrelevant emotional material on working memory performance, participants memorized two lists of words on each trial and were subsequently instructed to ignore one of the lists. Participants were then asked to indicate whether a probe word belonged to the relevant list or not. Compared to control and social anxiety groups, the depression groups (both pure and comorbid with social anxiety disorder) exhibited greater difficulties removing irrelevant emotional material from working memory (i.e., greater intrusion effects). Greater intrusion effects were also associated with increased rumination. Although we included three clinical groups (depression, social anxiety, and the comorbid groups), the results are based on a relatively small number of participants.\n\nQuestion: Updating emotional content in working memory: a depression-specific deficit?\n\nAnswer the question with yes, no, or maybe.\nAnswer:\n	yes
Context: To investigate whether prepuncture ultrasound evaluation of vascular anatomy facilitates internal jugular vein cannulation compared with landmark-guided puncture. Prospective randomized study. Single community hospital. Adult patients undergoing general anesthesia (n = 240). The right internal jugular vein was cannulated using either anatomic landmarks or prepuncture ultrasound (3.75/7.5 MHz) guidance. In the landmark group, respiratory jugular venodilation was used as the primary landmark for locating the vein. Results of cannulation and the incidence of complications were compared. Patients were randomly assigned to the ultrasound or landmark group. Respiratory jugular venodilation was identified in 188 patients (78.3%), in whom results of cannulation did not differ between the 2 techniques with respect to the venous access rate (cannulated at the first attempt: 83.5% in the landmark v 85.7% in the ultrasound group), the success rate (cannulated within 3 attempts: 96.9% v 95.6%), and the incidence of arterial puncture (1.0% v 3.3%). In the remaining 52 respiratory jugular venodilation-unidentified patients, the access rate (30.4% v 86.2%, p<0.001) and the success rate (78.3 v 100%, p<0.05) were significantly better in the ultrasound group, and no arterial puncture was recorded in the ultrasound group, whereas the incidence was 13.0% in the landmark group. The results were similar regardless of the ultrasound frequency used.\n\nQuestion: Does ultrasound imaging before puncture facilitate internal jugular vein cannulation?\n\nAnswer the question with yes, no, or maybe.\nAnswer:\n	maybe
Context: We sought to determine whether patients with obstructive sleep apnea (OSA) had an objective change in aerobic fitness during cycle ergometry compared to a normal population. The most accurate test of aerobic fitness is measurement of maximum oxygen consumption (VO2max) with cycle ergometry. We performed a retrospective cohort analysis (247 patients with OSA) of VO2max from annual cycle ergometry tests compared to a large control group (normative data from 1.4 million US Air Force tests) in a tertiary care setting. Overall, individuals with OSA had increased VO2max when compared to the normalized US Air Force data (p<.001). Patients with an apnea-hypopnea index of greater than 20 demonstrated a decreased VO2max as compared to normalized values (p<.001). No differences in VO2max were observed after either medical or surgical therapy for OSA.\n\nQuestion: Does obstructive sleep apnea affect aerobic fitness?\n\nAnswer the question with yes, no, or maybe.\nAnswer:\n	maybe
Context: Communication with terminally ill patients is a main responsibility of physicians. However, many physicians feel insufficiently prepared for this task. Models of courses resulting in improvements of communicative skills of participants have been published mainly in the Anglo-American literature. This study describes the realization of a 2-day course model based on the experiences of the first three courses of this kind in Rhineland-Palatinate, and analyzes changes of participants' communication behavior. After each seminary, an evaluation form concerning participants' satisfaction with the course was filled in. Furthermore, all course participants received a questionnaire at the beginning and at the end of the course, as well as 3 months afterwards. The participants were asked to assess their own sense of security in seven different communication settings on a visual analog scale, and to specify perceived changes in their communication behavior 3 months after the course. The first three courses were attended by 31 participants. Course evaluation revealed high satisfaction scores with methods as well as with clarity and relevance of the contents. Self-assessment of participants showed a growing sense of security in different communication settings. Important increases could be demonstrated for communicating a diagnosis of cancer with good or less good prognosis, recurrence of cancer or a far progressive cancer disease without curative approach. 3 months after the course, participants described multiple changes indicating increased sensibility and professionalism in communication behavior.\n\nQuestion: Can communication with terminally ill patients be taught?\n\nAnswer the question with yes, no, or maybe.\nAnswer:\n	yes
Context: Treatment delays in breast cancer are generally thought to affect prognosis but the impact on survival remains unclear. Indicators for breast cancer care include time to primary treatment. The purpose of this study was to evaluate whether time to primary treatment (TPT) in breast cancer impacts survival. A total of 648 breast cancer patients treated in the University Malaya Medical Center (UMMC), Malaysia between 2004 and 2005 were included in the study. TPT was calculated from the date of pathological diagnosis to the date of primary treatment. Mortality data was obtained from the National Registry of Births and Deaths. Last date of follow-up was November 2010. Median TPT was 18 days. Majority 508 (69.1%) of the patients received treatment within 30 days after diagnosis. The majority was surgically treated. Ethnicity (p=0.002) and stage at presentation (p=0.007) were significantly associated with delayed TPT. Malay ethnicity had delayed TPT compared to the Chinese; Hazard Ratio (HR) 1.9 (Confidence Interval (CI) 1.237, 2.987). Delayed TPT did not affect overall survival on univariate and multivariate analyses.\n\nQuestion: Delays in time to primary treatment after a diagnosis of breast cancer: does it impact survival?\n\nAnswer the question with yes, no, or maybe.\nAnswer:\n	no
Context: Infantile hypertrophic pyloric stenosis (IHPS) is a common condition which presents in infants at 2-12 weeks of postnatal life, and whose cause remains obscure. Multiple associated abnormalities have been recognized within the external hypertrophied pyloric muscle layer, but the internal component of the pyloric mucosa has received scant attention in the literature to date. Our purpose in this study was to show that pyloric mucosal redundancy is a constant finding in infants with IHPS, to discuss its possible cause, and to explore the hypothesis of a relationship between pyloric mucosal redundancy and the development of IHPS. We identified 102 consecutive infants with surgically confirmed IHPS and determined the thickness of the pyloric mucosa compared with the thickness of the surrounding hypertrophied muscle. Fifty-one infants who did not have pyloric stenosis served as controls. Mean mucosal thickness in patients with IHPS approximated mean muscle thickness, with a ratio of 0.89. In infants with IHPS, the pyloric mucosa constitutes approximately one third of the cross-sectional diameter of the pyloric mass and fills and obstructs the pyloric canal.\n\nQuestion: In vivo visualization of pyloric mucosal hypertrophy in infants with hypertrophic pyloric stenosis: is there an etiologic role?\n\nAnswer the question with yes, no, or maybe.\nAnswer:\n	yes
Context: Epidemiological studies have suggested inverse relationships between blood pressure and prevalence of conditions such as migraine and headache. It is not yet clear whether similar relationships can be established for back pain in particular in prospective studies. Associations between blood pressure and chronic low back pain were explored in the cross-sectional HUNT 2 survey of a Norwegian county in 1995-1997, including 39,872 individuals who never used antihypertensive medication. A prospective study, comprising 17,209 initially back pain-free individuals and 5740 individuals reporting low back pain, was established by re-examinations in the HUNT 3 survey in 2006-2008. Associations were assessed by logistic regression with respect to systolic, diastolic and pulse pressure, with adjustment for education, work status, physical activity, smoking, body mass and lipid levels. In the cross-sectional study, all three blood pressure measures showed inverse relationships with prevalence of low back pain in both sexes. In the prospective study of disease-free women, baseline pulse pressure and systolic pressure were inversely associated with risk of low back pain [odds ratio (OR) 0.93 per 10 mm Hg increase in pulse pressure, 95% confidence interval (CI) 0.89-0.98, p = 0.007; OR 0.95 per 10 mm Hg increase in systolic pressure, 95% CI 0.92-0.99, p = 0.005]. Results among men were equivocal. No associations were indicated with the occurrence of pain in individuals with low back pain at baseline.\n\nQuestion: Does high blood pressure reduce the risk of chronic low back pain?\n\nAnswer the question with yes, no, or maybe.\nAnswer:\n	yes
Context: Health services often spend more on safety interventions than seems cost-effective. This study investigates whether the public value safety-related health care improvements more highly than the same improvements in contexts where the health care system is not responsible. An online survey was conducted to elicit the relative importance placed on preventing harms caused by 1) health care (hospital-acquired infections, drug administration errors, injuries to health care staff), 2) individuals (personal lifestyle choices, sports-related injuries), and 3) nature (genetic disorders). Direct valuations were obtained from members of the public by using a person trade-off or "matching" method. Participants were asked to choose between two preventative interventions of equal cost and equal health benefit per person for the same number of people, but differing in causation. If participants indicated a preference, their strength of preference was measured by using person trade-off. Responses were obtained from 1030 people, reflecting the sociodemographic mix of the UK population. Participants valued interventions preventing hospital-acquired infections (1.31) more highly than genetic disorders (1.0), although drug errors were valued similarly to genetic disorders (1.07), and interventions to prevent injury to health care staff were given less weight than genetic disorders (0.71). Less weight was also given to interventions related to lifestyle (0.65) and sports injuries (0.41).\n\nQuestion: Does responsibility affect the public's valuation of health care interventions?\n\nAnswer the question with yes, no, or maybe.\nAnswer:\n	maybe
Context: The US Preventive Services Task Force recommends against spirometry in the absence of symptoms. However, as much as 50% of COPD cases in the United States remain undiagnosed. Report of symptoms, smoking history, and spirometric data were collected from subjects screened for a work-related medical evaluation (N = 3,955). Prevalence of airflow obstruction and respiratory symptoms were assessed. Sensitivity, specificity, positive and negative predictive values, and relative risks of predicting symptoms and smoking history for COPD were calculated. Forty-four percent of smokers in our sample had airways obstruction (AO). Of these, 36% reported a diagnosis of or treatment for COPD. Odds ratio (95% CI) for AO with smoking (>or = 20 pack-years) was 3.73 (3.12- 4.45), 1.98 (1.73-2.27) for cough, 1.79 (1.55-2.08) for dyspnea, 1.95 (1.70-2.34) for sputum, and 2.59 (2.26-2.97) for wheeze. Respiratory symptoms were reported by 92% of smokers with AO, 86% smokers with restriction, 76% smokers with normal spirometry, and 73% of nonsmokers. Sensitivity (92% vs 90%), specificity (19% vs 22%), positive (47% vs 40%) and negative (75% vs 80%) predictive values for the presence of one or more symptoms were similar between smokers and all subjects.\n\nQuestion: Do symptoms predict COPD in smokers?\n\nAnswer the question with yes, no, or maybe.\nAnswer:\n	no
Context: Web search engines are an important tool in communication and diffusion of knowledge. Among these, Google appears to be the most popular one: in August 2008, it accounted for 87% of all web searches in the UK, compared with Yahoo's 3.3%. Google's value as a diagnostic guide in general medicine was recently reported. The aim of this comparative cross-sectional study was to evaluate whether searching Google with disease-related terms was effective in the identification and diagnosis of complex immunological and allergic cases. Forty-five case reports were randomly selected by an independent observer from peer-reviewed medical journals. Clinical data were presented separately to three investigators, blinded to the final diagnoses. Investigator A was a Consultant with an expert knowledge in Internal Medicine and Allergy (IM&A) and basic computing skills. Investigator B was a Registrar in IM&A. Investigator C was a Research Nurse. Both Investigators B and C were familiar with computers and search engines. For every clinical case presented, each investigator independently carried out an Internet search using Google to provide a final diagnosis. Their results were then compared with the published diagnoses. Correct diagnoses were provided in 30/45 (66%) cases, 39/45 (86%) cases, and in 29/45 (64%) cases by investigator A, B, and C, respectively. All of the three investigators achieved the correct diagnosis in 19 cases (42%), and all of them failed in two cases.\n\nQuestion: Search engine as a diagnostic tool in difficult immunological and allergologic cases: is Google useful?\n\nAnswer the question with yes, no, or maybe.\nAnswer:\n	yes
Context: The seafaring industry remains a hazardous occupation that requires sophisticated systems of risk and fitness assessment. This study aims to investigate the extent of agreement between Approved Doctors (ADs) and Medical Referees (MRs) when they assess a seafarer's fitness. Between 2003 and 2009 a total of 232,878 seafarer medical examinations were carried out by ADs, of which 465 were considered by the MRs because the seafarer appealed against the AD's decision. The extent of agreement between ADs and MRs was studied. Two hundred and sixty-eight (58%) cases seen by the ADs were classed as category 4 "permanently unfit"; the referees only placed 85 (18%) of them in this category. On the other hand, 252 (54%) cases seen by the MRs were classed as category 2 "fit with restrictions", while the ADs had only placed 111 (24%) in this category. The overall agreement between the assessors (AD vs. MR) was poor (Kappa K = 0.18). For cardiovascular diseases and for mental ill-health, access to additional information by the MR was the commonest reason for changing the fitness category, but for all other conditions factors such as the experience and knowledge of the MRs or their different interpretation of the standards were the most frequent reasons for a change to fitness category or to restrictions.\n\nQuestion: Do approved doctors and medical referees in the UK agree when assessing a seafarer's fitness?\n\nAnswer the question with yes, no, or maybe.\nAnswer:\n	no
Context: Hepatorenal syndrome (HRS) is the functional renal failure associated with advanced cirrhosis and has also been described in fulminant hepatic failure. Without liver transplantation its prognosis is dismal. Our study included patients with type 1 HRS associated with cirrhosis, who were not liver transplant candidates.AIM: To identify variables associated with improved survival. Sixty-eight patients fulfilled the revised Ascites Club Criteria for type 1 HRS. None of them was suitable for liver transplantation. All the patients were treated with combinations of: albumin, midodrine and octreotide, pressors, and hemodialysis. Median survival was 13 days for the whole group. Survival varied with the end-stage liver disease (ESLD) etiology: autoimmune, 49 days, cardiac cirrhosis, 22 days, idiopathic, 15.5 days, viral, 15 days, hepatitis C and alcohol, 14.5 days, alcohol 8 days, and neoplasia 4 days (p = 0.048). Survival of HRS associated with alcoholic liver disease versus other etiologies was not statistically significant (p = 0.1). Increased serum creatinine (p = 0.02) and urinary sodium 6-10 mEq/l (p = 0.027) at the initiation of therapy were prognostic factors for mortality. HRS treatment modalities (p = 0.73), use of dialysis (p = 0.56), dialysis modality (p = 0.35), use of vasopressors (p = 0.26), pre-existing renal disease (p = 0.49), gender (p = 0.90), and age (p = 0.57) were not associated with survival.\n\nQuestion: Hepatorenal syndrome: are we missing some prognostic factors?\n\nAnswer the question with yes, no, or maybe.\nAnswer:\n	yes
Context: Parental drinking has been shown to be associated with offspring drinking. However, the relationship appears to be more complex than often assumed and few studies have tracked it over longer time periods. To explore the long-term (10-year) transmission of familial drinking during adolescence to offspring drinking patterns in young adulthood. Swedish longitudinal study, assessing the relationship between familial drinking in 2000 and offspring drinking in 2010 using simultaneous quantile regression analysis (n=744).DATA: Data on familial drinking was gathered from the Swedish level-of-living surveys (LNU) and from partner LNU in 2000 while data on offspring drinking in young adulthood was gathered from LNU 2010. Drinking among offspring, parents and potential stepparents was measured through identical quantity-frequency indices referring to the past 12 months in 2010 and 2000 respectively. Young adults whose families were abstainers in 2000 drank substantially less across quintiles in 2010 than offspring of non-abstaining families. The difference, however, was not statistically significant between quintiles of the conditional distribution. Actual drinking levels in drinking families were not at all or weakly associated with drinking in offspring. Supplementary analyses confirmed these patterns.\n\nQuestion: Does the familial transmission of drinking patterns persist into young adulthood?\n\nAnswer the question with yes, no, or maybe.\nAnswer:\n	maybe
Context: To investigate the effect of fenofibrate on sleep apnoea indices. Proof-of-concept study comprising a placebo run-in period (1 week, 5 weeks if fibrate washout was required) and a 4-week randomized, double-blind treatment period. Thirty-four subjects (mean age 55 years, body mass index 34 kg/m 2 , fasting triglycerides 3.5 mmol/L) with diagnosed sleep apnoea syndrome not treated with continuous positive airways pressure were enrolled and randomized to once daily treatment with fenofibrate (145 mg NanoCrystal(R) tablet) or placebo. Overnight polysomnography, computerized attention/vigilance tests and blood sampling for measurement of lipids, insulin, fasting plasma glucose and fibrinogen were performed at the end of each study period. NCT00816829. As this was an exploratory study, a range of sleep variables were evaluated. The apnoea/hypopnoea index (AHI) and percentage of time spent with arterial oxygen saturation (SpO(2))<90% were relevant as they have been evaluated in other clinical trials. Other variables included total apnoeas, hypopnoeas and oxygen desaturations, and non-cortical micro-awakenings related to respiratory events per hour. Fenofibrate treatment significantly reduced the percentage of time with SpO(2)<90% (from 9.0% to 3.5% vs. 10.0% to 11.5% with placebo, p = 0.007), although there was no significant change in the AHI (reduction vs. control 14% (95%CI -47 to 40%, p = 0.533). Treatment reduced obstructive apnoeas (by 44%, from 18.5 at baseline to 15.0 at end of treatment vs. 29.0 to 30.5 on placebo, p = 0.048), and non-cortical micro-awakenings per hour (from 23.5 to 18.0 vs. 24.0 to 25.0 with placebo, p = 0.004). Other sleep variables were not significantly influenced by fenofibrate. Exploratory study in patients with mild to moderate sleep apnoea, limited treatment duration; concomitant hypnotic treatment (35%); lack of correction for multiplicity of testing.\n\nQuestion: Proof of concept study: does fenofibrate have a role in sleep apnoea syndrome?\n\nAnswer the question with yes, no, or maybe.\nAnswer:\n	yes
Context: Although consensus guidelines for pretreatment evaluation and monitoring of propranolol therapy in patients with infantile hemangiomas (IH) have been formulated, little is known about the cardiovascular side effects. We sought to analyze cardiovascular evaluations in patients with IH at baseline and during treatment with an oral beta-blocker. Data from 109 patients with IH were retrospectively analyzed. Patient and family history, pretreatment electrocardiogram (ECG), heart rate, and blood pressure were evaluated before initiation of beta-blocker therapy. Blood pressure and standardized questionnaires addressing side effects were evaluated during treatment. Questionnaire analyses (n = 83) identified 3 cases with a family history of cardiovascular disease in first-degree relatives. ECG findings were normal in each case and no serious complication of therapy occurred. ECG abnormalities were found in 6.5% of patients but there were no contraindications to beta-blocker therapy and no major complications. Hypotension in 9 patients did not require therapy adjustment. In all, 88 parents (81%) reported side effects during beta-blocker treatment. The relatively small patient cohort is a limitation.\n\nQuestion: Is cardiovascular evaluation necessary prior to and during beta-blocker therapy for infantile hemangiomas?\n\nAnswer the question with yes, no, or maybe.\nAnswer:\n	no
Context: Implementation of the complex treatment strategies that have been shown to improve survival of patients with congestive heart failure (CHF) may require certain expertise. We wanted to examine the association between pattern of outpatient care and survival of patients with CHF. In a retrospective cohort study conducted with national Veterans Health Administration (VHA) databases, we examined the association between the pattern of outpatient care and survival in 11,661 patients discharged from VA hospitals between October 1, 1991, and September 30, 1992, with the primary diagnosis of CHF (cohort 1). Patients were divided into 4 groups, on the basis of their pattern of outpatient care over a 12-month period after discharge: 1) general medicine clinic visits only (GM-only); 2) cardiology clinic visits only (CARD-only); 3) general medicine and cardiology (MIXED) clinic visits; and 4) neither general medicine nor cardiology clinic visits (no-GM/CARD). We used the Cox proportional hazards model to evaluate 1-year survival, controlling for clinical and demographic factors. Consistency of our results was examined by performing identical analysis on a cohort of patients discharged from VHA hospitals between October 1, 1994, and September 30, 1995 (cohort 2, n = 10,141). The overall 1-year mortality rate was 23% in the primary cohort. The unadjusted mortality rate was highest for patients in the no-GM/CARD follow up (29%) and lowest for patients in the MIXED group (19%). By use of the MIXED group as reference and adjusting for important clinical and demographic factors, the risk of death (risk ratio [95% CI]) was 1.12 (0.94-1.34) in the CARD-only group, 1.26 (1.15-1.38) in the GM-only group, and 1.48 (1.28-1.72) in the no-GM/CARD group. Cohort-2 results were consistent with cohort 1 for most covariates, and significant survival differences were again found between GM-only and the MIXED group (1.25 [1.14-1.37]).\n\nQuestion: Is specialty care associated with improved survival of patients with congestive heart failure?\n\nAnswer the question with yes, no, or maybe.\nAnswer:\n	yes
Context: To identify the features of PMR that may predict the duration of steroid therapy, the occurrence of relapses and the late development of GCA. Prospective cohort study of 176 patients with PMR, followed up for 5 years. Baseline factors associated with the duration of steroids therapy were identified using Cox regression. Predictors of relapse and the late development of GCA were identified using binary logistic regression. A total of 176 patients with PMR were included, of whom 124 stopped steroids within 5 years. The probability of stopping steroids within 5 years was independently reduced by an elevated plasma viscosity (PV) [hazard ratio (HR) = 0.49; 95% CI 0.29, 0.82 for a PV>or = 2.00 mPa s compared with a PV<or = 1.80 mPa s; overall P = 0.024] and by starting treatment at>15 mg prednisolone (HR = 0.63; 95% CI 0.41, 0.97; P = 0.036). Either of these independently reduced the chances of stopping steroids within a given time interval between 27 and 51%. No significant predictors of relapse were identified. Predictors of late GCA on univariable analysis were female sex [odds ratio (OR) = 8.16; 95% CI 1.06, 63.13; P = 0.044], HLA-DRB1*0101 or -*0401 alleles (OR = 4.95; 95% CI 1.05, 23.34; P = 0.043), PV>or = 2.00 mPa s compared with PV<or = 1.80 mPa s (OR = 10.64; 95% CI 1.28, 88.38; P = 0.029) and initial prednisolone dose>15 mg (OR = 4.53; 95% CI 1.61, 12.79; P = 0.004).\n\nQuestion: Can the prognosis of polymyalgia rheumatica be predicted at disease onset?\n\nAnswer the question with yes, no, or maybe.\nAnswer:\n	yes
Context: Ascitis and undernutrition are frequent complications of cirrhosis, however ascitis volume and anthropometric assessment are not routinely documented or considered in prognostic evaluation. In a homogeneous cohort followed during two years these variables were scrutinized, aiming to ascertain relevance for longterm outcome. Population (N = 25, all males with alcoholic cirrhosis) was recruited among patients hospitalized for uncomplicated ascitis. Exclusion criteria were refractory or tense ascitis, cancer, spontaneous bacterial peritonitis, bleeding varices and critical illness. Measurements included ultrasonographically estimated ascitis volume, dry body mass index/BMI , upper arm anthropometrics, hematologic counts and liver function tests. Population (age 48.3 ± 11.3 years, BMI 21.1 ± 3.5 kg/m², serum albumin 2.5 ± 0.8 g/dL) was mostly in the Child-Pugh C category (77.8%) but clinically stable. During the follow-up period of 22.6 ± 3.8 months, additional hospitalizations numbered 1.7 ± 1.0 and more than one quarter succumbed. Admission ascitis volume corresponded to 7.1 ± 3.6 L and dry BMI to 18.3 ± 3.5 kg/m². Child Pugh index was relevant for both mortality and rehospitalization. Nevertheless, similar matches for mortality were documented with ascitis volume and dry BMI, and arm circumference below the 5th percentile was highly significantly associated with rehospitalization.\n\nQuestion: Should ascitis volume and anthropometric measurements be estimated in hospitalized alcoholic cirrotics?\n\nAnswer the question with yes, no, or maybe.\nAnswer:\n	yes
Context: To illustrate how maternal mortality audit identifies different causes of and contributing factors to maternal deaths in different settings in low- and high-income countries and how this can lead to local solutions in reducing maternal deaths. Descriptive study of maternal mortality from different settings and review of data on the history of reducing maternal mortality in what are now high-income countries. Kalabo district in Zambia, Farafenni division in The Gambia, Onandjokwe district in Namibia, and the Netherlands. Population of rural areas in Zambia and The Gambia, peri-urban population in Namibia and nationwide data from The Netherlands. Data from facility-based maternal mortality audits from three African hospitals and data from the latest confidential enquiry in The Netherlands. Maternal mortality ratio (MMR), causes (direct and indirect) and characteristics. MMR ranged from 10 per 100,000 (the Netherlands) to 1540 per 100,000 (The Gambia). Differences in causes of deaths were characterized by HIV/AIDS in Namibia, sepsis and HIV/AIDS in Zambia, (pre-)eclampsia in the Netherlands and obstructed labour in The Gambia.\n\nQuestion: The use of audit to identify maternal mortality in different settings: is it just a difference between the rich and the poor?\n\nAnswer the question with yes, no, or maybe.\nAnswer:\n	no
Context: Blood stream infection (BSI) and the subsequent development of sepsis are among the most common infection complications occurring in severe burn patients. This study was designed to evaluate the relationship between the burn wound flora and BSI pathogens. Documentation of all bacterial and fungal wound and blood isolates from severe burn patients hospitalized in the burn unit and intensive care unit was obtained from medical records retrieved retrospectively from a computerized, hospital-wide database over a 13-year period. All data were recorded in relation to the Ryan score. Of 195 severe burn patients, 88 had at least 1 BSI episode. Transmission of the same pathogen from wound to blood was documented in 30% of the patients, with a rising BSI frequency as the Ryan score increased. There were a total of 263 bacteremic episodes in 88 study patients, 44% of blood isolates were documented previously in wound cultures, and transmission of the same pathogen from wound to blood was noted in 65% of bacteremic patients.\n\nQuestion: Do Wound Cultures Give Information About the Microbiology of Blood Cultures in Severe Burn Patients?\n\nAnswer the question with yes, no, or maybe.\nAnswer:\n	yes
Context: Longitudinal cohort studies in sub-Saharan Africa are urgently needed to understand cardiovascular disease development. We, therefore, explored health behaviours and conventional risk factors of African individuals with optimal blood pressure (BP) (≤ 120/80 mm Hg), and their 5-year prediction for the development of hypertension. The Prospective Urban Rural Epidemiology study in the North West Province, South Africa, started in 2005 and included African volunteers (n = 1994; aged>30 years) from a sample of 6000 randomly selected households in rural and urban areas. At baseline, 48% of the participants were hypertensive (≥ 140/90 mmHg). Those with optimal BP (n = 478) were followed at a success rate of 70% for 5 years (213 normotensive, 68 hypertensive, 57 deceased). Africans that became hypertensive smoked more than the normotensive individuals (68.2% vs 49.8%), and they also had a greater waist circumference [ratio of geometric means of 0.94 cm (95% CI: 0.86-0.99)] and greater amount of γ-glutamyltransferase [0.74 U/l (95% CI: 0.62-0.88)]at baseline. The 5-year change in BP was independently explained by baseline γ-glutamyltransferase [R(2) = 0.23, β = 0.13 U/l (95% CI: 0.01-0.19)]. Alcohol intake also predicted central systolic BP and carotid cross-sectional wall area (CSWA) at follow-up. Waist circumference was another predictor of BP changes [β = 0.18 cm (95% CI: 0.05-0.24)]and CSWA. HIV infection was inversely associated with increased BP.\n\nQuestion: Are behavioural risk factors to be blamed for the conversion from optimal blood pressure to hypertensive status in Black South Africans?\n\nAnswer the question with yes, no, or maybe.\nAnswer:\n	yes
Context: The gap between evidence-based treatments and routine care has been well established. Findings from the Sequenced Treatments Alternatives to Relieve Depression (STAR*D) emphasized the importance of measurement-based care for the treatment of depression as a key ingredient for achieving response and remission; yet measurement-based care approaches are not commonly used in clinical practice. The Nine-Item Patient Health Questionnaire (PHQ-9) for monitoring depression severity was introduced in 19 diverse psychiatric practices. During the one-year course of the project the helpfulness and feasibility of implementation of PHQ-9 in these psychiatric practices were studied. The project was modeled after the Institute for Healthcare Improvement Breakthrough Series. Two of the 19 practices dropped out during the course of the project. By the conclusion of the study, all remaining 17 practices had adopted PHQ-9 as a routine part of depression care in their practice. On the basis of responses from 17 psychiatrists from those practices, PHQ-9 scores influenced clinical decision making for 93% of 6,096 patient contacts. With the additional information gained from the PHQ-9 score, one or more treatment changes occurred during 40% of these clinical contacts. Changing the dosage of antidepressant medication and adding another medication were the most common treatment changes recorded by psychiatrists, followed by starting or increasing psychotherapy and by switching or initiating antidepressants. In 3% of the patient contacts, using the PHQ-9 led to additional suicide risk assessment.\n\nQuestion: Systematic use of patient-rated depression severity monitoring: is it helpful and feasible in clinical psychiatry?\n\nAnswer the question with yes, no, or maybe.\nAnswer:\n	yes
Context: To explore the secondary benefits of treadmill training for people in the chronic stage of recovery from stroke. Modified random assignment, matched-pair control group design with repeated measures. Outpatient stroke centre. Twenty individuals post first stroke who acknowledged walking slower than pre stroke. Participants matched by side of hemiparesis and motor impairment. Twelve 20-minute sessions of walking on a treadmill or weekly phone call. Depression (Beck Depression Index), mobility and social participation (Stroke Impact Scale 3.0 subscales) were assessed initially, at the end of 12 treatments (four weeks) and six weeks later. No significant difference was found between groups for any dependent measure. The ANOVA to investigate main effects in each group found no significant findings in the control group; however in the treatment group significant improvements over time for depression (P = 0.005, P<0.001), mobility (P = 0.008) and social participation (P = 0.004) were demonstrated.\n\nQuestion: Treadmill training post stroke: are there any secondary benefits?\n\nAnswer the question with yes, no, or maybe.\nAnswer:\n	yes
Context: Controlled ovarian stimulation (COS) with intrauterine insemination (IUI) is a common treatment in couples with unexplained non-conception. Induction of multifollicular growth is considered to improve pregnancy outcome, but it contains an increased risk of multiple pregnancies and ovarian hyperstimulation syndrome. In this study the impact of the number of follicles (>14 mm) on the ongoing pregnancy rate (PR) and multiple PR was evaluated in the first four treatment cycles. A retrospective cohort study was performed in all couples with unexplained non-conception undergoing COS-IUI in the Academic Hospital of Maastricht. The main outcome measure was ongoing PR. Secondary outcomes were ongoing multiple PR, number of follicles of>or=14 mm, and order of treatment cycle. Three hundred couples were included. No significant difference was found in ongoing PR between women with one, two, three or four follicles respectively (P=0.54), but in women with two or more follicles 12/73 pregnancies were multiples. Ongoing PR was highest in the first treatment cycle and declined significantly with increasing cycle order (P=0.006), while multiple PR did not change.\n\nQuestion: Is controlled ovarian stimulation in intrauterine insemination an acceptable therapy in couples with unexplained non-conception in the perspective of multiple pregnancies?\n\nAnswer the question with yes, no, or maybe.\nAnswer:\n	no
Context: To evaluate the usefulness of half-dose contrast-enhanced magnetic resonance (MR) angiography for depicting the abdominal aorta and its major branches. A total of 72 consecutive patients were randomly assigned to one of four groups that underwent MR angiography after receiving different concentrations (original or diluted to 50%) and total amounts (single or half-dose) of gadolinium chelate injected at different rates (1 or 0.5 mL/second). The signal-to-noise ratio (SNR) and contrast-to-noise ratio (CNR) of the abdominal aorta and of the common and external iliac arteries were calculated, and two blinded readers rated the respective image qualities. The SNR and CNR of the abdominal aorta and the common iliac artery in the 0.5 mL/second groups were statistically significantly lower than those in the 1 mL/second groups. The differences in overall image quality across the four groups were not statistically significant.\n\nQuestion: Is half-dose contrast-enhanced three-dimensional MR angiography sufficient for the abdominal aorta and pelvis?\n\nAnswer the question with yes, no, or maybe.\nAnswer:\n	yes
Context: Digital tomosynthesis (DT) is a new X-ray-based imaging technique that allows image enhancement with minimal increase in radiation exposure. The purpose of this study was to compare DT with noncontrast computed tomography (NCCT) and to evaluate its potential role for the follow-up of patients with nephrolithiasis in a nonemergent setting. A retrospective review of patients with nephrolithiasis at our institution that underwent NCCT and DT from July 2012 to September 2013 was performed. Renal units (RUs) that did not undergo treatment or stone passage were randomly assigned to two blinded readers, who recorded stone count, size area (mm(2)), maximum stone length (mm), and location, for both DT and NCCT. Mean differences per RU were compared. Potential variables affecting stone detection rate, including stone size and body mass index (BMI), were evaluated. Interobserver agreement was determined using the intraclass correlation coefficient to measure the consistency of measurements made by the readers. DT and NCCT demonstrated similar stone detection rates in terms of stone counts and stone area mm(2). Of the 79 RUs assessed, 41 RUs showed exact stone counts on DT and NCCT. The mean difference in stone area was 16.5 mm(2) (-4.6 to 38.5), p = 0.121. The mean size of the largest stone on NCCT and DT was 9.27 and 8.87 mm, respectively. Stone size and BMI did not cause a significant difference in stone detection rates. Interobserver agreement showed a strong correlation between readers and adequate reproducibility.\n\nQuestion: Digital Tomosynthesis: A Viable Alternative to Noncontrast Computed Tomography for the Follow-Up of Nephrolithiasis?\n\nAnswer the question with yes, no, or maybe.\nAnswer:\n	yes
Context: The aim of this study was to prospectively compare the diagnostic performance of magnetic resonance imaging (MRI), multidetector computed tomography (MDCT) and endoscopic ultrasonography (EUS) in the preoperative locoregional staging of gastric cancer. This study had Institutional Review Board approval, and informed consent was obtained from all patients. Fifty-two patients with biopsy-proven gastric cancer underwent preoperative 1.5-T MRI, 64-channel MDCT and EUS. All images were analysed blind, and the results were compared with histopathological findings according to the seventh edition of the TNM classification. After the population had been divided on the basis of the local invasion (T1-3 vs T4a-b) and nodal involvement (N0 vs N+), sensitivity, specificity, positive and negative predictive value, and accuracy were calculated and diagnostic performance measures were assessed using the McNemar test. For T staging, EUS showed higher sensitivity (94%) than MDCT and MRI (65 and 76%; p = 0.02 and p = 0.08). MDCT and MRI had significantly higher specificity (91 and 89%) than EUS (60%) (p = 0.0009 and p = 0.003). Adding MRI to MDCT or EUS did not result in significant differences for sensitivity. For N staging, EUS showed higher sensitivity (92%) than MRI and MDCT (69 and 73%; p = 0.01 and p = 0.02). MDCT showed better specificity (81%) than EUS and MRI (58 and 73%; p = 0.03 and p = 0.15).\n\nQuestion: Preoperative locoregional staging of gastric cancer: is there a place for magnetic resonance imaging?\n\nAnswer the question with yes, no, or maybe.\nAnswer:\n	no
Context: To assess the results of transsphenoidal pituitary surgery in patients with Cushing's disease over a period of 18 years, and to determine if there are factors which will predict the outcome. Sixty-nine sequential patients treated surgically by a single surgeon in Newcastle upon Tyne between 1980 and 1997 were identified and data from 61 of these have been analysed. Retrospective analysis of outcome measures. Patients were divided into three groups (remission, failure and relapse) depending on the late outcome of their treatment as determined at the time of analysis, i.e. 88 months (median) years after surgery. Remission is defined as biochemical reversal of hypercortisolism with re-emergence of diurnal circadian rhythm, resolution of clinical features and adequate suppression on low-dose dexamethasone testing. Failure is defined as the absence of any of these features. Relapse is defined as the re-emergence of Cushing's disease more than one year after operation. Clinical features such as weight, sex, hypertension, associated endocrine disorders and smoking, biochemical studies including preoperative and postoperative serum cortisol, urine free cortisol, serum ACTH, radiological, histological and surgical findings were assessed in relation to these three groups to determine whether any factors could reliably predict failure or relapse after treatment. Of the 61 patients included in this study, 48 (78.7%) achieved initial remission and 13 (21.3%) failed treatment. Seven patients suffered subsequent relapse (range 22-158 months) in their condition after apparent remission, leaving a final group of 41 patients (67.2%) in the remission group. Tumour was identified at surgery in 52 patients, of whom 38 achieved remission. In comparison, only 3 of 9 patients in whom no tumour was identified achieved remission. This difference was significant (P = 0.048). When both radiological and histological findings were positive, the likelihood of achieving remission was significantly higher than if both modalities were negative (P = 0.038). There were significant differences between remission and failure groups when 2- and 6-week postoperative serum cortisol levels (P = 0.002 and 0.001, respectively) and 6-week postoperative urine free cortisol levels (P = 0.026) were compared. This allowed identification of patients who failed surgical treatment in the early postoperative period. Complications of surgery included transitory DI in 13, transitory CSF leak in 8 and transitory nasal discharge and cacosmia in 3. Twelve of 41 patients required some form of hormonal replacement therapy despite achieving long-term remission. Thirteen patients underwent a second operation, of whom 5 achieved remission.\n\nQuestion: Transsphenoidal pituitary surgery in Cushing's disease: can we predict outcome?\n\nAnswer the question with yes, no, or maybe.\nAnswer:\n	yes
Context: To investigate the ability of a bedside swallowing assessment to reliably exclude aspiration following acute stroke. Consecutive patients admitted within 24 h of stroke onset to two hospitals. A prospective study. Where possible, all patients had their ability to swallow assessed on the day of admission by both a doctor and a speech and language therapist using a standardized proforma. A videofluoroscopy examination was conducted within 3 days of admission. 94 patients underwent videofluoroscopy; 20 (21%) were seen to be aspirating, although this was not detected at the bedside in 10. In 18 (22%) of the patients the speech and language therapist considered the swallow to be unsafe. In the medical assessment, 39 patients (41%) had an unsafe swallow. Bedside assessment by a speech and language therapist gave a sensitivity of 47%, a specificity of 86%, positive predictive value (PPV) of 50% and a negative predictive value (NPV) of 85% for the presence of aspiration. Multiple logistic regression was used to identify the optimum elements of the bedside assessments for predicting the presence of aspiration. A weak voluntary cough and any alteration in conscious level gave a sensitivity of 75%, specificity of 72%, PPV of 41% and NPV of 91% for aspiration.\n\nQuestion: Can bedside assessment reliably exclude aspiration following acute stroke?\n\nAnswer the question with yes, no, or maybe.\nAnswer:\n	no
Context: Ambulatory 24-h dual-channel pharyngeal and oesophageal pH monitoring is the standard test for measuring gastro-oesophageal and gastropharyngeal reflux. Artefacts caused by the intake of food may result in falsely positive gastropharyngeal reflux, which necessitates a manual review of 24-h pH data. The purpose of the study was to investigate the influence of meals and whether leaving out meals affected the reliability of the test. Patients referred for otolaryngological complaints, suspected to have been caused by gastro-oesophageal reflux, underwent 24-h dual-channel pH monitoring. The raw unprocessed pH data were corrected by visual inspection of the 24-h tracings (corrected data), by leaving out meals or meals plus a 2-h postprandrial period. The raw pH data were substantially influenced by artefacts of food intake and pseudoreflux. Data obtained by leaving out meals agreed best with manually corrected data. Many of the falsely positive reflux episodes could be removed, thereby inducing a 9%-18% chance of undetected reflux. When examining the fraction of time supine, manually corrected data and data leaving out meals were fully concordant and detected 79% of patients with gastropharyngeal reflux. However, leaving out meals plus a 2-h postprandrial period resulted in 21%-50% falsely negative tests.\n\nQuestion: Artefacts in 24-h pharyngeal and oesophageal pH monitoring: is simplification of pH data analysis feasible?\n\nAnswer the question with yes, no, or maybe.\nAnswer:\n	maybe
Context: The aim of this study was to analyze the properties of the immune cell microenvironment of regional lymph nodes (LNs) positive for lung cancer. Twenty-four patients operated on for stages T1 and T2 of the NSCLC, were enrolled in the study. Peripheral blood and LN tissue were obtained from different lymph node sites and levels. As a control, LN tissue was taken from patients diagnosed with emphysema or pneumothorax. The cells from randomly chosen LN were tested by multi-color flow cytometry. Separate portions of LN were snap-frozen and examined for the presence of cytokeratin positive cells (CK). Propensity for apoptosis, level of TCR zeta chain expression of T cells and the number and maturation status of dendritic cells were confronted with the presence of CK-positive cells. The presence of metastases correlated with the downregulation of TCR zeta, especially CD8(+) T cells. The most striking feature was the reduction in the number of myeloid CD11c(+) dendritic cells in the LN of patients with LN metastases. This could be a reflection of the immunodeficient state observed in lung cancer patients. Even in the absence of metastases in the regional LN, the same type of changes in the LN microenvironment were observed in those LN located nearer the primary tumor.\n\nQuestion: Can the condition of the cell microenvironment of mediastinal lymph nodes help predict the risk of metastases in non-small cell lung cancer?\n\nAnswer the question with yes, no, or maybe.\nAnswer:\n	yes
Context: The authors examined equivalence of wandering and physically nonaggressive agitation (PNA) as concepts. A cross-sectional correlational design was used. Participants were recruited from 22 nursing homes and 6 assisted living facilities in two states. Ambulatory residents meeting DSM-IV criteria for dementia (N = 181) were studied. Video-tapes for up to twelve 20-minute observations per participant were coded for wandering using an empirically derived taxonomy of ambulation patterns. Separate raters coded the same tapes for six PNA behaviors on the agitation behavior mapping instrument. Most participants (73.5%) wandered; all showed PNA behaviors. Factor analyses yielded an one-factor solution for wandering (explained variance = 43.66%) and a two-factor solution for PNA (explained variance = 53.45%). Overall wandering correlated significantly with PNA Factor 1 (df =179, r = 0.68, p<0.001) and Factor 2, but at a lower value (df = 179, r = 0.26, p<0.01).\n\nQuestion: Are wandering and physically nonaggressive agitation equivalent?\n\nAnswer the question with yes, no, or maybe.\nAnswer:\n	no
Context: Studies have linked ethnic differences in depression rates with neighbourhood ethnic density although results have not been conclusive. We looked at this using a novel approach analysing whole population data covering just over one million GP patients in four London boroughs. Using a dataset of GP records for all patients registered in Lambeth, Hackney, Tower Hamlets and Newham in 2013 we investigated new diagnoses of depression and antidepressant use for: Indian, Pakistani, Bangladeshi, black Caribbean and black African patients. Neighbourhood effects were assessed independently of GP practice using a cross-classified multilevel model. Black and minority ethnic groups are up to four times less likely to be newly diagnosed with depression or prescribed antidepressants compared to white British patients. We found an inverse relationship between neighbourhood ethnic density and new depression diagnosis for some groups, where an increase of 10% own-ethnic density was associated with a statistically significant (p<0.05) reduced odds of depression for Pakistani [odds ratio (OR) 0.81, 95% confidence interval (CI) 0.70-0.93], Indian (OR 0.88, CI 0.81-0.95), African (OR 0.88, CI 0.78-0.99) and Bangladeshi (OR 0.94, CI 0.90-0.99) patients. Black Caribbean patients, however, showed the opposite effect (OR 1.26, CI 1.09-1.46). The results for antidepressant use were very similar although the corresponding effect for black Caribbeans was no longer statistically significant (p = 0.07).\n\nQuestion: Does depression diagnosis and antidepressant prescribing vary by location?\n\nAnswer the question with yes, no, or maybe.\nAnswer:\n	yes
Context: Laparoscopic adrenalectomy (LA) has become the gold standard treatment for small (less than 6 cm) adrenal masses. However, the role of LA for large-volume (more than 6 cm) masses has not been well defined. Our aim was to evaluate, retrospectively, the outcome of LA for adrenal lesions larger than 7 cm. 18 consecutive laparoscopic adrenalectomies were performed from 1996 to 2005 on patients with adrenal lesions larger than 7 cm. The mean tumor size was 8.3 cm (range 7-13 cm), the mean operative time was 137 min, the mean blood loss was 182 mL (range 100-550 mL), the rate of intraoperative complications was 16%, and in three cases we switched from laparoscopic procedure to open surgery.\n\nQuestion: Is laparoscopic adrenalectomy safe and effective for adrenal masses larger than 7 cm?\n\nAnswer the question with yes, no, or maybe.\nAnswer:\n	yes
Context: The robust relationship between socioeconomic factors and health suggests that social and economic policies might substantially affect health, while other evidence suggests that medical care, the main focus of current health policy, may not be the primary determinant of population health. Income support policies are one promising avenue to improve population health. This study examines whether the federal cash transfer program to poor elderly, the Supplemental Security Income (SSI) program, affects old-age disability. This study uses the 1990 and 2000 censuses, employing state and year fixed-effect models, to test whether within-state changes in maximum SSI benefits over time lead to changes in disability among people aged sixty-five and older. Higher benefits are linked to lower disability rates. Among all single elderly individuals, 30 percent have mobility limitations, and an increase of $100 per month in the maximum SSI benefit caused the rate of mobility limitations to fall by 0.46 percentage points. The findings were robust to sensitivity analyses. First, analyses limited to those most likely to receive SSI produced larger effects, but analyses limited to those least likely to receive SSI produced no measurable effect. Second, varying the disability measure did not meaningfully alter the findings. Third, excluding the institutionalized, immigrants, individuals living in states with exceptionally large benefit changes, and individuals living in states with no SSI supplements did not change the substantive conclusions. Fourth, Medicaid did not confound the effects. Finally, these results were robust for married individuals.\n\nQuestion: Upstream solutions: does the supplemental security income program reduce disability in the elderly?\n\nAnswer the question with yes, no, or maybe.\nAnswer:\n	yes
Context: We sought to develop a more reliable structured implicit chart review instrument for use in assessing the quality of care for chronic disease and to examine if ratings are more reliable for conditions in which the evidence base for practice is more developed. We conducted a reliability study in a cohort with patient records including both outpatient and inpatient care as the objects of measurement. We developed a structured implicit review instrument to assess the quality of care over one year of treatment. 12 reviewers conducted a total of 496 reviews of 70 patient records selected from 26 VA clinical sites in two regions of the country. Each patient had between one and four conditions specified as having a highly developed evidence base (diabetes and hypertension) or a less developed evidence base (chronic obstructive pulmonary disease or a collection of acute conditions). Multilevel analysis that accounts for the nested and cross-classified structure of the data was used to estimate the signal and noise components of the measurement of quality and the reliability of implicit review. For COPD and a collection of acute conditions the reliability of a single physician review was quite low (intra-class correlation = 0.16-0.26) but comparable to most previously published estimates for the use of this method in inpatient settings. However, for diabetes and hypertension the reliability is significantly higher at 0.46. The higher reliability is a result of the reviewers collectively being able to distinguish more differences in the quality of care between patients (p<0.007) and not due to less random noise or individual reviewer bias in the measurement. For these conditions the level of true quality (i.e. the rating of quality of care that would result from the full population of physician reviewers reviewing a record) varied from poor to good across patients.\n\nQuestion: Profiling quality of care: Is there a role for peer review?\n\nAnswer the question with yes, no, or maybe.\nAnswer:\n	yes
Context: To report three cases illustrating that it is not unusual for a primary eyelid tumour to metastasise to the parotid gland and vice versa. Two patients with malignant parotid tumours underwent radical parotidectomy and presented subsequently with eyelid lesions. Biopsy showed that both eyelid lesions were histologically similar to the primary parotid tumour. A third patient was noted to have ipsilateral upper eyelid and parotid gland tumours. Histology and immunocytochemistry were used to differentiate the primary tumour and the metastasis.\n\nQuestion: Eyelid-parotid metastasis: do we screen for coexisting masses?\n\nAnswer the question with yes, no, or maybe.\nAnswer:\n	yes
Context: A growing body of research emphasizes the importance of contextual factors on health outcomes. Using postcode sector data for Scotland (UK), this study tests the hypothesis of spatial heterogeneity in the relationship between area-level deprivation and mortality to determine if contextual differences in the West vs. the rest of Scotland influence this relationship. Research into health inequalities frequently fails to recognise spatial heterogeneity in the deprivation-health relationship, assuming that global relationships apply uniformly across geographical areas. In this study, exploratory spatial data analysis methods are used to assess local patterns in deprivation and mortality. Spatial regression models are then implemented to examine the relationship between deprivation and mortality more formally. The initial exploratory spatial data analysis reveals concentrations of high standardized mortality ratios (SMR) and deprivation (hotspots) in the West of Scotland and concentrations of low values (coldspots) for both variables in the rest of the country. The main spatial regression result is that deprivation is the only variable that is highly significantly correlated with all-cause mortality in all models. However, in contrast to the expected spatial heterogeneity in the deprivation-mortality relationship, this relation does not vary between regions in any of the models. This result is robust to a number of specifications, including weighting for population size, controlling for spatial autocorrelation and heteroskedasticity, assuming a non-linear relationship between mortality and socio-economic deprivation, separating the dependent variable into male and female SMRs, and distinguishing between West, North and Southeast regions. The rejection of the hypothesis of spatial heterogeneity in the relationship between socio-economic deprivation and mortality complements prior research on the stability of the deprivation-mortality relationship over time.\n\nQuestion: Does context matter for the relationship between deprivation and all-cause mortality?\n\nAnswer the question with yes, no, or maybe.\nAnswer:\n	no
Context: The atopy patch test (APT), namely the patch test with aeroallergens, is regarded as specific for patients with atopic dermatitis (AD), but small numbers of positive APT were reported in the past also in atopic subjects without dermatitis and in healthy persons. The aim of this study was to evaluate the response to the APT with house dust mites (HDM) in subjects nonaffected by AD and to compare the outcomes observed in these cases with those pointed out in AD patients, evaluating also the differences between two allergen extracts manufactured at different purifications and concentrations. Forty-seven atopic subjects without eczema (AWE), 33 nonatopic (NA) subjects and 77 adult AD patients were patch tested with an extract of purified bodies of HDM at 20% and with another extract of whole bodies of HDM at 30%, the latter corresponding to 300 microg/g of Der p 1. The reproducibility of APT was also tested in 8 AD patients, in 37 AWE subjects and in 19 NA subjects. Positive responses with extract at 20% were observed in 29 (37.7%) AD, in 5 (10.6%) AWE and in 4 (12.1%) NA subjects. The APT with HDM at 30% was positive in 32 (41.6%) AD, 9 (19.1%) AWE and 4 (12.1%) NA persons. The rates of positivity and the intensity scores of responses were significantly different between AD and non-AD subjects (p<0.01). The reproducibility of the APT in the three groups was satisfactory.\n\nQuestion: Is the atopy patch test with house dust mites specific for atopic dermatitis?\n\nAnswer the question with yes, no, or maybe.\nAnswer:\n	yes
Context: The primary physis is responsible for longitudinal bone growth. Similarly, epiphysial growth relies on endochondral ossification from the circumferential secondary physeal [corrected]. injury can result in disruption of normal ossification. The cause of juvenile osteochondritis dissecans (OCD) remains elusive. We hypothesized that juvenile OCD results from an insult affecting endochondral ossification from the secondary physis. The purpose of our study was to evaluate the MRI appearance of the distal femoral epiphysis-particularly the secondary physis-of children with juvenile OCD and to compare these findings with the MRI findings of unaffected children. Knee MRI examinations of 30 children (age range, 8 years 8 months to 13 years 4 months) with OCD and 30 matched control patients were evaluated for skeletal maturity; location of the OCD lesion, if present; secondary physeal [corrected] continuity; overlying chondroepiphysial integrity, contour, and width; signal intensity of subchondral bone; and secondary physeal [corrected]conspicuity. Variables were compared using chi-square tests. All children were skeletally immature. Condylar lesions were medial in 24 knees and lateral in six knees. All were in the middle one third, posterior one third, or middle and posterior thirds in the sagittal plane. The majority of lesions spanned the intercondylar and middle one third of the femoral condyle in the coronal plane (73%). There was a significant difference between secondary physeal [corrected] disruption in juvenile OCD condyles compared with unaffected condyles (p<0.001) and control condyles (p<0.001). Compared with unaffected and control condyles, the OCD group showed chondroepiphysial widening (p<0.001) and subchondral bone edema (p<0.001) on MRI. Neither chondroepiphysial integrity nor chondroepiphysial contour was significantly different between groups (p = 0.21, p = 0.31, respectively).\n\nQuestion: Juvenile osteochondritis dissecans: is it a growth disturbance of the secondary physis of the epiphysis?\n\nAnswer the question with yes, no, or maybe.\nAnswer:\n	yes
Context: Recent studies have demonstrated that statins have pleiotropic effects, including anti-inflammatory effects and atrial fibrillation (AF) preventive effects. The objective of this study was to assess the efficacy of preoperative statin therapy in preventing AF after coronary artery bypass grafting (CABG). 221 patients underwent CABG in our hospital from 2004 to 2007. 14 patients with preoperative AF and 4 patients with concomitant valve surgery were excluded from this study. Patients were divided into two groups to examine the influence of statins: those with preoperative statin therapy (Statin group, n = 77) and those without it (Non-statin group, n = 126). In addition, patients were divided into two groups to determine the independent predictors for postoperative AF: those with postoperative AF (AF group, n = 54) and those without it (Non-AF group, n = 149). Patient data were collected and analyzed retrospectively. The overall incidence of postoperative AF was 26%. Postoperative AF was significantly lower in the Statin group compared with the Non-statin group (16% versus 33%, p = 0.005). Multivariate analysis demonstrated that independent predictors of AF development after CABG were preoperative statin therapy (odds ratio [OR]0.327, 95% confidence interval [CI] 0.107 to 0.998, p = 0.05) and age (OR 1.058, 95% CI 1.004 to 1.116, p = 0.035).\n\nQuestion: Do preoperative statins reduce atrial fibrillation after coronary artery bypass grafting?\n\nAnswer the question with yes, no, or maybe.\nAnswer:\n	yes
Context: To understand which genes are really involved in the implantation process, we planned to study the gene basal expression profile during the window of implantation (WOI) of patients who became pregnant in a subsequent ICSI cycle. Women attending their first ICSI cycle at ANDROS Day Surgery for severe male factor infertility were included in the study. An endometrial biopsy was performed during the WOI, in one of the last two cycles before the ICSI cycle. Forty-seven selected gene profiles were analyzed using Low Density Array technology. Only biopsies from women who subsequently became pregnant were evaluated, to exclude any bias regarding embryo viability and embryo transfer difficulties. Fifteen patients were included in the analysis as they became pregnant after ICSI procedure. Four of 47 selected genes were excluded from the analysis. Of the 43 genes analyzed, only 6 genes (VEGFA, PLA2G2A, ALPL, LIF, NNMT and STC1) showed a statistically uniform expression among patients who subsequently became pregnant. For all the other genes analyzed there were considerable differences in their expression levels amongst women who subsequently became pregnant.\n\nQuestion: Is there a uniform basal endometrial gene expression profile during the implantation window in women who became pregnant in a subsequent ICSI cycle?\n\nAnswer the question with yes, no, or maybe.\nAnswer:\n	maybe
Context: In this study, an expert panel assessed causality of adverse reports by using the WHO global introspection (GI) method. The same reports were independently assessed using 15 published algorithms. The causality assessment level 'possible' was considered the lower limit for a report to be considered to be drug related. For a given algorithm, sensitivity was determined by the proportion of reports simultaneously classified as drug related by the algorithm and the GI method. Specificity was measured as the proportion of reports simultaneously considered non-drug related. The analysis was performed for the total sample and within serious or unexpected events. Five hundred adverse reports were studied. Algorithms presented high rates of sensitivity (average of 93%, positive predictive value of 89%) and low rates of specificity (average of 7%, negative predictive value of 31%).\n\nQuestion: Can decisional algorithms replace global introspection in the individual causality assessment of spontaneously reported ADRs?\n\nAnswer the question with yes, no, or maybe.\nAnswer:\n	no
Context: Arterial catheters are routinely used to sample blood for clotting studies in most cardiothoracic intensive care units. The clotting profile in surgical bleeding after cardiac surgery influences further management. Aspiration and discard of a certain amount of blood from the line, prior to sampling, are assumed to clear heparin contamination. We have investigated this assumption through analysis of the clotting profile by simultaneous arterial line and peripheral venous samples. The morning following cardiac surgery, simultaneous arterial line and peripheral venous blood samples were taken for activated plasma thromboplastin time (APTT) ratio and international normalized ratio (INR) in 49 randomly selected patients. Also, a thromboelastogram analysis (TEG) (n = 7) was made. A survey of 22 UK cardiothoracic intensive care units was carried out to determine the practice for the withdrawal of blood for clotting studies. The median arterial APTT ratio value was 1.32 +/- 0.52 as compared to the median peripheral APTT ratio value which was 1.1 +/- 0.24 (P<0.001). INR values were statistically similar by both routes. Heparin contamination was confirmed by TEG which revealed that the R-value for arterial catheter blood samples without heparinase in the cup was higher (406.00 +/- 64.44 s) compared with the value for arterial samples with heparinase in the cup (318.28 +/- 47.26s, P<0.05). The survey of 22 UK cardiothoracic intensive care units showed that heparinized arterial lines were by far the commonest ports used for blood withdrawal for the measurement of APTT ratio results.\n\nQuestion: Can we rely on arterial line sampling in performing activated plasma thromboplastin time after cardiac surgery?\n\nAnswer the question with yes, no, or maybe.\nAnswer:\n	no
Context: It was the aim of the present study to elaborate criteria for the assessment of rapid hemodynamic progression of valvar aortic stenosis. These criteria are of special importance when cardiac surgery is indicated for other reasons but the established criteria for aortic valve replacement are not yet fulfilled. Such aspects of therapeutic planing were mostly disregarded in the past so that patients had to undergo cardiac reoperation within a few years. Hemodynamic, echocardiographic, and clinical data of 169 men and 88 women with aortic stenosis, aged 55.2 +/- 15.7 years at their first and 63.4 +/- 15.6 years at their second cardiac catheterization, were analyzed. The progression rate of aortic valve obstruction was found to be dependent on the degree of valvar calcification ([VC] scoring 0 to III) and to be exponentially correlated with the aortic valve opening area (AVA) at initial catheterization. Neither age nor sex of the patient nor etiology of the valvar obstruction significantly influence the progression of aortic stenosis. If AVA decreases below 0.75 cm(2) with a present degree of VC = 0, or AVA of 0.8 with VC of I, AVA of 0.9 with VC of II, or AVA of 1.0 with VC of III, it is probable that aortic stenosis will have to be operated upon in the following years.\n\nQuestion: Can progression of valvar aortic stenosis be predicted accurately?\n\nAnswer the question with yes, no, or maybe.\nAnswer:\n	yes
Context: In this study we investigated whether the association between measures of fetal growth restriction and intellectual performance was mediated by socioeconomic or familial factors. This was a population-based cohort study of 357,768 Swedish males born as singletons without congenital malformations between 1973 and 1981. The main outcome measure was intellectual performance at military conscription. Compared with men born with appropriate birth weight for gestational age, men born light for gestational age suffered an increased risk of low intellectual performance after adjustment for maternal and socioeconomic factors. The increase in risk of low intellectual performance related to a decrease in birth weight for gestational age was similar between families and within families. Men born short or with a small head circumference for gestational age were also at increased risk of low intellectual performance, both when adjusting for maternal and socioeconomic factors and within families.\n\nQuestion: Birth characteristics and risk of low intellectual performance in early adulthood: are the associations confounded by socioeconomic factors in adolescence or familial effects?\n\nAnswer the question with yes, no, or maybe.\nAnswer:\n	no
Context: Prospective multicenter longitudinal cohort study. To validate the prognostic value of the acute phase sacral sparing measurements with regard to chronic phase-independent ambulation in patients with traumatic spinal cord injury (SCI). European Multicenter Study of Human Spinal Cord Injury (EM-SCI). In 432 patients, acute phase (0-15 days) American Spinal Injury Association (ASIA)/International Spinal Cord Society neurological standard scale (AIS) grades, ASIA sacral sparing measurements, which are S4-5 light touch (LT), S4-5 pin prick (PP), anal sensation and voluntary anal contraction; and chronic phase (6 or 12 months) indoor mobility Spinal Cord Independence Measure (SCIM) measurements were analyzed. Calculations of positive and negative predictive values (PPV/NPV) as well as univariate and multivariate logistic regressions were performed in all four sacral sparing criteria. The area under the receiver-operating characteristic curve (AUC) ratios of all regression equations was calculated. To achieve independent ambulation 1-year post injury, a normal S4-5 PP score showed the best PPV (96.5%, P<0.001, 95% confidence interval (95% CI): 87.9-99.6). Best NPV was reported in the S4-5 LT score (91.7%, P<0.001, 95% CI: 81.6-97.2). The use of the combination of only voluntary anal contraction and the S4-5 LT and PP sensory scores (AUC: 0.906, P<0.001, 95% CI: 0.871-0.941) showed significantly better (P<0.001, 95% CI: 0.038-0.128) discriminating results in prognosticating 1-year independent ambulation than with the use of currently used distinction between complete and incomplete SCI (AUC: 0.823, P<0.001, 95% CI: 0.781-0.864).\n\nQuestion: Is determination between complete and incomplete traumatic spinal cord injury clinically relevant?\n\nAnswer the question with yes, no, or maybe.\nAnswer:\n	maybe
Context: Our hypothesis is that the adoption of Department of Health (DH) guidance has led to an improvement in outcome in gynaecological cancer survival. In 1999 the DH in England introduced the Improving Outcomes in Gynaecological Cancer guidance, advising case management by multidisciplinary teams with surgical concentration in specialist hospitals. This guidance was rapidly adopted in the East of England, with a population of 2.5 million. The population of the Anglia Cancer Network was approximately 2.3 million. From 1996 to 2003, details of 3406 cases of gynaecological cancer were identified in the Anglia region of England. Survival analysis was performed by Cox proportional hazards regression, relative to cases diagnosed in 1996. Primary endpoint was survival. The survival rates for cases diagnosed between 1996 and 1999 were broadly the same across the time period, with a marked improvement taking place in 2000, and continuing to 2003 (HR 0.71, 95% CI 0.64-0.79, comparing 2000-03 with 1996-99 diagnoses), for all gynaecological sites combined. Adjustment for treatments or method of case follow-up did not attenuate these improvements. There was a concurrent change towards major surgery being performed in specialist centres from 2000.\n\nQuestion: Improvements in survival of gynaecological cancer in the Anglia region of England: are these an effect of centralisation of care and use of multidisciplinary management?\n\nAnswer the question with yes, no, or maybe.\nAnswer:\n	yes
Context: To assess pain-related attentional biases among individuals with episodic migraine. Prior studies have examined whether chronic pain patients selectively attend to pain-related stimuli in the environment, but these studies have produced largely mixed findings and focused primarily on patients with chronic musculoskeletal pain. Limited research has implicated attentional biases among chronic headache patients, but no studies have been conducted among episodic migraineurs, who comprise the overwhelming majority of the migraine population. This was a case-control, experimental study. Three hundred and eight participants (mean age = 19.2 years [standard deviation = 3.3]; 69.5% female; 36.4% minority), consisting of 84 episodic migraineurs, diagnosed in accordance with International Classification of Headache Disorders (2(nd) edition) criteria using a structured diagnostic interview, and 224 non-migraine controls completed a computerized dot probe task to assess attentional bias toward headache-related pictorial stimuli. The task consisted of 192 trials and utilized 2 emotional-neutral stimulus pairing conditions (headache-neutral and happy-neutral). No within-group differences for reaction time latencies to headache vs happy conditions were found among those with episodic migraine or among the non-migraine controls. Migraine status was unrelated to attentional bias indices for both headache (F [1,306] = 0.56, P = .45) and happy facial stimuli (F [1,306] = 0.37, P = .54), indicating a lack of between-group differences. Lack of within- and between-group differences was confirmed with repeated measures analysis of variance.\n\nQuestion: Do episodic migraineurs selectively attend to headache-related visual stimuli?\n\nAnswer the question with yes, no, or maybe.\nAnswer:\n	no
Context: This was a study to compare the results of mitral valve (MV) repair and MV replacement for the treatment of functional mitral regurgitation (MR) in advanced dilated and ischemic cardiomyopathy (DCM). One-hundred and thirty-two patients with severe functional MR and systolic dysfunction (mean ejection fraction 0.32 ± 0.078) underwent mitral surgery in the same time frame. The decision to replace rather than repair the MV was taken when 1 or more echocardiographic predictors of repair failure were identified at the preoperative echocardiogram. Eighty-five patients (64.4%) received MV repair and 47 patients (35.6%) received MV replacement. Preoperative characteristics were comparable between the 2 groups. Only ejection fraction was significantly lower in the MV repair group (0.308 ± 0.077 vs 0.336 ± 0.076, p = 0.04). Hospital mortality was 2.3% for MV repair and 12.5% for MV replacement (p = 0.03). Actuarial survival at 2.5 years was 92 ± 3.2% for MV repair and 73 ± 7.9% for MV replacement (p = 0.02). At a mean follow-up of 2.3 years (median, 1.6 years), in the MV repair group LVEF significantly increased (from 0.308 ± 0.077 to 0.382 ± 0.095, p<0.0001) and LV dimensions significantly decreased (p = 0.0001). On the other hand, in the MV replacement group LVEF did not significantly change (from 0.336 ± 0.076 to 0.31 ± 0.11, p = 0.56) and the reduction of LV dimensions was not significant. Mitral valve replacement was identified as the only predictor of hospital (odds ratio, 6; 95% confidence interval, 1.1 to 31; p = 0.03) and overall mortality (hazard ratio, 3.1; 95% confidence interval, 1.1 to 8.9; p = 0.02).\n\nQuestion: Mitral replacement or repair for functional mitral regurgitation in dilated and ischemic cardiomyopathy: is it really the same?\n\nAnswer the question with yes, no, or maybe.\nAnswer:\n	no
Context: To study whether nontriploid partial hydatidiform moles truly exist. We conducted a reevaluation of pathology and ploidy in 19 putative nontriploid partial hydatidiform moles using standardized histologic diagnostic criteria and repeat flow cytometric testing by the Hedley technique. On review of the 19 moles, 53% (10/19) were diploid nonpartial moles (initially pathologically misclassified), and 37% (7/19) were triploid partial moles (initial ploidy misclassifications). One additional case (5%) was a diploid early complete mole (initially pathologically misclassified).\n\nQuestion: Do nontriploid partial hydatidiform moles exist?\n\nAnswer the question with yes, no, or maybe.\nAnswer:\n	no
Context: Children referred with symptomatic gallstones complicating HS between April 1999 and April 2009 were prospectively identified and reviewed retrospectively. During this period, the policy was to undertake concomitant splenectomy only if indicated for haematological reasons and not simply because of planned cholecystectomy. A total of 16 patients (mean age 10.4, range 3.7 to 16 years, 11 women) with HS and symptomatic gallstones underwent cholecystectomy. Three patients subsequently required a splenectomy for haematological reasons 0.8-2.5 years after cholecystectomy; all three splenectomies were performed laparoscopically. There were no postoperative complications in the 16 patients; postoperative hospital stay was 1-3 days after either cholecystectomy or splenectomy. The 13 children with a retained spleen remain under regular review by a haematologist (median follow-up 4.6, range 0.5 to 10.6 years) and are well and transfusion independent.\n\nQuestion: Is cholecystectomy really an indication for concomitant splenectomy in mild hereditary spherocytosis?\n\nAnswer the question with yes, no, or maybe.\nAnswer:\n	no
Context: To date, no prospective comparative study of the diagnostic value of STIR versus T1-weighted (T1w) sequences at both 1.5 T and 3 T has been performed with special focus on the detectability of bone metastases. 212 oncological patients had a whole-body MRI at 1.5 T and/or at 3 T. The standard protocol comprised STIR and T1w sequences. All patients who showed typical signs of bone metastases were included in the study. Evaluation of the images was performed by the calculation of the number of metastases by three independent readers and by visual assessment on a 4-point scale. 86 patients fulfilled the inclusion criteria. The total number of metastases was significantly higher on T1w than on STIR images at both field strengths (p<0.05). T1w revealed a sensitivity of 99.72% (3 T) and 100.00% (1.5 T) versus STIR with 70.99 % (3 T) and 79.34 % (1.5 T). In 53% (38/72) of all patients, STIR detected fewer bone metastases in comparison with T1w at 3 T. At 1.5 T, STIR showed inferior results in 37.5 % (18/48) of all patients. Qualitative analysis indicated a significantly better lesion conspicuity, lesion delineation and an improved image quality on T1w compared to STIR imaging at both field strengths (p<0.05) with similar results for T1w at 1.5 T and 3 T, but inferior results for STIR especially at 3 T.\n\nQuestion: MR Diagnosis of Bone Metastases at 1.5 T and 3 T: Can STIR Imaging Be Omitted?\n\nAnswer the question with yes, no, or maybe.\nAnswer:\n	yes
Context: There is controversy surrounding the optimal management of the testicular remnant associated with the vanishing testes syndrome. Some urologists advocate the need for surgical exploration, whereas others believe this is unnecessary. These differing opinions are based on the variable reports of viable germ cell elements found within the testicular remnants. To better understand the pathology associated with this syndrome and the need for surgical management, we reviewed our experience regarding the incidence of viable germ cell elements within the testicular remnant. An institutional review board-approved, retrospective review was performed of all consecutive patients undergoing exploration for a nonpalpable testis at Eastern Virginia Medical School and Geisinger Medical Center between 1994 and 2006. Patients who were found to have spermatic vessels and a vas deferens exiting a closed internal inguinal ring were included in this analysis. Fifty-six patients underwent removal of the testicular remnant. Patient age ranged from 11 to 216 months. In 8 of the specimens (14%), we identified viable germ cell elements. In an additional 4 patients (7%), we identified seminiferous tubules without germ cell elements.\n\nQuestion: Histologic evaluation of the testicular remnant associated with the vanishing testes syndrome: is surgical management necessary?\n\nAnswer the question with yes, no, or maybe.\nAnswer:\n	yes
Context: It has been suggested that increasing obesity levels in young women lead to intrauterine environments that, in turn, stimulate increased obesity among their offspring, generating an intergenerational acceleration of obesity levels. If this mechanism is important, the association of maternal body mass index (BMI) with offspring BMI should be stronger than the association of paternal with offspring BMI. To compare the relative strengths of association of maternal and paternal BMI with offspring BMI at age 7.5, taking into account the possible effect of non-paternity. We compared strength of association for maternal-offspring and paternal-offspring BMI for 4654 complete parent-offspring trios in the Avon Longitudinal Study of Parents and Children (ALSPAC), using unstandardised and standardised regression analysis. We carried out a sensitivity analysis to investigate the influence of non-paternity on these associations. The strength of association between parental BMI and offspring BMI at age 7.5 was similar for both parents. Taking into account correlations between maternal and paternal BMI, performing standardised rather than unstandardised regression and carrying out a sensitivity analysis for non-paternity emphasised the robustness of the general similarity of the associations. The associations between high parental BMI (top decile) and offspring BMI are also similar for both parents.\n\nQuestion: Is there an intrauterine influence on obesity?\n\nAnswer the question with yes, no, or maybe.\nAnswer:\n	no
Context: Cutaneous melanoma in nonwhite persons has a manifestation and a prognosis that are different than those of cutaneous melanoma in white persons. Case series. Tertiary care university-affiliated community medical center located in a multiethnic state in which white persons are a minority of the population. Consecutive series of 357 patients with melanoma seen between January 1994 and August 2003. Ethnicity, age, sex, primary site, tumor thickness, nodal status, stage at diagnosis, and survival. There were 208 men and 149 women who ranged in age from 15 to 93 years (mean, 58 years). Twenty-two patients initially had unknown primary sites. Of these 357 patients, 67 (18.7%) were nonwhite. There was no statistically significant difference in the age (P =.10) or sex (P =.57) distribution of these 2 populations. Nonwhite patients at initial diagnosis had thicker tumors (P =.002), more frequently had ulcerated primary tumors (P<.001), more frequently had positive nodes (P =.004), and were at a more advanced stage (P =.002) than their white counterparts. The anatomic distribution between the 2 populations was significantly different (P<.001), with a high incidence of melanoma on the sole and subungual locations and a substantially less frequent occurrence on the head and neck, trunk, and extremities in the nonwhite population when compared with the white population. The overall survival rate of the nonwhite patients was significantly worse than that of the white patients, but when stratified by stage at initial diagnosis, there was no difference in outcome.\n\nQuestion: Cutaneous melanoma in a multiethnic population: is this a different disease?\n\nAnswer the question with yes, no, or maybe.\nAnswer:\n	maybe
Context: Neuromedin U (NmU) is a neuropeptide with anorexigenic activity. Two receptor subtypes (NmUR1 and NmUR2) confer the effects of NmU on target cells. We have recently demonstrated that NmU reduces insulin secretion from isolated pancreatic islets. Aim of our current study is to investigate the role of somatostatin at mediating the effects of NmU on insulin secretion. Expression of NmU in the pancreas was detected by immunohistochemistry. Insulin and somatostatin secretion from in situ perfused rat pancreas and isolated pancreatic islets was measured by radioimmunoassay. The paracrine effects of somatostatin within pancreatic islets were blocked by cyclosomatostatin, a somatostatin receptor antagonist. Receptor subtype NmUR1, but not NmUR2, was expressed in the endocrine pancreas, predominantly in the periphery. Neuromedin U reduced insulin secretion from in situ perfused rat pancreas and stimulated somatostatin secretion from isolated pancreatic islets. Neuromedin U stimulated somatostatin secretion at both physiological and supraphysiological glucose concentrations. Cyclosomatostatin increased insulin secretion and reduced NmU-induced inhibition of insulin secretion.\n\nQuestion: Does somatostatin confer insulinostatic effects of neuromedin u in the rat pancreas?\n\nAnswer the question with yes, no, or maybe.\nAnswer:\n	yes
Context: Kell haemolytic disease in pregnancies has been suggested to be associated with decreased fetal platelet counts. The aim of this study was to evaluate the incidence and clinical significance of fetal thrombocytopenia in pregnancies complicated by Kell alloimmunization. In this retrospective cohort study, fetal platelet counts were performed in 42 pregnancies with severe Kell alloimmunization prior to the first intrauterine blood transfusion. Platelet counts from 318 first intrauterine transfusions in RhD alloimmunized pregnancies were used as controls. Fetal thrombocytopenia (platelet count<150 x 10(9)/l) was found in 4/42 (10%) in the Kell group and in 84/318 (26%) in the RhD group. None of the fetuses in the Kell alloimmunized pregnancies, including 15 with severe hydrops, had a clinically significant thrombocytopenia defined as a platelet count<50 x 10(9)/l. In the RhD alloimmunized pregnancies, 2/230 (1%) of the non-hydropic fetuses and 7/30 (23%) of the severely hydropic fetuses had a clinically significant thrombocytopenia.\n\nQuestion: Kell alloimmunization in pregnancy: associated with fetal thrombocytopenia?\n\nAnswer the question with yes, no, or maybe.\nAnswer:\n	no
Context: The identification of the most suspect enhancing part of a lesion is regarded as a major diagnostic criterion in dynamic magnetic resonance mammography. Computer-aided diagnosis (CAD) software allows the semi-automatic analysis of the kinetic characteristics of complete enhancing lesions, providing additional information about lesion vasculature. The diagnostic value of this information has not yet been quantified. Consecutive patients from routine diagnostic studies (1.5 T, 0.1 mmol gadopentetate dimeglumine, dynamic gradient-echo sequences at 1-minute intervals) were analyzed prospectively using CAD. Dynamic sequences were processed and reduced to a parametric map. Curve types were classified by initial signal increase (not significant, intermediate, and strong) and the delayed time course of signal intensity (continuous, plateau, and washout). Lesion enhancement was measured using CAD. The most suspect curve, the curve-type distribution percentage, and combined dynamic data were compared. Statistical analysis included logistic regression analysis and receiver-operating characteristic analysis. Fifty-one patients with 46 malignant and 44 benign lesions were enrolled. On receiver-operating characteristic analysis, the most suspect curve showed diagnostic accuracy of 76.7 +/- 5%. In comparison, the curve-type distribution percentage demonstrated accuracy of 80.2 +/- 4.9%. Combined dynamic data had the highest diagnostic accuracy (84.3 +/- 4.2%). These differences did not achieve statistical significance. With appropriate cutoff values, sensitivity and specificity, respectively, were found to be 80.4% and 72.7% for the most suspect curve, 76.1% and 83.6% for the curve-type distribution percentage, and 78.3% and 84.5% for both parameters.\n\nQuestion: Application of computer-aided diagnosis (CAD) in MR-mammography (MRM): do we really need whole lesion time curve distribution analysis?\n\nAnswer the question with yes, no, or maybe.\nAnswer:\n	no
Context: The aim of the study was to evaluate, if elderly persons are sufficiently protected against infectious diseases by vaccination. 300 elderly (>60 years) and 300 young (<35 years) persons from five Austrian cities were recruited according to the criteria of a field study. Antibody concentrations against tetanus, diphtheria, tickborne encephalitis and influenza were assessed by ELISA or by haemagglutination inhibition test. Disease and vaccination histories were recorded. The results of the study demonstrate that protection against infectious diseases was frequently insufficient in the elderly. This was partly due to the fact that old persons were not vaccinated according to recommended strategies. However, low antibody concentration and a short duration of protective humoral immunity were also observed in many elderly persons in spite of regular vaccination. This was not only the case in frail, but also in healthy elderlies.\n\nQuestion: Vaccine protection in the elderly: are Austrian seniors adequately protected by vaccinations?\n\nAnswer the question with yes, no, or maybe.\nAnswer:\n	no
Context: The aim of this study was to determine the proportion of patients who were referred to specialist care after reporting gynecological cancer alarm symptoms to their general practitioner. We sought to investigate whether contact with specialist care was associated with lifestyle factors or socioeconomic status. Nationwide population-based prospective cohort study in Denmark, based on a random sample of 51 090 women aged 20 years or older from the general population. A web-based questionnaire regarding gynecological alarm symptoms and lifestyle was distributed to the invited individuals. Data about contact with specialist care were obtained from the National Patient Register and the National Health Insurance Service Registry, whereas information about socioeconomic status was collected from Statistics Denmark. Main outcome measures were percentages of patients having contact with specialist care and odds ratios (ORs) for associations between specialist care contact, lifestyle factors and socioeconomic status. The study included 25 866 nonpregnant women; 2957 reported the onset of at least one gynecological cancer alarm symptom, and 683 of these (23.1%) reported symptoms to their general practitioner. The proportion of individuals having contact with specialist care ranged from 39.3% (pain during intercourse) to 47.8% (bleeding during intercourse). Individuals with higher educational level had significantly higher odds of contact with a specialist (OR 1.86, 95% CI 1.17-2.95).\n\nQuestion: Gynecological cancer alarm symptoms: is contact with specialist care associated with lifestyle and socioeconomic status?\n\nAnswer the question with yes, no, or maybe.\nAnswer:\n	yes
Context: Peripheral venous thrombophlebitis (PVT) is a common complication of intravenous cannulation, occurring in about 30% of patients. We evaluated the effect of elective re-siting of intravenous cannulae every 48 hours on the incidence and severity of PVT in patients receiving intravenous fluids/drugs. We randomized 42 patients who were admitted for major abdominal surgery to either the control or study group (n = 21 in either group). Informed consent was obtained from all of them. Cannulae in the control group were removed only if the site became painful, the cannula got dislodged or there were signs and symptoms suggestive of PVT, namely pain, erythema, swelling, excessive warmth or a palpable venous cord. Cannulae in the study group were changed and re-sited electively every 48 hours. All the patients were examined every 24 hours for signs and symptoms of PVT at the current and previous sites of infusion. The incidence of PVT was 100% (21/21) in the control group and only 9.5% (2/21) in the study group (p<0.0001). The severity of PVT was also less in the study group compared with that in the control group. Day-wise correlation of the incidence of PVT showed that 82.6% of the episodes of PVT occurred on day 3.\n\nQuestion: Does elective re-siting of intravenous cannulae decrease peripheral thrombophlebitis?\n\nAnswer the question with yes, no, or maybe.\nAnswer:\n	yes
Context: Women's vulnerability for a first lifetime-onset of major depressive disorder (MDD) during midlife is substantial. It is unclear whether risk factors differ for first lifetime-onset and recurrent MDD. Identifying these risk factors can provide more focused depression screening and earlier intervention. This study aims to evaluate whether lifetime psychiatric and health histories, personality traits, menopausal status and factors that vary over time, e.g. symptoms, are independent risk factors for first-onset or recurrent MDD across 13 annual follow-ups. Four hundred and forty-three women, aged 42-52 years, enrolled in the Study of Women's Health Across the Nation in Pittsburgh and participated in the Mental Health Study. Psychiatric interviews obtained information on lifetime psychiatric disorders at baseline and on occurrences of MDD episodes annually. Psychosocial and health-related data were collected annually. Cox multivariable analyses were conducted separately for women with and without a MDD history at baseline. Women without lifetime MDD at baseline had a lower risk of developing MDD during midlife than those with a prior MDD history (28% v. 59%) and their risk profiles differed. Health conditions prior to baseline and during follow-ups perception of functioning (ps<0.05) and vasomotor symptoms (VMS) (p = 0.08) were risk factors for first lifetime-onset MDD. Being peri- and post-menopausal, psychological symptoms and a prior anxiety disorder were predominant risk factors for MDD recurrence.\n\nQuestion: Risk factors for major depression during midlife among a community sample of women with and without prior major depression: are they the same or different?\n\nAnswer the question with yes, no, or maybe.\nAnswer:\n	no
Context: To determine the rate of early infection for totally implantable venous access devices (TIVADs) placed without antibiotic prophylaxis. A list of patients who underwent TIVAD placement in 2009 was obtained from the patient archiving and communication system (PACS). This list was cross-referenced to all patients who underwent TIVAD removal from January 1, 2009, through January 30, 2010, to identify TIVADs that were removed within 30 days of placement. Retrospective chart review was performed to record patient demographics, including age, sex, cancer diagnosis, and indication for removal. Concurrent antibiotic therapy, chemotherapy, and laboratory data before and within 30 days of placement were recorded. Central line-associated bloodstream infections (CLABSIs) were identified using U.S. Centers for Disease Control and Prevention (CDC) criteria. There were 1,183 ports placed and 13 removed. CLABSIs occurred in seven (0.6%) patients within 30 days of placement. At the time of TIVAD placement, 81 (7%) patients were receiving antibiotics incidental to the procedure. One patient who received an antibiotic the day of implantation developed a CLABSI. Chemotherapy was administered to 148 (13%) patients on the day of placement.\n\nQuestion: Totally implantable venous access device placement by interventional radiologists: are prophylactic antibiotics necessary?\n\nAnswer the question with yes, no, or maybe.\nAnswer:\n	no
Context: To evaluate the effects of insulin 30/70 twice daily or bedtime isophane (NPH) insulin plus continued sulfonylurea and metformin in patients with type 2 diabetes in primary care. Open-label, randomized trial. Persons younger than 76 years with type 2 diabetes whose disease had not been controlled with oral hypoglycemic agents alone. A total of 64 insulin-naive patients treated with maximal feasible dosages of sulfonylurea and metformin (baseline glycosylated hemoglobin [HbA1c]=8.5%) were randomly assigned to insulin monotherapy (IM group; n=31) or insulin in addition to unchanged oral hypoglycemic medication (IC group; n=33) for 12 months. Insulin doses were adjusted to obtain fasting glucose<7.0 mmol/L and postprandial glucose<10.0 mmol/L. Outcome measures included HbA1c, treatment failure, weight, hypoglycemic events and symptoms, satisfaction with treatment, general well-being, and fear of injecting insulin and testing. HbA1c improved from 8.3% to 7.6% in the IC group, and from 8.8% to 7.6% in the IM group (P=NS). The IC group had 24% treatment failures, compared with 2% in the IM group (P=.09). Patients in the IC group had less weight gain than those in the IM group (1.3 vs 4.2 kg; P=.01), and they reported fewer hypoglycemic events (2.7 vs 4.3; P=.02). Increased satisfaction with treatment was equal in the 2 groups, and general well-being improved by 3.0 points more in the IC group (P=.05). Fear of self-injecting and self-testing did not differ.\n\nQuestion: Starting insulin in type 2 diabetes: continue oral hypoglycemic agents?\n\nAnswer the question with yes, no, or maybe.\nAnswer:\n	yes
Context: Current guidelines for the treatment of uncomplicated urinary tract infection (UTI) in women recommend empiric therapy with antibiotics for which local resistance rates do not exceed 10-20%. We hypothesized that resistance rates of Escherichia coli to fluoroquinolones may have surpassed this level in older women in the Israeli community setting. To identify age groups of women in which fluoroquinolones may no longer be appropriate for empiric treatment of UTI. Resistance rates for ofloxacin were calculated for all cases of uncomplicated UTI diagnosed during the first 5 months of 2005 in a managed care organization (MCO) in Israel, in community-dwelling women aged 41-75 years. The women were without risk factors for fluoroquinolone resistance. Uncomplicated UTI was diagnosed with a urine culture positive for E. coli. The data set was stratified for age, using 5 year intervals, and stratum-specific resistance rates (% and 95% CI) were calculated. These data were analyzed to identify age groups in which resistance rates have surpassed 10%. The data from 1291 urine cultures were included. The crude resistance rate to ofloxacin was 8.7% (95% CI 7.4 to 10.2). Resistance was lowest among the youngest (aged 41-50 y) women (3.2%; 95% CI 1.11 to 5.18), approached 10% in women aged 51-55 years (7.1%; 95% CI 3.4 to 10.9), and reached 19.86% (95% CI 13.2 to 26.5) among the oldest women (aged 56-75 y).\n\nQuestion: Empiric treatment of uncomplicated urinary tract infection with fluoroquinolones in older women in Israel: another lost treatment option?\n\nAnswer the question with yes, no, or maybe.\nAnswer:\n	maybe
Context: In the prehospital setting, Emergency Medical Services (EMS) professionals rely on providing positive pressure ventilation with a bag-valve-mask (BVM). Multiple emergency medicine and critical care studies have shown that lung-protective ventilation protocols reduce morbidity and mortality. Our primary objective was to determine if a group of EMS professionals could provide ventilations with a smaller BVM that would be sufficient to ventilate patients. Secondary objectives included 1) if the pediatric bag provided volumes similar to lung-protective ventilation in the hospital setting and 2) compare volumes provided to the patient depending on the type of airway (mask, King tube, and intubation). Using a patient simulator of a head and thorax that was able to record respiratory rate, tidal volume, peak pressure, and minute volume via a laptop computer, participants were asked to ventilate the simulator during six 1-minute ventilation tests. The first scenario was BVM ventilation with an oropharyngeal airway in place ventilating with both an adult- and pediatric-sized BVM, the second scenario had a supraglottic airway and both bags, and the third scenario had an endotracheal tube and both bags. Participants were enrolled in convenience manner while they were on-duty and the research staff was able to travel to their stations. Prior to enrolling, participants were not given any additional training on ventilation skills. We enrolled 50 providers from a large, busy, urban fire-based EMS agency with 14.96 (SD = 9.92) mean years of experience. Only 1.5% of all breaths delivered with the pediatric BVM during the ventilation scenarios were below the recommended tidal volume. A greater percentage of breaths delivered in the recommended range occurred when the pediatric BVM was used (17.5% vs 5.1%, p<0.001). Median volumes for each scenario were 570.5mL, 664.0mL, 663.0mL for the pediatric BMV and 796.0mL, 994.5mL, 981.5mL for the adult BVM. In all three categories of airway devices, the pediatric BVM provided lower median tidal volumes (p<0.001).\n\nQuestion: Can EMS Providers Provide Appropriate Tidal Volumes in a Simulated Adult-sized Patient with a Pediatric-sized Bag-Valve-Mask?\n\nAnswer the question with yes, no, or maybe.\nAnswer:\n	yes
Context: This study was designed to determine whether preclerkship performance examinations could accurately identify medical students at risk for failing a senior clinical performance examination (CPE). This study used a retrospective case-control, multiyear design, with contingency table analyses, to examine the performance of 412 students in the classes of 2005 to 2010 at a midwestern medical school. During their second year, these students took four CPEs that each used three standardized patient (SP) cases, for a total of 12 cases. The authors correlated each student's average year 2 case score with the student's average case score on a senior (year 4) CPE. Contingency table analysis was carried out using performance on the year 2 CPEs and passing/failing the senior CPE. Similar analyses using each student's United States Medical Licensing Examination (USMLE) Step 1 scores were also performed. Sensitivity, specificity, odds ratio, and relative risk were calculated for two year 2 performance standards. Students' low performances relative to their class on the year 2 CPEs were a strong predictor that they would fail the senior CPE. Their USMLE Step 1 scores also correlated with their performance on the senior CPE, although the predictive values for these scores were considerably weaker.\n\nQuestion: Can students' scores on preclerkship clinical performance examinations predict that they will fail a senior clinical performance examination?\n\nAnswer the question with yes, no, or maybe.\nAnswer:\n	yes
Context: Utilization of the Recovery Knowledge Inventory (RKI) and Recovery Attitudes Questionnaire (RAQ) in southeastern Australia raised questions about the RAQ, including links between attitudes, faith, and culture in supporting the recovery journey. These questions are particularly important when considered in the context of people with mental illness who live in secular multicultural societies.\n\nQuestion: Recovery Outcome Measures: Is There a Place for Culture, Attitudes, and Faith?\n\nAnswer the question with yes, no, or maybe.\nAnswer:\n	yes
Context: Despite evidence against its utility, many surgeons continue to employ prophylactic nasogastric decompression in elective colonic resection. This study aimed to establish whether an easy and practical intervention, mailing out a summary of current evidence to surgeons, can change surgeons practice to bring it more in line with current evidence. The use of prophylactic nasogastric (NG) decompression in elective colonic resections was documented for the 2 consecutive months of October and November, 2004 at the Royal Alexandra Hospital (RAH). A one page summary of recent evidence concerning this practice was then mailed to all general surgeons at that institution. A similar second review was carried out for the months of January and February, 2005. The two periods were compared with regards to prophylactic NG use. Twenty two patients underwent elective colonic resections during the months of October and November, 2004. Twenty one patients underwent such procedures in January and February, 2005. Seven out of the 22 cases in the first group (the pre-intervention block) received prophylactic NG decompression. Five out of the 21 cases in the second group (the post-intervention block) received prophylactic NG decompression. The difference in prophylactic NG use between the two groups was not statistically significant.\n\nQuestion: Can surgeon familiarization with current evidence lead to a change in practice?\n\nAnswer the question with yes, no, or maybe.\nAnswer:\n	no
Context: To determine survival among patients with epithelial ovarian carcinoma (EOC) who underwent a second-look laparotomy (SLL) and those refusing the procedure. Also to analyze factor(s) influencing the survival of the patients. Medical records were reviewed of patients with advanced EOC who were clinically free of disease after primary surgery and platinum-based chemotherapy between January 1, 1992, and December 31, 1998. All of them were offered SLL. Measurement outcomes include patient survival and disease-free survival. There were 50 patients with clinically complete remission after chemotherapy. Sixteen patients underwent SLL, and thirty-four patients refused the procedure (NSLL). Seven patients (43.8%) were reported to have positive SLL. After the median follow-up time of 35 months, 12 patients had died, and 5 patients were lost to follow-up. The median survival time for patients with SLL was about 60 months. Five-year survival rates of patients in the SLL, and NSLL groups were 37 per cent (95%CI = 7%-69%), and 88 per cent (95%CI = 65%-96%) respectively (P<0.001). The median time to relapse was about 25 months for patients with negative SLL. Five-year disease-free survival rates of patients in the negative SLL, and NSLL groups were 28 per cent (95%CI = 4%-59%), and 54 per cent (95%CI = 34%-70%) respectively (P=0.251). By Cox regression analysis, tumor grade was the only significant prognostic factor influencing patients' survival (HR = 6, 95%CI of HR = 1.2-34.2).\n\nQuestion: Advanced epithelial ovarian carcinoma in Thai women: should we continue to offer second-look laparotomy?\n\nAnswer the question with yes, no, or maybe.\nAnswer:\n	no
Context: The high prevalence of obesity in African American (AA) women may result, in part, from a lower resting metabolic rate (RMR) than non-AA women. If true, AA women should require fewer calories than non-AA women to maintain weight. Our objective was to determine in the setting of a controlled feeding study, if AA women required fewer calories than non-AA women to maintain weight. This analysis includes 206 women (73% AA), aged 22-75 years, who participated in the Dietary Approaches to Stop Hypertension (DASH) trial-a multicenter, randomized, controlled, feeding study comparing the effects of 3 dietary patterns on blood pressure in individuals with prehypertension or stage 1 hypertension. After a 3-week run-in, participants were randomized to 1 of 3 dietary patterns for 8 weeks. Calorie intake was adjusted during feeding to maintain stable weight. The primary outcome of this analysis was average daily calorie (kcal) intake during feeding. AA women had higher baseline weight and body mass index than non-AA women (78.4 vs 72.4 kg, P<.01; 29.0 vs 27.6 kg/m(2), P<.05, respectively). During intervention feeding, mean (SD) kcal was 2168 (293) in AA women and 2073 (284) in non-AA women. Mean intake was 94.7 kcal higher in AA women than in non-AA women (P<.05). After adjustment for potential confounders, there was no difference in caloric intake between AA and non-AA women (Δ = -2.8 kcal, P = .95).\n\nQuestion: Do African American women require fewer calories to maintain weight?\n\nAnswer the question with yes, no, or maybe.\nAnswer:\n	no
Context: There are few data concerning emergency double-balloon enteroscopy (DBE) and its usefulness in the management of severe acute obscure gastrointestinal bleeding (OGIB). The aim of this retrospective study was to evaluate emergency DBE and capsule endoscopy (CE) in patients with overt OGIB, analyzing the feasibility of this combined approach. Emergency DBE in patients with overt OGIB was defined as performance within 24 h of symptom onset. We reported 27 patients (16 men, mean age: 64.6 ± 17.9 years) with overt severe bleeding who underwent 29 emergency DBE (22 anterograde, 7 retrograde). Of 27 patients, 16 (59.3%) underwent CE with real time (RT) viewing. Patients were diagnosed with the following: Dieulafoy's lesion (DL; n = 11, 40.7%), angioectasia (n = 7, 25.9%), tumors (n = 4, 14.8%), diverticulum (n = 3, 11.1%), ulcers (n = 2, 7.4%). We diagnosed 23 lesions amenable to endoscopic hemostasis and successfully treated 21 of them (77.8%). DL detection rate was statistically higher in the emergency DBE group than in OGIB patients with DBE done 24 h after symptom onset (40.7% vs 0.9%, respectively, P < 0.001). Combined approach with RT viewing by CE correctly modified DBE management in four patients (25%).\n\nQuestion: Emergency double-balloon enteroscopy combined with real-time viewing of capsule endoscopy: a feasible combined approach in acute overt-obscure gastrointestinal bleeding?\n\nAnswer the question with yes, no, or maybe.\nAnswer:\n	yes
Context: To determine if temperature during cardiopulmonary bypass (CPB) has an effect on perioperative and postoperative thyroid function. Prospective study comparing thyroid function during and after hypothermic and normothermic CPB. Cardiac surgical unit at a university-affiliated hospital. Twelve patients scheduled to undergo cardiac operations with normothermic (n = 6) or hypothermic (n = 6) CPB. Blood was analyzed for serum concentration of total thyroxine (TT4), total triiodothyronine (TT3), free T3 (fT3), reverse T3 (rT3), and thyroid stimulating hormone (TSH) preoperatively, 60 min after CPB was initiated, 30 min after discontinuing CPB, and on postoperative days (POD) 1, 3, and 5. Patients who underwent either cold (26 degrees +/- 5 degrees C) or warm (35 degrees +/- 1 degree C) CPB were comparable with regard to age, body weight, duration of CPB, cross-clamp time, use of inotropes, total heparin dose, and length of hospital stay. Incidence of postoperative myocardial infarction, congestive heart failure, and death were similar. In both groups, TT4 and TT3 were reduced below baseline values beginning with CPB and persisting for up to 5 days after CPB (p<0.05), free T3 was reduced for up to 3 days after CPB (p<0.05), mean serum rT3 was elevated on POD 1 and POD 3 (p<0.05), and TSH remained unchanged.\n\nQuestion: Cardiopulmonary bypass temperature does not affect postoperative euthyroid sick syndrome?\n\nAnswer the question with yes, no, or maybe.\nAnswer:\n	no
Context: Desmopressin releases tissue-type plasminogen activator, which augments cardiopulmonary bypass--associated hyperfibrinolysis, causing excessive bleeding. Combined use of desmopressin with prior administration of the antifibrinolytic drug tranexamic acid may decrease fibrinolytic activity and might improve postoperative hemostasis. This prospective randomized study was carried out with 100 patients undergoing coronary artery bypass operations between April 1999 and November 2000 in Gülhane Military Medical Academy. Patients were divided into 2 groups. Desmopressin (0.3 microg/kg) was administrated just after cardiopulmonary bypass and after protamine infusion in group 1 (n = 50). Both desmopressin and tranexamic acid (before the skin incision at a loading dose of 10 mg/kg over 30 minutes and followed by 12 hours of 1 mg.kg(-1).h(-1)) were administrated in group 2 (n = 50). Significantly less drainage was noted in group 2 (1010 +/- 49.9 mL vs 623 +/- 41.3 mL, P =.0001). Packed red blood cells were transfused at 2.1 +/- 0.5 units per patient in group 1 versus 0.9 +/- 0.3 units in group 2 (P =.0001). Fresh frozen plasma was transfused at 1.84 +/- 0.17 units per patient in group 1 versus 0.76 +/- 0.14 units in group 2 (P =.0001). Only 24% of patients in group 2 required donor blood or blood products compared with 74% of those in the isolated desmopressin group (group 1, P =.00001). Group 1 and group 2 findings were as follows: postoperative fibrinogen, 113 +/- 56.3 mg/dL versus 167 +/- 45.8 mg/dL (P =.0001); fibrin split product, 21.2 +/- 2.3 ng/mL versus 13.5 +/- 3.4 ng/mL (P =.0001); and postoperative hemoglobin level, 7.6 plus minus 1.2 g/dL versus 9.1 plus minus 1.2 g/dL (P =.0001).\n\nQuestion: Does tranexamic acid reduce desmopressin-induced hyperfibrinolysis?\n\nAnswer the question with yes, no, or maybe.\nAnswer:\n	yes
Context: The aim of this study was to investigate the influence of the pharmacokinetics of s.c. anti-TNF agents on the grade of US-detected synovitis in RA patients. Fifty RA patients were prospectively recruited from the Biologic Therapy Unit of our hospital. Inclusion criteria were being in treatment with s.c. anti-TNF agents and having had neither changes in therapy nor local corticosteroid injections in the previous 3 months. Patients underwent clinical, laboratory [28-joint DAS (DAS28) and Simplified Disease Activity Index (SDAI)]and US assessment at two time points, i.e. at peak plasma drug concentration and at trough plasma drug concentration. US assessments were performed blindly to the anti-TNF agent, the administration time and the clinical and laboratory data. Twenty-eight joints were investigated for the presence and grade (0-3) of B-mode synovitis and synovial power Doppler signal. Global indices for B-mode synovitis (BSI) and Doppler synovitis (DSI) were calculated for 12 joints and for wrist-hand-ankle-foot joints. B-mode US remission was defined as a BSI<1 and Doppler US remission as a DSI<1. There were no significant differences between the clinical, laboratory and B-mode and Doppler US parameters at peak time and trough time (P = 0.132-0.986). There were no significant differences between the proportion of patients with active disease and those in remission according to DAS28, SDAI, B-mode US and Doppler US at peak time and trough time assessments (P = 0.070-1).\n\nQuestion: Does ultrasound-scored synovitis depend on the pharmacokinetics of subcutaneous anti-TNF agents in patients with rheumatoid arthritis?\n\nAnswer the question with yes, no, or maybe.\nAnswer:\n	no
Context: To observe if medical providers alter their prescribing patterns of three relatively expensive categories of medications provided as samples by manufacturers (focus medications) when they receive additional education from pharmacists concerning the appropriate use of lower cost alternatives (counter samples) that are made available to dispense. Pretest, post-test with a control group. Two rural, private care clinics in southeastern Idaho providing immediate care services. Eight medical providers at a clinic where interventions were employed (active intervention group) and seven medical providers in a clinic where no interventions occurred (control group). Medical providers in the active intervention group had: 1) education from pharmacists concerning the appropriate use of lower-cost alternatives compared with expensive focus medications 2) counter samples and patient sample handouts available to dispense to patients at their own discretion. The percentage of the total yearly prescriptions for nonsteroidal anti-inflammatory drugs (NSAIDs), antihistamines, and acid-relief medications that consisted of focus-COX-2 NSAIDs, nonsedating antihistamines, and proton pump inhibitors (PPIs), respectively. The prescribing behavior of medical providers in the active intervention and control groups were significantly different at baseline in all three categories of focus medications. This suggested that the results should focus on changes across the two years of the study within the intervention and control groups rather than across the two groups. Medical providers in the intervention group significantly decreased the use of COX-2 NSAID prescriptions relative to total NSAID prescriptions following active intervention (38.9% in year 1 versus 23.7% in year 2, P<0.05). Over the same two time periods, a nonstatistically significant decrease in COX-2 NSAID prescribing was seen at the control site (67.5% versus 62%, P>0.05). Education and counter sampling did not stop medical providers from significantly increasing the total yearly prescriptions for antihistamines and acid-relief medications that consisted of focus-nonsedating antihistamines (86.7% versus 93.1%, P<0.05) and PPIs (68.9% versus 86.2%, P<0.05). Statistically significant increases in the prescribing of focus-nonsedating antihistamines (77.9% versus 98.3%, P<0.05) and PPIs (77.5% versus 91.4%, P<0.05) were also observed in the control group.\n\nQuestion: Counter sampling combined with medical provider education: do they alter prescribing behavior?\n\nAnswer the question with yes, no, or maybe.\nAnswer:\n	maybe
Context: The Pathway represents a longitudinal program for medical students, consisting of both domestic and international experiences with poor populations. A previous study reported no significant attitudinal changes toward the medically indigent between Pathway and non-Pathway students. The purpose of this study was to investigate and differentiate the skills and attitudes of Pathway and non-Pathway students in working with culturally diverse populations by conducting quantitative and qualitative analyses. Selected items from a cultural assessment were analyzed using independent t-tests and a proportional analysis using approximation of the binomial distribution. In addition, a qualitative assessment of non-Pathway and Pathway students was conducted. A statistically significant difference was found at the end of Years 2, 3, and 4 regarding student confidence ratings, and qualitative results had similar findings.\n\nQuestion: Global Longitudinal Pathway: has medical education curriculum influenced medical students' skills and attitudes toward culturally diverse populations?\n\nAnswer the question with yes, no, or maybe.\nAnswer:\n	yes
Context: The range of injury severity that can be seen within the category of type II supracondylar humerus fractures (SCHFs) raises the question whether some could be treated nonoperatively. However, the clinical difficulty in using this approach lies in determining which type II SCHFs can be managed successfully without a surgical intervention. We reviewed clinical and radiographic information on 259 pediatric type II SCHFs that were enrolled in a prospective registry of elbow fractures. The characteristics of the patients who were treated without surgery were compared with those of patients who were treated surgically. Treatment outcomes, as assessed by the final clinical and radiographic alignment, range of motion of the elbow, and complications, were compared between the groups to define clinical and radiographic features that related to success or failure of nonoperative management. During the course of treatment, 39 fractures were found to have unsatisfactory alignment with nonoperative management and were taken for surgery. Ultimately, 150 fractures (57.9%) were treated nonoperatively, and 109 fractures (42.1%) were treated surgically. At final follow-up, outcome measures of change in carrying angle, range of motion, and complications did not show clinically significant differences between treatment groups. Fractures without rotational deformity or coronal angulation and with a shaft-condylar angle of>15 degrees were more likely to be associated with successful nonsurgical treatment. A scoring system was developed using these features to stratify the severity of the injury. Patients with isolated extension deformity, but none of the other features, were more likely to complete successful nonoperative management.\n\nQuestion: Type II supracondylar humerus fractures: can some be treated nonoperatively?\n\nAnswer the question with yes, no, or maybe.\nAnswer:\n	yes
Context: Studies on coronary risk factors in men and women are mainly based on mortality data and few compare results of both sexes with consistent study design and diagnostic criteria. This study assesses the major risk factors for coronary events in men and women from the Reykjavik Study. Within a prospective, population-based cohort study individuals without history of myocardial infarction were identified and the relative risk of baseline variables was assessed in relation to verified myocardial infarction or coronary death during follow-up. Of the 9681 women and 8888 men who attended risk assessment from 1967-1991, with follow-up period of up to 28 years, 706 women and 1700 men suffered a non-fatal myocardial infarction or coronary death. Serum cholesterol was a significant risk factor for both sexes, with hazard ratios (HR) decreasing with age. Systolic blood pressure was a stronger risk factor for women as was ECG-confirmed left ventricular hypertrophy (women HR 2.89, 95% confidence interval [CI] 1.67-5.01; men HR 1.11 [CI 0.86-1.43]). Fasting blood glucose>or =6.7 mmol/L identified significantly higher risk for women (HR 2.65) than men (HR 2.08) as did self-reported diabetes. Triglyceride risk was significantly higher for women and decreased significantly with age. Smoking increased risk two- to five-fold, increasing with dose, for women, which was significantly higher than the doubling in risk for men.\n\nQuestion: Do lipids, blood pressure, diabetes, and smoking confer equal risk of myocardial infarction in women as in men?\n\nAnswer the question with yes, no, or maybe.\nAnswer:\n	no
Context: Rising health care costs and the need to consolidate expertise in tertiary services have led to the centralisation of services. In the UK, the result has been that many rural maternity units have become midwife-led. A key consideration is that midwives have the skills to competently and confidently provide maternity services in rural areas, which may be geographically isolated and where the midwife may only see a small number of pregnant women each year. Our objective was to compare the views of midwives in rural and urban settings, regarding their competence and confidence with respect to 'competencies' identified as being those which all professionals should have in order to provide effective and safe care for low-risk women. This was a comparative questionnaire survey involving a stratified sample of remote and rural maternity units and an ad hoc comparison group of three urban maternity units in Scotland. Questionnaires were sent to 82 midwives working in remote and rural areas and 107 midwives working in urban hospitals with midwife-led units. The response rate from midwives in rural settings was considerably higher (85%) than from midwives in the urban areas (60%). Although the proportion of midwives who reported that they were competent was broadly similar in the two groups, there were some significant differences regarding specific competencies. Midwives in the rural group were more likely to report competence for breech delivery (p = 0.001), while more urban midwives reported competence in skills such as intravenous fluid replacement (p<0.001) and initial and discharge examination of the newborn (p<0.001). Both groups reported facing barriers to continuing professional development; however, more of the rural group had attended an educational event within the last month (p<0.001). Lack of time was a greater barrier for urban midwives (p = 0.02), whereas distance to training was greater for rural midwives (p = 0.009). Lack of motivation or interest was significantly higher in urban units (p = 0.006).\n\nQuestion: Midwives' competence: is it affected by working in a rural location?\n\nAnswer the question with yes, no, or maybe.\nAnswer:\n	maybe
Context: Metabolic syndrome (MetS) is associated with increased risk for cardiovascular events. We evaluated heart dimensions in hypertensive patients with MetS. The study included 75 hypertensive patients (34 males, 41 females; mean age 51+/-9 years) without coronary artery disease. Patients were evaluated in two groups depending on the presence or absence of MetS. Age- and gender-matched 20 healthy subjects (9 males, 11 females; mean age 50+/-5 years) comprised the control group. The diagnosis of MetS was based on the presence of at least three of five MetS criteria. Hypertension was defined as arterial blood pressure exceeding 140/85 mmHg on three consecutive measurements or the use of antihypertensive drugs. Echocardiographic measurements included interventricular septal thickness, left ventricular internal diameter, posterior wall thickness, aortic diameter, left atrial diameter, relative wall thickness, and left ventricular mass. Metabolic syndrome was present in 32 hypertensive patients (42.7%; 18 males, 14 females). The mean number of MetS criteria was 2.6+/-1.0 in the hypertensive group. Compared to the control group, patients with or without MetS exhibited significantly increased interventricular septum and posterior wall thickness, left atrial diameter, relative wall thickness, and left ventricular mass (p<0.05). The only significant difference between the two patient groups was that MetS was associated with a greater left atrial diameter (p=0.019). Left atrial diameter was correlated with the number of MetS criteria (r=0.51; p<0.001).\n\nQuestion: Does accompanying metabolic syndrome contribute to heart dimensions in hypertensive patients?\n\nAnswer the question with yes, no, or maybe.\nAnswer:\n	maybe
Context: Recently, there has been increasing interest in the role of "treatment as prevention" (TasP). Some of the questions regarding TasP strategies arise from the perceived difficulties in achieving and maintaining viral load (VL) suppression over time and the risk of emergence of viral resistance that could compromise future treatment options. This study was conducted to assess these questions in a resource-limited setting. We performed a retrospective observational study of HIV-infected patients diagnosed in the pre-HAART era on follow-up at a private center from Buenos Aires, Argentina. Socio-demographic, clinical, and laboratory data were extracted from clinical charts. Analyses were performed to test for potential associations of selected variables with current virologic failure or use of third-line drugs. Of 619 patients on follow-up, 82 (13.2%) were diagnosed in the pre-HAART era. At the time of our study, 79 (96.3%) patients were on HAART, with a median duration of 14 years (IQR 12-15) of therapy, and exposure to mono or dual nucleoside reverse transcriptase inhibitors regimens in 47.8% of cases. Sixty-nine patients (87.3%) had undetectable VL, 37 (46.8%) never presented virologic failure, and 19 (24.1%) experienced only one failure. Thirteen patients (16.5%) were receiving third-line ART regimens, with an average of 2.7-fold more virologic failures than those on first- or second-line regimens (p = 0.007).\n\nQuestion: Treatment as prevention in resource-limited settings: is it feasible to maintain HIV viral load suppression over time?\n\nAnswer the question with yes, no, or maybe.\nAnswer:\n	yes
Context: Updated guidelines for the screening and management of cervical cancer in the United States recommend starting Papanicolaou (Pap) testing at age 21 and screening less frequently with less aggressive management for abnormalities. We sought to examine updated Pap test screening guidelines and how they may affect the detection of invasive cervical cancer, especially among women<30 years of age. Patients diagnosed at Brigham and Women's Hospital with invasive cervical cancer between 2002 and 2012 were retrospectively identified. Prior screening history was obtained and patients were divided into two groups based on age<30 years or age ≥30 years. The two groups were then compared with respect to demographics, pathological findings, and time to diagnosis. A total of 288 patients with invasive cervical carcinoma were identified. Among these patients, 109 had adequate information on prior screening history. Invasive adenocarcinoma (IAC) was diagnosed in 37 (33.94%) patients, whereas 64 (58.72%) patients were diagnosed with invasive squamous cell carcinoma (ISCC). The remaining eight patients were diagnosed with other types of cancers of the cervix. A total of 13 patients were younger than 30 while 96 patients were 30 or older. The mean time from normal Pap to diagnosis of IAC was 15 months in patients younger than 30 years of age compared to 56 months in patients aged 30 and older (p < 0.001). The mean time from normal Pap to diagnosis of ISCC was 38 months in patients younger than 30 years of age and 82 months in patients aged 30 and older (p = 0.018).\n\nQuestion: Screening History Among Women with Invasive Cervical Cancer in an Academic Medical Center: Will We Miss Cancers Following Updated Guidelines?\n\nAnswer the question with yes, no, or maybe.\nAnswer:\n	no
Context: To describe clinical characteristics of oral mucoceles/ranulas, with a focus on human immunodeficiency virus (HIV)-related salivary gland diseases. A descriptive and clinical study, with review of patient data. We reviewed 113 referred cases of oral mucocele. The following anatomical sites were identified: lip, tongue, and floor of the mouth (simple ranulas), as well as plunging ranulas. The age and gender data of the patients with oral mucoceles were recorded. The HIV status of the patients and other information were reviewed. There were 30 (26.5%) males and 83 (73.5%) females. Most patients were below 30 years of age, with the peak frequency in the first and second decade. Ranula (simple and plunging) represented 84.1% of the mucocele locations. Mucocele on the lips represented 10.6%. Seventy-two (63.7%) patients were HIV positive; and 97.2% of them had ranulas. Thirty-eight (33.6%) patients presented with plunging ranulas; and 92.1% of them were HIV positive, compared with two patients presenting with plunging ranulas in the HIV-negative group. These results strongly suggest that an HIV-positive patient is statistically (P<0.001) more at risk of presenting with not only a simple, but also a plunging ranula type.\n\nQuestion: Oral mucocele/ranula: Another human immunodeficiency virus-related salivary gland disease?\n\nAnswer the question with yes, no, or maybe.\nAnswer:\n	yes
Context: Group B Streptococci (GBS) asymptomatically colonize the vaginal or rectal areas of about 20% of pregnant women (4-40%). About 50% of infants to mothers with GBS colonization also become colonized at rectal, umbilical or oral sites. GBS is a leading bacterial cause of neonatal illness and death. The present prevalence rate of GBS carriers among parturients in the western Galilee in Israel is unknown.AIM: A prospective study of the GBS carrier rate according to origin and gestational age in the western Galilee in Israel. A prospective study including 700 pregnant women. All women were screened for carriage of GBS by vaginal and rectal cultures. Sixteen percent of the parturients were found to be GBS colonized. The prevalence of GBS was 13.7% in Jewish women and 19% in Arab women, P=0.038. The women were also divided into two groups according to the gestational age one group included 414 women in 24-37 weeks gestation, and the other group included 286 women in term pregnancy. No difference was found in the rate of GBS carriers between the two gestational age groups.\n\nQuestion: Is there an increase in the incidence of gbs carrier rates among pregnant women in northern Israel?\n\nAnswer the question with yes, no, or maybe.\nAnswer:\n	yes
Context: Elevation of cardiac troponin (cTn) is considered specific for myocardial damage. Elevated cTn and echocardiogrpahic documentation of wall motion abnormalities (WMAs) that were recorded after extreme physical effort raise the question whether dobutamine stress echo (DSE), can also induce elevation of troponin. we prospective enrolled stable patients (age>18 years) referred to DSE. The exam was performed under standardized conditions. Blood samples for cTnI were obtained at baseline and 18-24 hours after the test. We aimed to compare between the clinical and echocardiographic features of patients with elevated cTnI and those without cTnI elevations. Fifty-seven consecutive patients were included. The average age was 64.4 ± 10.7, 73% of the patients were males, and nearly half of the patients were known to have ischemic heart disease. Two of the patients were excluded due to technical difficulty. No signs of ischemia were recorded in 25 (45.4%). Among the patients with established ischemia on DSE, 12 (22%) had mild ischemia, 13 (23.6%) had moderate and 5 (9%) had severe ischemia. Angiography was performed in 13 (26%) of the patients, of which 7 had PCI and one was referred to bypass surgery. None of the patients had elevated cTnI 18-24 hours after the DSE.\n\nQuestion: Can dobutamine stress echocardiography induce cardiac troponin elevation?\n\nAnswer the question with yes, no, or maybe.\nAnswer:\n	no
Context: To determine whether betamethasone (BM) reduces the cochlear toxicity of otic gentamicin (GM) if given together. Controlled animal study. Thirty-four mice were assigned at random to receive intratympanic injections of either 0.1 % BM (11 mice), 0.3% GM (13 mice), or a combination of both (GM/BM) with benzalkonium chloride (10 mice) in the left ear (treated) and saline on the right (untreated). Six injections were given on alternate days. Auditory brainstem response thresholds were assessed at 1 month, 2 months, and>2 months. There was a significantly greater degree of hearing loss in the BM-treated ears compared to the untreated ears (6.48 dB hearing loss, P = .007) and in the GM-treated ears compared to untreated ears (6.59 dB hearing loss, P = .010,). However, otic GM/BM and benzalkonium chloride did not cause significant additional hearing loss compared with the untreated ears (3.56 dB hearing loss, P = .242).\n\nQuestion: Steroids in aminoglycoside-containing ear drops: do they reduce cochlear toxicity?\n\nAnswer the question with yes, no, or maybe.\nAnswer:\n	yes
Context: This study examines whether having a regular clinician for preventive care is associated with quality of care for young children, as measured by interpersonal quality ratings and content of anticipatory guidance. The National Survey of Early Childhood Health (NSECH), a nationally representative parent survey of health care quality for 2068 young US children fielded by the National Center for Health Statistics (NCHS). Bivariate and multivariate analyses evaluate associations between having a regular clinician for well child care and interpersonal quality, the content of anticipatory guidance, and timely access to care. In bivariate analysis, parents of children with a regular clinician for preventive care reported slightly higher interpersonal quality (69 vs. 65 on a 0-100 scale, P = 0.01). Content of anticipatory guidance received was slightly greater for children with a regular clinician (82 vs. 80 on a 0-100 scale, P = 0.03). In bivariate analysis, a regular clinician was associated with interpersonal quality only among African American and Hispanic children. In multivariate analyses, controlling for factors that could independently influence self-reports of experiences with care, interpersonal quality but not anticipatory guidance content was higher for children with a regular clinician.\n\nQuestion: Does having a regular primary care clinician improve quality of preventive care for young children?\n\nAnswer the question with yes, no, or maybe.\nAnswer:\n	yes
Context: Current guidelines recommend total thyroidectomy for nearly all children with well-differentiated thyroid cancer (WDTC). These guidelines, however, derive from older data accrued prior to current high-resolution imaging. We speculate that there is a subpopulation of children who may be adequately treated with lobectomy. Retrospective analysis of prospectively maintained database. Seventy-three children with WDTC treated between 2004 and 2015. We applied two different risk-stratification criteria to this population. First, we determined the number of patients meeting American Thyroid Association (ATA) 'low-risk' criteria, defined as disease grossly confined to the thyroid with either N0/Nx or incidental microscopic N1a disease. Second, we defined a set of 'very-low-risk' histopathological criteria, comprising unifocal tumours ≤4 cm without predefined high-risk factors, and determined the proportion of patients that met these criteria. Twenty-seven (37%) males and 46 (63%) females were included in this study, with a mean age of 13·4 years. Ipsilateral- and contralateral multifocality were identified in 27 (37·0%) and 19 (26·0%) of specimens. Thirty-seven (51%) patients had lymph node metastasis (N1a = 18/N1b = 19). Pre-operative ultrasound identified all cases with clinically significant nodal disease. Of the 73 patients, 39 (53·4%) met ATA low-risk criteria and 16 (21·9%) met 'very-low-risk' criteria. All 'very-low-risk' patients demonstrated excellent response to initial therapy without persistence/recurrence after a mean follow-up of 36·4 months.\n\nQuestion: Is it time to reconsider lobectomy in low-risk paediatric thyroid cancer?\n\nAnswer the question with yes, no, or maybe.\nAnswer:\n	yes
Context: An effective advance care planning programme involves an organizational wide commitment and preparedness for health service reform to embed advance care planning into routine practice. Internationally, such programmes have been implemented predominantly in aged and acute care with more recent work in primary care. A multi-site action research was conducted over a 16-month period in 2007-2009 with three Victorian community palliative care services. Using mixed method data collection strategies to assess feasibility, we conducted a baseline audit of staff and clients; analysed relevant documents (client records, policies, procedures and quality improvement strategies) pre-implementation and post-implementation and conducted key informant interviews (n = 9). Three community palliative care services: one regional and two metropolitan services in Victoria, Australia. The services demonstrated that it was feasible to embed the Model into their organizational structures. Advance care planning conversations and involvement of family was an important outcome measure rather than completion rate of advance care planning documents in community settings. Services adapted and applied their own concept of community, which widened the impact of the model. Changes to quality audit processes were essential to consolidate the model into routine palliative care practice.\n\nQuestion: Is an advance care planning model feasible in community palliative care?\n\nAnswer the question with yes, no, or maybe.\nAnswer:\n	yes
Context: The objectives of this study were to investigate longitudinal predictors of fear of recurrence in survivors of head and neck cancer (HNC) using Leventhal's Common Sense Model (CSM) as a framework. The research questions were as follows: (a) to what extent do HNC patients report fear of cancer recurrence? (b) To what extent are fears of recurrence manifestations of illness-related anxiety? (c) Are fears of recurrence closely related to current symptoms, disease, and treatment-related factors, or psychological/socio-demographic factors? (d) What factors are predictive of long-term fears of recurrence? A prospective repeat measures design was employed whereby a sample of 82 newly diagnosed HNC patients (54 males, 28 females, mean age 60 years) completed measures of fears of recurrence, illness perceptions, coping, and anxiety and depression, prior to treatment and 6-8 months after treatment (fears of recurrence only). A third of HNC patients at diagnosis reported relatively high levels of fears of recurrence, with 12% still reporting similar levels of fear 6-8 months after treatment. Fears of recurrence were not related to any socio-demographic factor (age, gender, ethnicity, marital status, and educational attainment) or disease, treatment, or symptom-related factors. Path analyses demonstrated that fears of cancer recurrence after treatment were directly predicted by pre-treatment fears and optimism.\n\nQuestion: Can we predict which head and neck cancer survivors develop fears of recurrence?\n\nAnswer the question with yes, no, or maybe.\nAnswer:\n	yes
Context: To test if secular growth acceleration occurs during fetal life. ANOVA Kruskal-Wallis and Mann-Whitney U-test have been used for the biometric characteristics comparison of nowadays fetal population with those three decades ago and to test the hypothesis about the existence of secular growth acceleration during fetal life. For this purpose, we first calculated mean values of particular biometric parameters for the whole pregnancy. During the period 2002-2009 biparietal diameter, fetal length and abdominal circumference measurements in singleton uncomplicated pregnancies between 22 and 41 gestational weeks were obtained. Gestational age was estimated according to Naegele's rule and confirmed with an early ultrasound examination. Pregnancies with fetal cromosomopathies and malformations were excluded as well as those resulting in perinatal death. There were no statistically significant differences of the examined fetal biometric parameters measured by ultrasound between contemporary fetal population and those from 35 years ago.\n\nQuestion: The secular growth acceleration: does it appear during fetal life?\n\nAnswer the question with yes, no, or maybe.\nAnswer:\n	no
Context: We compared left ventricular regional wall motion, the global left ventricular ejection fraction, and the New York Heart Association functional class pre- and postoperatively. Endomyocardial fibrosis is characterized by fibrous tissue deposition in the endomyocardium of the apex and/or inflow tract of one or both ventricles. Although left ventricular global systolic function is preserved, patients exhibit wall motion abnormalities in the apical and inferoapical regions. Fibrous tissue resection in New York Heart Association FC III and IV endomyocardial fibrosis patients has been shown to decrease morbidity and mortality. We prospectively studied 30 patients (20 female, 30+/-10 years) before and 5+/-8 months after surgery. The left ventricular ejection fraction was determined using the area-length method. Regional left ventricular motion was measured by the centerline method. Five left ventricular segments were analyzed pre- and postoperatively. Abnormality was expressed in units of standard deviation from the mean motion in a normal reference population. Left ventricular wall motion in the five regions did not differ between pre- and postoperative measurements. Additionally, the left ventricular ejection fraction did not change after surgery (0.45+/-0.13% x 0.43+/-0.12% pre- and postoperatively, respectively). The New York Heart Association functional class improved to class I in 40% and class II in 43% of patients postoperatively (p<0.05).\n\nQuestion: Does quantitative left ventricular regional wall motion change after fibrous tissue resection in endomyocardial fibrosis?\n\nAnswer the question with yes, no, or maybe.\nAnswer:\n	no
Context: If long-term use of left ventricular assist devices (LVADs) as bridges to transplantation is successful, the issue of permanent device implantation in lieu of transplantation could be addressed through the creation of appropriately designed trials. Our medium-term experience with both pneumatically and electrically powered ThermoCardiosystems LVADs is presented to outline the benefits and limitations of device support in lieu of transplantation. Detailed records were kept prospectively for all patients undergoing LVAD insertion. Fifty-eight LVADs were inserted over 5 years, with a survival rate of 74%. Mean patient age was 50 years, and duration of support averaged 98 days. Although common, both preexisting infection and infection during LVAD support were not associated with increased mortality or decreased rate of successful transplantation. Thromboembolic complications were rare, occurring in only three patients (5%) despite the absence of anticoagulation. Ventricular arrhythmias were well tolerated in all patients except in cases of early perioperative right ventricular failure, with no deaths. Right ventricular failure occurred in one third of patients and was managed in a small percentage by right ventricular assist device (RVAD) support and/or inhaled nitric oxide therapy. There were no serious device malfunctions, but five graft-related hemorrhages resulted in two deaths. Finally, a variety of noncardiac surgical procedures were performed in LVAD recipients, with no major morbidity and mortality.\n\nQuestion: Bridge experience with long-term implantable left ventricular assist devices. Are they an alternative to transplantation?\n\nAnswer the question with yes, no, or maybe.\nAnswer:\n	yes
Context: • Robot-assisted radical cystectomy (RARC) remains controversial in terms of oncologic outcomes, especially during the initial experience. The purpose of this study was to evaluate the impact of initial experience of robotic cystectomy programs on oncologic outcomes and overall survival. • Utilizing a prospectively maintained, single institution robotic cystectomy database, we identified 164 consecutive patients who underwent RARC since November 2005. • After stratification by age group, gender, pathologic T stage, lymph node status, surgical margin status, and sequential case number; we used chi-squared analyses to correlate sequential case number to operative time, surgical blood loss, lymph node yield, and surgical margin status. • We also addressed the relationship between complications and sequential case number. We then utilized Cox proportional hazard modeling and Kaplan-Meier survival analyses to correlate variables to overall mortality. • Sequential case number was not significantly associated with increased incidence of complications, surgical blood loss, or positive surgical margins (P= 0.780, P= 0.548, P= 0.545). Case number was, however, significantly associated with shorter operative time and mean number of lymph nodes retrieved (P<0.001, P<0.001). • Sequential case number was not significantly associated with survival; however, tumour stage, the presence of lymph node metastases, and positive surgical margins were significantly associated with death. • Although being the largest of its kind, this was a small study with short follow-up when compared to open cystectomy series.\n\nQuestion: Is patient outcome compromised during the initial experience with robot-assisted radical cystectomy?\n\nAnswer the question with yes, no, or maybe.\nAnswer:\n	no
Context: Vitamin D deficiency/insufficiency (VDDI) is common in CKD patients and may be associated with abnormal mineral metabolism. It is not clear whether the K/DOQI recommended doses of ergocalciferol are adequate for correction of VDDI and hyperparathyroidism. Retrospective study of 88 patients with CKD Stages 1 - 5 and baseline 25-hydroxyvitamin D level<30 ng/ml (<75 nmol/l). Patients treated with ergocalciferol as recommended by K/DOQI guidelines. Only 53 patients had elevated baseline PTH level for the CKD stage. Patients were excluded if they received vitamin D preparations other than ergocalciferol or phosphate binders. 25-hydroxyvitamin D level, intact PTH level (iPTH), and other parameters of mineral metabolism were measured at baseline and after completion of ergocalciferol course. 88 patients with CKD were treated with ergocalciferol. Mean age 56.8 +/- 9.5 years and 41% were males. The mean (+/- SD) GFR was 28.3 +/- 16.6 ml/min. At the end of the 6-month period of ergocalciferol treatment, the mean 25-hydroxyvitamin D level increased from 15.1 +/- 5.8 to 23.3 +/- 11.8 ng/ml (37.75 +/- 14.5 to 58.25 +/- 29.5 nmol/l) (p<0.001). Treatment led to>or = 5 ng/ml (12.5 nmol/l) increases in 25-hydroxyvitamin D level in 54% of treated patients, and only 25% achieved levels>or = 30 ng/ml (75 nmol/l). Mean iPTH level decreased from 157.9 +/- 125.9 to 150.7 +/- 127.5 pg/ml (p = 0.5). Only 26% of patients had>or = 30% decrease in their iPTH level after treatment with ergocalciferol.\n\nQuestion: Treatment of vitamin D deficiency in CKD patients with ergocalciferol: are current K/DOQI treatment guidelines adequate?\n\nAnswer the question with yes, no, or maybe.\nAnswer:\n	no
Context: As with some procedures, trauma fellowship training and greater surgeon experience may result in better outcomes following intramedullary nailing (IMN) of diaphyseal femur fractures. However, surgeons with such training and experience may not always be available to all patients. The purpose of this study is to determine whether trauma training affects the post-operative difference in femoral version (DFV) following IMN. Between 2000 and 2009, 417 consecutive patients with diaphyseal femur fractures (AO/OTA 32A-C) were treated via IMN. Inclusion criteria for this study included complete baseline and demographic documentation as well as pre-operative films for fracture classification and post-operative CT scanogram (per institutional protocol) for version and length measurement of both the nailed and uninjured femurs. Exclusion criteria included bilateral injuries, multiple ipsilateral lower extremity fractures, previous injury, and previous deformity. Of the initial 417 subjects, 355 patients met our inclusion criteria. Other data included in our analysis were age, sex, injury mechanism, open vs. closed fracture, daytime vs. nighttime surgery, mechanism of injury, and AO and Winquist classifications. Post-operative femoral version of both lower extremities was measured on CT scanogram by an orthopaedic trauma fellowship trained surgeon. Standard univariate and multivariate analyses were performed to determine statistically significant risk factors for malrotation between the two cohorts. Overall, 80.3% (288/355) of all fractures were fixed by trauma-trained surgeons. The mean post-operative DFV was 8.7° in these patients, compared to 10.7° in those treated by surgeons of other subspecialties. This difference was not statistically significant when accounting for other factors in a multivariate model (p>0.05). The same statistical trend was true when analyzing outcomes of only the more severe Winquist type III and IV fractures. Additionally, surgeon experience was not significantly predictive of post-operative version for either trauma or non-trauma surgeons (p>0.05 for both).\n\nQuestion: Comparing femoral version after intramedullary nailing performed by trauma-trained and non-trauma trained surgeons: is there a difference?\n\nAnswer the question with yes, no, or maybe.\nAnswer:\n	no
Context: Multiple viruses are often detected in children with respiratory infection but the significance of co-infection in pathogenesis, severity and outcome is unclear. To correlate the presence of viral co-infection with clinical phenotype in children admitted with acute respiratory infections (ARI). We collected detailed clinical information on severity for children admitted with ARI as part of a Spanish prospective multicenter study (GENDRES network) between 2011-2013. A nested polymerase chain reaction (PCR) approach was used to detect respiratory viruses in respiratory secretions. Findings were compared to an independent cohort collected in the UK. 204 children were recruited in the main cohort and 97 in the replication cohort. The number of detected viruses did not correlate with any markers of severity. However, bacterial superinfection was associated with increased severity (OR: 4.356; P-value = 0.005), PICU admission (OR: 3.342; P-value = 0.006), higher clinical score (1.988; P-value = 0.002) respiratory support requirement (OR: 7.484; P-value<0.001) and longer hospital length of stay (OR: 1.468; P-value<0.001). In addition, pneumococcal vaccination was found to be a protective factor in terms of degree of respiratory distress (OR: 2.917; P-value = 0.035), PICU admission (OR: 0.301; P-value = 0.011), lower clinical score (-1.499; P-value = 0.021) respiratory support requirement (OR: 0.324; P-value = 0.016) and oxygen necessity (OR: 0.328; P-value = 0.001). All these findings were replicated in the UK cohort.\n\nQuestion: Does Viral Co-Infection Influence the Severity of Acute Respiratory Infection in Children?\n\nAnswer the question with yes, no, or maybe.\nAnswer:\n	no
Context: The temporal pattern of the biologic mechanism linking red blood cell (RBC) storage duration with clinical outcomes is yet unknown. This study investigates how such a temporal pattern can affect the power of randomized controlled trials (RCT) to detect a relevant clinical outcome mediated by the transfusion of stored RBCs. This study was a computer simulation of four RCTs, each using a specific categorization of the RBC storage time. The trial's endpoint was evaluated assuming five hypothetical temporal patterns for the biologic mechanism linking RBC storage duration with clinical outcomes. Power of RCTs to unveil a significant association between RBC storage duration and clinical outcomes was critically dependent on a complex interaction among three factors: 1) the way the RBC storage time is categorized in the trial design, 2) the temporal pattern assumed for the RBC storage lesion, and 3) the age distribution of RBCs in the inventory from which they are picked up for transfusion. For most combinations of these factors, the power of RCTs to detect a significant treatment effect was below 80%. All the four simulated RCTs had a very low power to disclose a harmful clinical effect confined to last week of the maximum 42-day shelf life of stored RBCs.\n\nQuestion: Will clinical studies elucidate the connection between the length of storage of transfused red blood cells and clinical outcomes?\n\nAnswer the question with yes, no, or maybe.\nAnswer:\n	no
Context: Evaluate the capability of different Computed Tomography scanners to determine urinary stone compositions based on CT attenuation values and to evaluate potential differences between each model. 241 human urinary stones were obtained and their biochemical composition determined. Four different CT scanners (Siemens, Philips, GEMS and Toshiba) were evaluated. Mean CT-attenuation values and the standard deviation were recorded separately and compared with a t-paired test. For all tested CT scanners, when the classification of the various types of stones was arranged according to the mean CT-attenuation values and to the confidence interval, large overlappings between stone types were highlighted. The t-paired test showed that most stone types could not be identified. Some types of stones presented mean CT attenuation values significantly different from one CT scanner to another. At 80kV, the mean CT attenuation values obtained with the Toshiba Aquilion were significantly different from those obtained with the Siemens Sensation. On the other hand, mean values obtained with the Philips Brilliance were all significantly equal to those obtained with the Siemens Sensation and with the Toshiba Aquilion. At 120kV mean CT attenuation values of uric acid, cystine and struvite stones obtained with the Philips model are significantly different from those obtained with the Siemens and the Toshiba but equal to those obtained with the GE 64.\n\nQuestion: Pitfalls in urinary stone identification using CT attenuation values: are we getting the same information on different scanner models?\n\nAnswer the question with yes, no, or maybe.\nAnswer:\n	no
Context: To determine whether anginal episodes might be related to extremes of hypotension in patients with ischaemic heart disease taking drugs to treat angina and heart failure. Observational study of patients with ischaemic heart disease attending an urban tertiary referral cardiology centre. A selected patient population was enrolled, having: angina on one or more hypotensive cardiovascular medications; hypotension on clinic or ambulatory measurement; and a resting ECG suitable for ambulatory monitoring. Patients had echocardiography, ambulatory blood pressure monitoring, and Holter monitoring. Hypotension induced ischaemic (HII) events were defined as episodes of ST segment ischaemia occurring at least one minute after an ambulatory blood pressure measurement (systolic/diastolic) below 100/65 mm Hg during the day, or 90/50 mm Hg at night. 25 suitable patients were enrolled, and 107 hypotensive events were documented. 40 ST events occurred in 14 patients, of which a quarter were symptomatic. Fourteen HII events occurred in eight patients, with 13 of the 14 preceded by a fall in diastolic pressure (median diastolic pressure 57.5 mm Hg, interquartile range 11, maximum 72 mm Hg, minimum 45 mm Hg), and six preceded by a fall in systolic pressure (chi(2) = 11.9, p<0.001). ST events were significantly associated with preceding hypotensive events (chi(2) = 40.2, p<0.0001). Patients with HII events were more frequently taking multiple hypotensive drug regimens (8/8 v 9/17, chi(2) = 5.54, p = 0.022).\n\nQuestion: Hypotension in patients with coronary disease: can profound hypotensive events cause myocardial ischaemic events?\n\nAnswer the question with yes, no, or maybe.\nAnswer:\n	yes
Context: To determine whether the OraQuick® HIV-1/2 Assay (OraSure Technologies, Inc., Bethlehem, PA, USA) in sputum is a valid tool for HIV surveillance among TB patients. A cross sectional study was carried out on sputa of patients diagnosed with tuberculosis. Sputa were tested for antibodies to HIV using OraQuick® HIV-1/2 Assay (OraSure Technologies, Inc., Bethlehem, PA, USA). The results were compared with results of serum ELISA. Compared to serum ELISA, the OraQuick® HIV-1/2 Assay in sputum specimens reported 90% sensitivity (9/10) and 100% specificity (307/307), with a positive predictive value of 100% (95%CI: 66.37%-100.00%) and a negative predictive value of 99.68% (95%CI: 98.20%-99.99%).\n\nQuestion: An HIV1/2 point of care test on sputum for screening TB/HIV co-infection in Central India - Will it work?\n\nAnswer the question with yes, no, or maybe.\nAnswer:\n	yes
Context: Pneumothorax following flexible bronchoscopy (FB) with transbronchial biopsy (TBB) occurs in 1 to 6% of cases. Routine chest radiography (CXR) following TBB is therefore requested by most pulmonologists in an attempt to detect complications, particularly pneumothorax. The objective of this study was to determine if routine CXR after bronchoscopy and TBB is necessary. The study group included 350 consecutive patients who underwent FB with TBB at our institution between December 2001 and January 2004. Routine CXR was performed up to 2 h after the procedure in all cases. Additionally, the following information was recorded in all patients: sex, age, immune status, indication for bronchoscopy, total number of biopsies done, segment sampled, pulse oxygen saturation, and development of symptoms suggestive of pneumothorax. Pneumothorax was diagnosed radiologically in 10 patients (2.9%). Seven patients had symptoms strongly suggestive of pneumothorax prior to CXR, including four patients with large (>10%) pneumothorax. The other three patients were asymptomatic, with only minimal pneumothorax (</= 10%), which resolved completely 24 to 48 h later.\n\nQuestion: Is routine chest radiography after transbronchial biopsy necessary?\n\nAnswer the question with yes, no, or maybe.\nAnswer:\n	no
Context: Patient data were retrospectively collected from a database for gynaecological cancer procedures carried out between January 2013 and July 2015. All patients who underwent a colorectal resection during cytoreduction were included in the study. The primary outcome was anastomotic leakage in the presence or absence of a diverting stoma. Secondary outcome parameters were complications and reoperations. In the period of study, 43 major colorectal procedures were performed on 37 women. The most common colorectal procedure was low rectal resection (n = 22; 59%) followed by anterior rectal resection (n = 7; 19%) and sigmoid resection (n = 4; 11%). Five (14%) patients underwent Hartmann's procedure. In three (8%) patients, a diverting loop ileostomy was created.\n\nQuestion: Is it safe to perform rectal anastomosis in gynaecological debulking surgery without a diverting stoma?\n\nAnswer the question with yes, no, or maybe.\nAnswer:\n	yes
Context: We analyzed cytokines levels in patients with epilepsy and new onset seizure and correlated it with various parameters. After obtaining consent, serum samples from 100 patients with epilepsy or new onset seizure were prospectively collected in the immediate post-ictal phase. In 16 patients, a second sample was collected during the seizure-free period. The serum cytokine levels [TNF-alpha, IFN-gamma, IL-1beta, IL-2, IL-4, and IL-6] were assessed (ELISA) in these patients and 100 matched healthy controls. CSF analysis was carried out in 9 patients of this cohort, when clinically indicated. The type of seizures (n=100) was major (45), partial (41) and status epilepticus (SE=14), while the epilepsy syndromes were idiopathic generalized (53) and localization related (47). The detectable serum cytokines in the patient group (n=100) were: IL-6 (42), TNF-alpha (36), IL-2 (22), IL-4 (22), IFN-gamma (20) and IL-1 (11) compared to the controls. CSF IL-6 and IL-1 was detectable in 4/9 and 2/9 patients, respectively while, IL-2, IL-4, IFN-gamma was detectable 1 in each patient. Correlations were noted between male gender and IL-1beta (p=0.04), positive family history and IL-1beta (p=0.001), "no alcohol use" and TNF-alpha (p=0.05), more than one year history of epilepsy and IL-1beta (p=0.02), status epilepticus (SE) and IL-6 (p=0.04). There was no difference between the new onset seizures vs. epilepsy group. Serial analysis during the seizure-free period revealed a decrease in cytokine levels: TNF-alpha (25% to 12.5%), IFN-gamma (12.5% to 0%), IL-1 (25% to 0) and IL-2 (6.2% to 6.2%), IL-4 (18.8% to 0%) and IL-6 (18.8% to 6.2%).\n\nQuestion: Do cytokines have any role in epilepsy?\n\nAnswer the question with yes, no, or maybe.\nAnswer:\n	yes
Context: The incidence of colorectal cancer in young patients is increasing. It remains unclear if the disease has unique features in this age group. This was a single-center, retrospective cohort study which included patients diagnosed with colorectal cancer at age ≤40 years in 1997-2013 matched 1:2 by year of diagnosis with consecutive colorectal cancer patients diagnosed at age>50 years during the same period. Patients aged 41-50 years were not included in the study, to accentuate potential age-related differences. Clinicopathological characteristics, treatment, and outcome were compared between groups. The cohort included 330 patients, followed for a median time of 65.9 months (range 4.7-211). Several significant differences were noted. The younger group had a different ethnic composition. They had higher rates of family history of colorectal cancer (p = 0.003), hereditary colorectal cancer syndromes (p < 0.0001), and inflammatory bowel disease (p = 0.007), and a lower rate of polyps (p < 0.0001). They were more likely to present with stage III or IV disease (p = 0.001), angiolymphatic invasion, signet cell ring adenocarcinoma, and rectal tumors (p = 0.02). Younger patients more frequently received treatment. Young patients had a worse estimated 5-year disease-free survival rate (57.6  vs. 70 %, p = 0.039), but this did not retain significance when analyzed by stage (p = 0.092). Estimated 5-year overall survival rates were 59.1 and 62.1 % in the younger and the control group, respectively (p = 0.565).\n\nQuestion: Colorectal cancer in young patients: is it a distinct clinical entity?\n\nAnswer the question with yes, no, or maybe.\nAnswer:\n	yes
Context: Retention treatment is reportedly associated with lower infection control rates than two-stage revision. However, the studies on which this presumption are based depend on comparisons of historical rather than concurrent controls.QUESTIONS/ We (1) asked whether the infection control rates, number of additional procedures, length of hospital stay, and treatment duration differed between implant retention and two-stage revision treatment; and (2) identified risk factors that can contribute to failure of infection control. We reviewed the records of 60 patients treated for 64 infected TKA from 2002 to 2007. Twenty-eight patients (32 knees) underwent débridement with retention of component, and 32 patients (32 knees) were treated with component removal and two-stage revision surgery. We determined patients' demographics, type of infection, causative organisms, and outcome of treatment. Mean followup was 36 months (range, 12-84 months). Infection control rate was 31% in retention and 59% in the removal group after initial surgical treatment, and 81% and 91% at latest followup, respectively. Treatment duration was shorter in the retention group and there was no difference in number of additional surgeries and length of hospital stay. Type of treatment (retention versus removal) was the only factor associated with infection control; subgroup analysis in the retention group showed Staphylococcus aureus infection and polyethylene nonexchange as contributing factors for failure of infection control.\n\nQuestion: Can implant retention be recommended for treatment of infected TKA?\n\nAnswer the question with yes, no, or maybe.\nAnswer:\n	maybe
Context: To determine how often primary care physicians prescribe eradication therapy for peptic ulcer disease (PUD) and nonulcer dyspepsia (NUD). During a 2-year period (1998-2000) we analyzed data concerning patients with PUD or NUD seen by 80 Italian primary care physicians uniformly distributed throughout the country. We classified patients as having a definitive or a presumptive diagnosis on the basis of the completeness of the diagnostic workup and interpreted the prescription of antibiotics for dyspepsia as evidence of attempted eradication of Helicobacter pylori. Consecutive ambulatory patients. The frequency with which predefined groups of patients received eradication therapy. Of 6866 patients, 690 (10%) received eradication therapy. Of 2162 patients with PUD, 596 (27.6%) received eradication therapy; of 4704 patients with NUD, however, only 94 (2%) received this treatment (P =.0001). A total of 341 (37.7%) of 904 PUD patients with a definitive diagnosis were given eradication therapy and 255 (20.3%) of 1258 PUD patients with a presumptive diagnosis were given therapy (P&lt.0001). In NUD patients, 7 of 743 (0.9%) with a definitive diagnosis received eradication therapy, while 87 (2.2%) of 3961 of those with a presumptive diagnosis were given the same therapy (P =.025).\n\nQuestion: Do primary care physicians underprescribe antibiotics for peptic ulcer disease?\n\nAnswer the question with yes, no, or maybe.\nAnswer:\n	yes
Context: Physical examination to detect abdominal injuries has been considered unreliable in alcohol-intoxicated trauma patients. Computed tomography (CT) plays the primary role in these abdominal evaluations. We reviewed medical records of all blunt trauma patients admitted to our trauma service from January 1, 1992, to March 31, 1998. Study patients had a blood alcohol level>or =80 mg/dL, Glasgow Coma Scale (GCS) score of 15, and unremarkable abdominal examination. Of 324 patients studied, 317 (98%) had CT scans negative for abdominal injury. Abdominal injuries were identified in 7 patients (2%), with only 2 (0.6%) requiring abdominal exploration. A significant association was found between major chest injury and abdominal injury.\n\nQuestion: Blunt trauma in intoxicated patients: is computed tomography of the abdomen always necessary?\n\nAnswer the question with yes, no, or maybe.\nAnswer:\n	no
Context: To investigate the role of human T-lymphotrophic virus type I (HTLV-I) infection in four patients who developed slowly progressive myelopathy with abnormal MRI lesions in the cervical cord levels. Clinical and neuroradiologic examinations were performed, and the odds that an HTLV-I-infected individual of specified genotype, age, and provirus load had HTLV-I-associated myelopathy (HAM)/tropical spastic paraparesis (TSP) were calculated. Anti-HTLV-I antibodies were positive in both the serum and the CSF in all of the patients. Biopsied sample from spinal cord lesions showed inflammatory changes in Patient 1. Patient 2 had a demyelinating type of sensorimotor polyneuropathy. Two of the three patients examined showed high risk of developing HAM/TSP in virologic and immunologic aspects.\n\nQuestion: Chronic progressive cervical myelopathy with HTLV-I infection: Variant form of HAM/TSP?\n\nAnswer the question with yes, no, or maybe.\nAnswer:\n	yes
Context: Postoperative CSF fistulas were described in 16 of 198 patients (8%) who underwent spine surgery between 2009 and 2010. The choice of the therapeutic strategy was based on the clinical condition of the patients, taking into account the possibility to maintain the prone position continuously and the risk of morbidity due to prolonged bed rest. Six patients were treated conservatively (position prone for three weeks), ten patients were treated by positioning an external CSF lumbar drainage for ten days. The mean follow-up period was ten months. All patients healed their wound properly and no adverse events were recorded. Patients treated conservatively were cured in a mean period of 30 days, while patients treated with CSF drainage were cured in a mean period of 10 days.\n\nQuestion: Is lumbar drainage of postoperative cerebrospinal fluid fistula after spine surgery effective?\n\nAnswer the question with yes, no, or maybe.\nAnswer:\n	yes
Context: To study the correlation and agreement between end-tidal carbon dioxide (EtCO2) and arterial carbon dioxide (PaCO(2)) in ventilated extremely low birth weight (ELBW) infants in the first week of life. Retrospective chart review of all ELBW (<1,000 g) infants admitted to a level III NICU from January 2003 to December 2003. Data collected included demographic details and simultaneous EtCO(2) (mainstream capnography) and arterial blood gas values (pH, PaCO(2), PaO(2)). The correlation coefficient, degree of bias with 95% confidence interval between the EtCO(2) and PaCO(2). There were 754 end-tidal and arterial CO(2) pairs from 31 ELBW infants (21 male and 10 female). The overall EtCO(2) values were significantly lower than PaCO(2) value. In only 89/754(11.8%) pairs, the EtCO(2) was higher than the PaCO(2). The overall bias was 5.6 +/- 6.9 mmHg (95% C.I. 5.11-6.09). The intraclass correlation coefficient was 0.81. Using EtCO2 ranges of 30 to 50 mmHg, the capnographic method was able to identify 84% of instances where PaCO(2) was between 35 (<35 = hypocarbia) and 55 mmHg (>55= hypercapnia).\n\nQuestion: Dose end-tidal carbon dioxide measurement correlate with arterial carbon dioxide in extremely low birth weight infants in the first week of life?\n\nAnswer the question with yes, no, or maybe.\nAnswer:\n	yes
Context: Surgical excision of ovarian endometriomas in patients desiring pregnancy has recently been criticized because of the risk of damage to healthy ovarian tissue and consequent reduction of ovarian reserve. A correct diagnosis in cases not scheduled for surgery is therefore mandatory in order to avoid unexpected ovarian cancer misdiagnosis. Endometriosis is often associated with high levels of CA125. This marker is therefore not useful for discriminating ovarian endometrioma from ovarian malignancy. The aim of this study was to establish if the serum marker CA72-4 could be helpful in the differential diagnosis between ovarian endometriosis and epithelial ovarian cancer. Serums CA125 and CA72-4 were measured in 72 patients with ovarian endometriomas and 55 patients with ovarian cancer. High CA125 concentrations were observed in patients with ovarian endometriosis and in those with ovarian cancer. A marked difference in CA72-4 values was observed between women with ovarian cancer (71.0%) and patients with endometriosis (13.8%) (P<0.0001).\n\nQuestion: Is CA72-4 a useful biomarker in differential diagnosis between ovarian endometrioma and epithelial ovarian cancer?\n\nAnswer the question with yes, no, or maybe.\nAnswer:\n	yes
Context: Tacrolimus is a potent immunosuppressive drug used in organ transplantation. Because of its substantial toxic effects, narrow therapeutic index, and interindividual pharmacokinetic variability, therapeutic drug monitoring of whole-blood tacrolimus concentrations has been recommended. We investigated the comparability of the results of 2 immunoassay systems, affinity column-mediated immunoassay (ACMIA) and microparticle enzyme immunoassay (MEIA), comparing differences in the tacrolimus concentrations measured by the 2 methods in relation to the hematologic and biochemical values of hepatic and renal functions. A total of 154 samples from kidney or liver transplant recipients were subjected to Dimension RxL HM with a tacrolimus Flex reagent cartilage for the ACMIA method and IMx tacrolimus II for the MEIA method. Tacrolimus concentrations measured by the ACMIA method (n = 154) closely correlated with those measured by the MEIA method (r = 0.84). The Bland-Altman plot using concentration differences between the 2 methods and the average of the 2 methods showed no specific trends. The tacrolimus levels determined by both the MEIA method and the ACMIA method were not influenced by hematocrit levels, but the difference between the 2 methods (ACMIA - MEIA) tended to be larger in low hematocrit samples (P<.001).\n\nQuestion: Is the affinity column-mediated immunoassay method suitable as an alternative to the microparticle enzyme immunoassay method as a blood tacrolimus assay?\n\nAnswer the question with yes, no, or maybe.\nAnswer:\n	yes
Context: It has recently been shown that non-high density lipoprotein cholesterol (non-HDL-C) may be a better predictor of cardiovascular risk than low density lipoprotein cholesterol (LDL-C). Based on known ethic differences in lipid parameters and cardiovascular risk prediction, we sought to study the predictability of attaining non-HDL-C target and long-term major adverse cardiovascular event (MACE) in Thai patients after acute myocardial infarction (AMI) compared to attaining LDL-C target. We retrospectively obtained the data of all patients who were admitted at Maharaj Nakorn Chiang Mai hospital due to AMI during 2006-2013. The mean non-HDL-C and LDL-C during long-term follow-up were used to predict MACE at each time point. The patients were classified as target attainment if non-HDL-C <100 mg/dl and/or LDL-C <70 mg/dl. The MACE was defined as combination of all-cause death, nonfatal coronary event and nonfatal stroke. During mean follow-up of 2.6 ± 1.6 years among 868 patients after AMI, 34.4% achieved non-HDL-C target, 23.7% achieved LDL-C target and 21.2% experienced MACEs. LDL-C and non-HDL-C were directly compared in Cox regression model. Compared with non-HDL-C <100 mg/dl, patients with non-HDL-C of>130 mg/dl had higher incidence of MACEs (HR 3.15, 95% CI 1.46-6.80, P = 0.003). Surprisingly, LDL-C >100 mg/dl was associated with reduced risk of MACE as compared to LDL <70 mg/dl (HR 0.42, 95% CI 0.18-0.98, p = 0.046) after direct pairwise comparison with non-HDL-C level.\n\nQuestion: Is non-HDL-cholesterol a better predictor of long-term outcome in patients after acute myocardial infarction compared to LDL-cholesterol?\n\nAnswer the question with yes, no, or maybe.\nAnswer:\n	yes
Context: This prospective, randomized study was designed to evaluate whether or not early postoperative feeding (claimed as a unique benefit of laparoscopic surgery) is possible after laparotomy and colorectal resection. The trial was performed between July 1, 1992 and October 31, 1992 and included all 64 consecutive patients who underwent laparotomy with either a colonic or an ileal resection. In all cases the nasogastric tube was removed immediately after the operation. Group 1 consisted of 32 patients (age range, 15-81 years; mean, 52 years) who received a regular diet on the first postoperative morning. Group 2 consisted of 32 patients (age range, 15-87 years; mean, 52 years) who were fed in a traditional manner. Regular food was permitted after resolution of ileus as defined by resumption of bowel movements in the absence of abdominal distention, nausea, or vomiting. The rate of nasogastric tube reinsertion for distention with persistent vomiting was 18.7 percent (six patients) in Group 1 and 12.5 percent (four patients) in Group 2. Although vomiting was experienced more frequently by patients in Group 1 (44 percent vs. 25 percent, respectively), there was no difference between the two groups with regard to the duration of postoperative ileus (3.6 vs. 3.4 days, respectively). In the 26 patients from Group 1 who did not require nasogastric tube reinsertion, there was a trend toward shorter hospitalization (6.7 vs. 8.0 days, respectively).\n\nQuestion: Must early postoperative oral intake be limited to laparoscopy?\n\nAnswer the question with yes, no, or maybe.\nAnswer:\n	no
Context: To investigate the importance of loss of consciousness (LOC) in predicting neuropsychological test performance in a large sample of patients with head injury. Retrospective comparison of neuropsychological test results for patients who suffered traumatic LOC, no LOC, or uncertain LOC. Allegheny General Hospital, Pittsburgh, Pennsylvania. The total number of patients included in this study was 383. Neuropsychological test measures, including the visual reproduction, digit span, and logical memory subtests of the Wechsler memory scale (revised), the Trail Making test, Wisconsin Card Sorting test, Hopkins Verbal Learning test, Controlled Oral Word Association, and the Galveston Orientation and Amnesia test (GOAT). No significant differences were found between the LOC, no LOC, or uncertain LOC groups for any of the neuropsychological measures used. Patients who had experienced traumatic LOC did not perform more poorly on neuropsychological testing than those with no LOC or uncertain LOC. All three groups demonstrated mildly decreased performance on formal tests of speed of information processing, attentional process, and memory.\n\nQuestion: Does loss of consciousness predict neuropsychological decrements after concussion?\n\nAnswer the question with yes, no, or maybe.\nAnswer:\n	no
Context: In this prospective non randomized observational cohort study we have evaluated the influence of age on outcome of laparoscopic total fundoplication for GERD. Six hundred and twenty consecutive patients underwent total laparoscopic fundoplication for GERD. Five hundred and twenty-four patients were younger than 65 years (YG), and 96 patients were 65 years or older (EG). The following parameters were considered in the preoperative and postoperative evaluation: presence, duration, and severity of GERD symptoms, presence of a hiatal hernia, manometric and 24 hour pH-monitoring data, duration of operation, incidence of complications and length of hospital stay. Elderly patients more often had atypical symptoms of GERD and at manometric evaluation had a higher rate of impaired esophageal peristalsis in comparison with younger patients. The duration of the operation was similar between the two groups. The incidence of intraoperative and postoperative complications was low and the difference was not statistically significant between the two groups. An excellent outcome was observed in 93.0% of young patients and in 88.9% of elderly patients (p = NS).\n\nQuestion: Is the advanced age a contraindication to GERD laparoscopic surgery?\n\nAnswer the question with yes, no, or maybe.\nAnswer:\n	no
Context: To evaluate the effect of the 80-hour workweek restrictions on resident education within surgical programs in the New England area. Web-based survey. All Accreditation Council for Graduate Medical Education (ACGME) accredited surgical residency programs in New England (n = 20). Program directors/coordinators in each surgical residency program in New England. First, American Board of Surgery In-Training Examination (ABSITE) scores and the passing rate of the ABS certifying examination were recorded for the years 2001, 2002, 2005, and 2006. Second, the changes in the curriculum of surgical education were documented as perceived by program coordinators and directors. In all, 85% (17/20) of surgical programs in New England responded to the survey. The programs began to implement the 80-hour workweek from 2002 to 2004. An equal distribution of community (n = 8) and university programs (n = 9) was sampled. Prior to the initiation of the 80-hour workweek, residency programs emphasized weekly didactic sessions given by attending physicians (88%), mock orals (88%), and conventional journal club (76%). After the 80-hour workweek was implemented, the education curriculum most often consisted of didactic sessions by attending (100%), mock orals (88%), and simulation laboratories (75%). No difference was observed in ABSITE scores and first-time pass rates of the ABS examination before or after the introduction of the 80-hour workweek (20% response). Only 25% of programs felt that surgical education was improved after the implementation of the 80-hour workweek, whereas 31% felt education was worse. Overall, 44% of respondents believed that there was no difference in surgical education.\n\nQuestion: Has the 80-hour workweek improved surgical resident education in New England?\n\nAnswer the question with yes, no, or maybe.\nAnswer:\n	no
Context: To compare the myoelectric onset of muscle fatigue in physically active trained young skiers with respect to elderly skiers and to test whether continuous training can counteract the selective loss of type II muscle fibers usually observed with aging. An observational, cross-sectional study of the myoelectric onset of muscle fatigue in the left tibialis anterior muscles. Surface electromyography recorded with portable devices at a downhill ski rescue lodge in the Italian Alps. Fifty-four physically trained, active skiers (43 men, 11 women; age range, 24-85y). Questionnaire on physical activity and 2 sustained isometric voluntary contractions at 20% and 2 at 80% of the maximal voluntary contraction level. Isometric contractions and mean and median spectral frequencies calculated to monitor the myoelectric manifestations of muscle fatigue. Fatigue indices did not differ significantly between younger and older subjects and, thus, did not show a correlation between myoelectric manifestations of muscle fatigue and age in physically active subjects.\n\nQuestion: Can continuous physical training counteract aging effect on myoelectric fatigue?\n\nAnswer the question with yes, no, or maybe.\nAnswer:\n	yes
Context: Ischemic preconditioning (IP) is initiated through one or several short bouts of ischemia and reperfusion which precede a prolonged ischemia. To test whether a reperfusion must precede the prolonged index ischemia, a series without reperfusion (intraischemic preconditioning: IIP) and a series with gradual onset of ischemia, i.e. ramp ischemia (RI), which is possibly related to the development of hibernation, was compared to conventional IP (CIP). Experiments were performed an 27 blood-perfused rabbit hearts (Langendorff apparatus) that were randomized into one of four series: (1) control (n = 7): 60 min normal flow - 60 min low flow (10%) ischemia - 60 min reperfusion. (2) CIP (n = 7): 4 times 5 min zero flow with 10 min reperfusion each - 60 min low flow (10%) - ischemia 60 min reperfusion. (3) IIP (n = 7): 50 min normal flow - 10 min no flow - 60min low flow (10%) ischemia -4 60min reperfusion. (4) RI (n=6): gradual reduction to 10% flow during 60min - 60min low flow (10%) ischemia - 60min reperfusion. At the end of each protocol, the infarcted area was assessed. The infarct area in control hearts was 6.7+/-1.4% (means+/-SEM) of LV total area, in CIP hearts 2.6+/-0.8%, in IIP hearts 3.1+/-0.5%, and in RI hearts 3.0+/-0.3% (all p<0.05 vs. control). The differences between the three protection protocols were statistically not significant, and no protective protocol reduced post-ischemic myocardial dysfunction.\n\nQuestion: Does ischemic preconditioning require reperfusion before index ischemia?\n\nAnswer the question with yes, no, or maybe.\nAnswer:\n	no
Context: To examine the evidence base of sports medicine research and assess how relevant and applicable it is to everyday practice. Original research articles, short reports, and case reports published in four major sport and exercise medicine journals were studied and classified according to the main topic of study and type of subjects used. The most common topic was sports science, and very few studies related to the treatment of injuries and medical conditions. The majority of published articles used healthy subjects sampled from the sedentary population, and few studies have been carried out on injured participants.\n\nQuestion: Are sports medicine journals relevant and applicable to practitioners and athletes?\n\nAnswer the question with yes, no, or maybe.\nAnswer:\n	no
Context: Phacodonesis can occur in pseudoexfoliation syndrome because of impaired zonular support. This study investigates whether the increased mobility of the lens influences anterior chamber depth in patients with pseudoexfoliation while assuming a prone position. Central anterior chamber depth was measured in 39 patients with clinically apparent unilateral pseudoexfoliation and elevated intraocular pressure. Patients were placed in a face-up position for 5 minutes, at which time anterior chamber depth and axial length were measured by A scan, and intraocular pressure was measured by Tonopen (Oculab, La Jolla, CA) in both eyes. The measurements were repeated on both eyes after 5 minutes in a face-down position. No significant differences in intraocular pressure or axial length between the prone and supine positions were found in either eye. Anterior chamber depth in eyes with pseudoexfoliation decreased from a mean of 3.08 mm in the supine position to a mean of 2.95 mm in the prone position, whereas mean anterior chamber depth in the fellow eyes decreased from 3.01 mm to 2.97 mm. The decrease in anterior chamber depth when facing down in the eyes with pseudoexfoliation was significantly greater than in the fellow eyes.\n\nQuestion: Does head positioning influence anterior chamber depth in pseudoexfoliation syndrome?\n\nAnswer the question with yes, no, or maybe.\nAnswer:\n	yes
Context: Dryness of the mouth is one of the most distressing chronic toxicities of radiation therapy in head and neck cancers. In this study, parotid function was assessed in patients with locally advanced head and neck cancers undergoing intensity-modulated radiotherapy (IMRT) with or without chemotherapy. Parotid function was assessed with the help of a questionnaire and parotid scintigraphy, especially with regards to unilateral sparing of the parotid gland. In total, 19 patients were treated with compensator-based IMRT between February 2003 and March 2004. The dose to the clinical target volume ranged between 66 and 70 Gy in 30-35 fractions to 95% of the isodose volume. Ipsilateral high-risk neck nodes received an average dose of 60 Gy and the contralateral low-risk neck received a dose of 54-56 Gy. Eight of 19 patients also received concomitant chemotherapy. Subjective toxicity to the parotid glands was assessed with the help of a questionnaire at 0, 3 and 6 months and objective toxicity was assessed with parotid scintigraphy at 0 and 3 months. The mean dose to the ipsilateral parotid gland ranged from 19.5 to 52.8 Gy (mean 33.14 Gy) and the mean dose to the contralateral gland was 11.1-46.6 Gy (mean 26.85 Gy). At a median follow-up of 13 months, 9/19 patients had no symptoms of dryness of the mouth (grade I), 8/19 had mild dryness of the mouth (grade II) and only 2/19 had grade III xerostomia, although the parotid gland could only be spared on one side in most of the patients.\n\nQuestion: Can dose reduction to one parotid gland prevent xerostomia?\n\nAnswer the question with yes, no, or maybe.\nAnswer:\n	yes
Context: To determine the impact of a physician's specialty on the frequency and depth of medication history documented in patient medical records. A cross-sectional assessment of the frequency and depth of medication history information documented by 123 physicians for 900 randomly selected patients stratified across Cardiology, Chest, Dermatology, Endocrine, Gastroenterology, Haematology, Neurology, Psychiatry and Renal specialties was carried out at a 900-bed teaching hospital located in Ibadan, Nigeria. Four hundred and forty-three (49.2%) of the cohort were males and 457 (50.8%) were females; with mean ages 43.2 +/- 18.6 and 43.1 +/- 17.9 years respectively. Physicians' specialties significantly influenced the depth of documentation of the medication history information across the nine specialties (P<0.0001). Post hoc pair-wise comparisons with Tukey's HSD test showed that the mean scores for adverse drug reactions and adherence to medicines was highest in the Cardiology specialty; while the Chest specialty had the highest mean scores for allergy to drugs, food, chemicals and cigarette smoking. Mean scores for the use of alcohol; illicit drugs; dietary restrictions was highest for Gastroenterology, Psychiatry and Endocrine specialties respectively. Physicians' specialties also significantly influenced the frequency of documentation of the medication history across the nine specialties (P<0.0001).\n\nQuestion: Does a physician's specialty influence the recording of medication history in patients' case notes?\n\nAnswer the question with yes, no, or maybe.\nAnswer:\n	yes
Context: This paper uses a life-course approach to explore whether the timing and/or duration of urban (vs rural) exposure was associated with risk factors for NCDs. A cross-sectional survey was conducted among health care workers in two hospitals in Thailand. Two measures of urbanicity were considered: early-life urban exposure and the proportion of urban life years. We explored four behavioral NCD risk factors, two physiological risk factors and four biological risk factors. Both measures of urbanicity were each independently associated with increases in all behavioral and physiological risk factors. For some biological risk factors, people spending their early life in an urban area may be more susceptible to the effect of increasing proportion of urban life years than those growing up in rural areas.\n\nQuestion: Living in an urban environment and non-communicable disease risk in Thailand: Does timing matter?\n\nAnswer the question with yes, no, or maybe.\nAnswer:\n	yes
Context: To evaluate renal damage and impairment of renal function 1 yr after laparoscopic partial nephrectomy (LPN) with warm ischemia>30 min. From July 2004 to June 2005, 18 patients underwent LPN with warm ischemia time>30 min. Kidney damage markers (daily proteinuria and tubular enzymes) and renal function (serum creatinine, cystatin C, and creatinine clearances) were assessed on postoperative days 1 and 5 and at 12 mo. Glomerular filtration rate (GFR) was evaluated before surgery and at 3 mo. Renal scintigraphy was performed before the procedure, at 5 d and at 3 and 12 mo postoperatively. Statistical analysis was performed using the Student t test and logistic regression analysis. In terms of kidney damage and renal function markers, the statistical analysis demonstrated that at 1 yr there was complete return to the normal range and no statistical difference between the values at the various time points. The GFR was not significantly different before and 3 mo after surgery. In terms of scintigraphy of the operated kidney, the values were 48.35+/-3.82% (40-50%) before the procedure, 36.88+/-8.42 (16-50%) on postoperative day 5 (p=0.0001), 40.56+/-8.96 (20-50%) at 3 mo (p=0.003), and 42.8+/-7.2% (20-50%) 1 yr after surgery (p=0.001).\n\nQuestion: Is renal warm ischemia over 30 minutes during laparoscopic partial nephrectomy possible?\n\nAnswer the question with yes, no, or maybe.\nAnswer:\n	no
Context: Pregnancy induces adaptations in maternal metabolism to meet the increased need for nutrients by the placenta and fetus. Creatine is an important intracellular metabolite obtained from the diet and also synthesised endogenously. Experimental evidence suggests that the fetus relies on a maternal supply of creatine for much of gestation. However, the impact of pregnancy on maternal creatine homeostasis is unclear. We hypothesise that alteration of maternal creatine homeostasis occurs during pregnancy to ensure adequate levels of this essential substrate are available for maternal tissues, the placenta and fetus. This study aimed to describe maternal creatine homeostasis from mid to late gestation in the precocial spiny mouse. Plasma creatine concentration and urinary excretion were measured from mid to late gestation in pregnant (n = 8) and age-matched virgin female spiny mice (n = 6). At term, body composition and organ weights were assessed and tissue total creatine content determined. mRNA expression of the creatine synthesising enzymes arginine:glycine amidinotransferase (AGAT) and guanidinoacetate methyltransferase (GAMT), and the creatine transporter (CrT1) were assessed by RT-qPCR. Protein expression of AGAT and GAMT was also assessed by western blot analysis. Plasma creatine and renal creatine excretion decreased significantly from mid to late gestation (P<0.001, P<0.05, respectively). Pregnancy resulted in increased lean tissue (P<0.01), kidney (P<0.01), liver (P<0.01) and heart (P<0.05) mass at term. CrT1 expression was increased in the heart (P<0.05) and skeletal muscle (P<0.05) at term compared to non-pregnant tissues, and creatine content of the heart (P<0.05) and kidney (P<0.001) were also increased at this time. CrT1 mRNA expression was down-regulated in the liver (<0.01) and brain (<0.01) of pregnant spiny mice at term. Renal AGAT mRNA (P<0.01) and protein (P<0.05) expression were both significantly up-regulated at term, with decreased expression of AGAT mRNA (<0.01) and GAMT protein (<0.05) observed in the term pregnant heart. Brain AGAT (<0.01) and GAMT (<0.001) mRNA expression were also decreased at term.\n\nQuestion: Maternal creatine homeostasis is altered during gestation in the spiny mouse: is this a metabolic adaptation to pregnancy?\n\nAnswer the question with yes, no, or maybe.\nAnswer:\n	yes
Context: Rapid prescreening (RPS) is one of the quality assurance (QA) methods used in gynecologic cytology. The efficacy of RPS has been previously studied but mostly with respect to squamous lesions; in fact, there has been no study so far specifically looking at the sensitivity of RPS for detecting glandular cell abnormalities. A total of 80,565 Papanicolaou (Pap) smears underwent RPS during a 25-month period. A sample was designated as "review for abnormality" (R) if any abnormal cells (at the threshold of atypical squamous cells of undetermined significance/atypical glandular cells [AGC]) were thought to be present or was designated as negative (N) if none were detected. Each sample then underwent full screening (FS) and was designated as either R or N and also given a cytologic interpretation. The final cytologic interpretation was a glandular cell abnormality (≥AGC) in 107 samples (0.13%); 39 of these (36.4%) were flagged as R on RPS. Twenty-four patients (33.8%) out of 71 who had histologic follow-up were found to harbor a high-grade squamous intraepithelial lesion or carcinoma; 13 of those 24 Pap smears (54.2%) had been flagged as R on RPS. Notably, 11 AGC cases were picked up by RPS only and not by FS and represented false-negative cases; 2 of these showed endometrial adenocarcinoma on histologic follow-up.\n\nQuestion: Pap smears with glandular cell abnormalities: Are they detected by rapid prescreening?\n\nAnswer the question with yes, no, or maybe.\nAnswer:\n	yes
Context: The aim of this study was to evaluate poststapedectomy-delayed facial palsy etiopathogenesis, risk factors, evolution, and prevention. Seven hundred six stapedectomies performed in 580 patients were reviewed. In all patients who developed delayed facial palsy, the dates of onset and subside of facial palsy, the anatomic and pathologic predisposing factors, and a possible history for recurrent labial herpetic lesions were considered. The House-Brackmann (H-B) grading system was used to evaluate the facial function. Virus-specific immunoglobulin (Ig) G and IgM antibodies against herpes simplex virus type 1 (HSV-1) were determined by enzyme-linked immunosorbent assay (ELISA) 3 weeks after the onset of the paralysis. The results were compared with a control group without a history of recurrent herpes labialis. Poststapedectomy facial palsy developed in 7 out of 706 procedures. All 7 patients referred a history of recurrent labial herpetic lesions. One patient showed a facial palsy H-B grade II, 2 a grade III, and 3 a grade IV. After acyclovir therapy, 6 subjects recovered completely, whereas 1 maintained an H-B grade II. An increased IgG antibody titer was found in 6 of the patients with delayed facial palsy and in 1 out of 7 controls. Mean IgG titer was 1:14,050 in the subjects with delayed facial palsy and 1:2,300 in controls (P<.001).\n\nQuestion: Delayed peripheral facial palsy in the stapes surgery: can it be prevented?\n\nAnswer the question with yes, no, or maybe.\nAnswer:\n	yes
Context: The purpose of this study was to evaluate safe depth for suture anchor insertion during acetabular labral repair and to determine the neighbouring structures at risk during drilling and anchor insertion. Ten human cadaveric hips (six males and four females) were obtained. Acetabular labral surface was prepared and marked for right hips as 12, 1 and 3 o'clock positions, for left hips 12, 11 and 9 o'clock positions. Those were defined as anterior, anterior-superior and superior zones, respectively. These labral positions were drilled at defined zones. After measurements, depth of the bone at 10° and 20° drill angles on zones was compared statistically. Acetabular bone widths at investigated labral insertion points did not statistically differ. A total of 14 injuries in 60 penetrations occurred (23.3 %) with free drill penetrations, and no injuries occurred with stopped drill penetrations. The bone depth was gradually decreasing from 10° to 20° drill angles and from anterior to superior inserting zones without significant importance. The risk of perforation to the pelvic cavity started with 20 mm drill depth, and the mean depth for all insertions was calculated as 31.7 mm (SD 2.6).\n\nQuestion: Are pelvic anatomical structures in danger during arthroscopic acetabular labral repair?\n\nAnswer the question with yes, no, or maybe.\nAnswer:\n	yes
Context: Hereditary transthyretin (ATTR) amyloidosis with increased left ventricular wall thickness could easily be misdiagnosed by echocardiography as hypertrophic cardiomyopathy (HCM). Our aim was to create a diagnostic tool based on echocardiography and ECG that could optimise identification of ATTR amyloidosis. Data were analysed from 33 patients with biopsy proven ATTR amyloidosis and 30 patients with diagnosed HCM. Conventional features from ECG were acquired as well as two dimensional and Doppler echocardiography, speckle tracking derived strain and tissue characterisation analysis. Classification trees were used to select the most important variables for differentiation between ATTR amyloidosis and HCM. The best classification was obtained using both ECG and echocardiographic features, where a QRS voltage>30 mm was diagnostic for HCM, whereas in patients with QRS voltage<30 mm, an interventricular septal/posterior wall thickness ratio (IVSt/PWt)>1.6 was consistent with HCM and a ratio<1.6 supported the diagnosis of ATTR amyloidosis. This classification presented both high sensitivity (0.939) and specificity (0.833).\n\nQuestion: Can echocardiography and ECG discriminate hereditary transthyretin V30M amyloidosis from hypertrophic cardiomyopathy?\n\nAnswer the question with yes, no, or maybe.\nAnswer:\n	yes
Context: To assess the relationship between the experience of pediatric housestaff and tests ordered on infants in the neonatal intensive care unit (ICU). Prospective, cohort study over one full academic year. One academic Level III neonatal intensive care nursery. Data were collected prospectively on all 785 infants admitted to the neonatal ICU from July 1993 to June 1994. These infants were cared for by 14 different categorical pediatric housestaff. Our neonatal ICU has either a resident or an intern on-call by himself/herself at night, affording us a natural setting to compare intern vs. resident test ordering. The outcomes of interest were number of arterial blood gases, radiographs, and electrolytes ordered per infant by the on-call pediatric houseofficer, as tabulated the morning after the call night. Control variables included the severity-of-illness of the individual infant (using the Neonatal Therapeutic Intervention Scoring System), the workload of the houseofficer (number of patients, number of admissions), and supervision (rounding frequency and on-call attending). Controlling for the severity-of-illness of the infant, the workload on the call night, and supervision with multiple linear regression, we found that interns ordered significantly (p = .02) greater numbers of arterial blood gases per infant than residents, amounting to some 0.33 blood gases per infant per call night (3.22 vs. 2.89 arterial blood gases per infant per night). This increase of 0.33 blood gases per infant amounts to interns ordering $169 more arterial blood gases per call night at our institution. There was no difference between interns and residents in ordering radiographs or electrolytes.\n\nQuestion: Does pediatric housestaff experience influence tests ordered for infants in the neonatal intensive care unit?\n\nAnswer the question with yes, no, or maybe.\nAnswer:\n	yes
Context: Obesity is associated with an increased risk for cardiovascular disease. Although it is known that white adipose tissue (WAT) produces numerous proinflammatory and proatherogenic cytokines and chemokines, it is unclear whether adipose-derived chemotactic signals affect the chronic inflammation in atherosclerosis. Histological examination showed that perivascular WAT (pWAT) is in close proximity to vascular walls, particularly at sites that have a tendency to develop atherosclerosis. In rodents, the amount of pWAT is markedly increased by a high-fat diet. At a functional level, supernatant from subcutaneous and pWAT strongly induced the chemotaxis of peripheral blood leukocytes. The migration of granulocytes and monocytes was mostly mediated by interleukin-8 and monocyte chemoattractant protein-1, respectively, whereas both chemokines contributed to the migration of activated T cells. Moreover, pWAT produces these chemokines, as shown by immunohistochemistry and by explant culture. The accumulation of macrophages and T cells at the interface between pWAT and the adventitia of human atherosclerotic aortas may reflect this prochemotactic activity of pWAT.\n\nQuestion: Production of chemokines by perivascular adipose tissue: a role in the pathogenesis of atherosclerosis?\n\nAnswer the question with yes, no, or maybe.\nAnswer:\n	yes
Context: Women's experiences of childbirth may affect their future reproduction, and the model of care affects their experiences, suggesting that a causal link may exist between model of care and future reproduction. The study objective was to examine whether the birth center model of care during a woman's first pregnancy affects whether or not she has a second baby, and on the spacing to the next birth. Between October 1989 and July 1993, a total of 1860 women at low medical risk in early pregnancy, who participated in a randomized controlled trial of in-hospital birth center care versus standard care, gave birth. The 1063 primiparas in the trial, 543 in the birth center group and 520 in the standard care group, were included in a secondary analysis in which women's personal identification codes were linked to the Swedish National Birth Register, which included information about their subsequent birth during the following 7 to 10 years. Time to an event curves were constructed by means of the Kaplan Meier method. The observation period after the first birth was on average 8.8 years in the birth center group and 8.7 years in the standard care group. No statistical difference was found between the groups in time to second birth, which was 2.85 and 2.82 years, respectively (median; log-rank 1.26; p=0.26).\n\nQuestion: Does birth center care during a woman's first pregnancy have any impact on her future reproduction?\n\nAnswer the question with yes, no, or maybe.\nAnswer:\n	no
Context: To explore whether early treatment would shorten the duration of headache from headache onset to its peak and reduce headache severity at peak. Prior clinical studies almost exclusively focused on headache relief after dosing. No data are available on whether early intervention affects the duration from headache onset to peak and headache severity at peak. Adult migraineurs were enrolled in this observational study from multi-site headache clinics. Patients recorded their migraine experiences via an electronic diary over 1 month. Patients reported the time and pain severity at onset, dosing, and peak. We used a linear mixed model to evaluate the impact of the timing of treatment and to adjust for covariates and correlation of observations within subjects. A total of 182 patients reported 970 migraine episodes, 620 of which were treated before headaches progressed to peak. Mean time from headache onset to peak varied from 1.9 hours to 8.9 hours for patients treated within 15 minutes of onset and those who waited for 4 or more hours, respectively. However, early intervention was not associated with reduced headache severity at peak. In multivariate analysis, early treatment, use of triptans, and mild migraine headache in the past 3 months were significantly associated with shorter time from onset to headache peak. A separate model indicated that the timing of medication was not associated with the duration between dosing and headache peak, but use of triptans shortened the time from dosing to headache peak.\n\nQuestion: Does early migraine treatment shorten time to headache peak and reduce its severity?\n\nAnswer the question with yes, no, or maybe.\nAnswer:\n	yes
Context: The authors sought to determine whether the manic/mixed episode distinction in patients with bipolar disorder runs true over time. Over an 11-year period, the observed distribution of manic and mixed episodes (N=1,224) for patients with three or more entries in the management information system of a community mental health center (N=241) was compared to the expected distribution determined by averaging 1,000 randomly generated simulations. Episodes were consistent (all manic or all mixed) in significantly more patients than would be expected by chance.\n\nQuestion: Does the manic/mixed episode distinction in bipolar disorder patients run true over time?\n\nAnswer the question with yes, no, or maybe.\nAnswer:\n	yes
Context: To evaluate the effect of an antismoking advertisement on young people's perceptions of smoking in movies and their intention to smoke.SUBJECTS/ 3091 cinema patrons aged 12-24 years in three Australian states; 18.6% of the sample (n = 575) were current smokers.DESIGN/ Quasi-experimental study of patrons, surveyed after having viewed a movie. The control group was surveyed in week 1, and the intervention group in weeks 2 and 3. Before seeing the movie in weeks 2 and 3, a 30 s antismoking advertisement was shown, shot in the style of a movie trailer that warned patrons not to be sucked in by the smoking in the movie they were about to see. Attitude of current smokers and non-smokers to smoking in the movies; intention of current smokers and non-smokers to smoke in 12 months. Among non-smokers, 47.8% of the intervention subjects thought that the smoking in the viewed movie was not OK compared with 43.8% of the control subjects (p = 0.04). However, there was no significant difference among smokers in the intervention (16.5%) and control (14.5%) groups (p = 0.4). A higher percentage of smokers in the intervention group indicated that they were likely to be smoking in 12 months time (38.6%) than smokers in the control group (25.6%; p<0.001). For non-smokers, there was no significant difference in smoking intentions between groups, with 1.2% of intervention subjects and 1.6% of controls saying that they would probably be smoking in 12 months time (p = 0.54).\n\nQuestion: Out of the smokescreen II: will an advertisement targeting the tobacco industry affect young people's perception of smoking in movies and their intention to smoke?\n\nAnswer the question with yes, no, or maybe.\nAnswer:\n	yes
Context: We retrospectively identified 84 consecutive patients aged ≥80 years, who underwent a cardiac reoperation at the department for Cardiothoracic Surgery in the Heart&Vessel Center Bad Bevensen between January 2007 and 2013. Demographic profiles as well as operative data were analyzed, and the patients were prospectively followed. Patient's functional status and quality of life were assessed with the Barthel Index, New York Heart Association class and the short form-12 questionnaire. The mean age of the study group (61 men, 23 women) was 81.9 ± 1.9 years. Most redo-procedures were carried out after primary coronary artery bypass grafting (65%), primary aortic valve replacement (21%) and primary mitral valve replacement (6%). The most frequent actual surgical procedures were combined coronary artery bypass grafting and aortic valve replacement (26%), isolated coronary artery bypass grafting (19%), and isolated aortic valve replacement (19%). The mean length of hospital stay was 17 ± 15 days. In-hospital mortality counted for 32.1%. During follow up (29 ± 20 months) a further 19.0% of the patients died. The Barthel Index of the survivors was 89 ± 17 and their mean New York Heart Association class was 2 ± 1. A total of 93% of the patients were living at home. Summary scores of physical and mental health of the short form-12 questionnaire equalled those of an age- and sex-matched normative population.\n\nQuestion: Cardiac reoperations in octogenarians: Do they really benefit?\n\nAnswer the question with yes, no, or maybe.\nAnswer:\n	yes
Context: Little is known about the nutritional adequacy and feasibility of breastmilk replacement options recommended by WHO/UNAIDS/UNICEF. The study aim was to explore suitability of the 2001 feeding recommendations for infants of HIV-infected mothers for a rural region in KwaZulu Natal, South Africa specifically with respect to adequacy of micronutrients and essential fatty acids, cost, and preparation times of replacement milks. Nutritional adequacy, cost, and preparation time of home-prepared replacement milks containing powdered full cream milk (PM) and fresh full cream milk (FM) and different micronutrient supplements (2 g UNICEF micronutrient sachet, government supplement routinely available in district public health clinics, and best available liquid paediatric supplement found in local pharmacies) were compared. Costs of locally available ingredients for replacement milk were used to calculate monthly costs for infants aged one, three, and six months. Total monthly costs of ingredients of commercial and home-prepared replacement milks were compared with each other and the average monthly income of domestic or shop workers. Time needed to prepare one feed of replacement milk was simulated. When mixed with water, sugar, and each micronutrient supplement, PM and FM provided<50% of estimated required amounts for vitamins E and C, folic acid, iodine, and selenium and<75% for zinc and pantothenic acid. PM and FM made with UNICEF micronutrient sachets provided 30% adequate intake for niacin. FM prepared with any micronutrient supplement provided no more than 32% vitamin D. All PMs provided more than adequate amounts of vitamin D. Compared with the commercial formula, PM and FM provided 8-60% of vitamins A, E, and C, folic acid, manganese, zinc, and iodine. Preparations of PM and FM provided 11% minimum recommended linoleic acid and 67% minimum recommended alpha-linolenic acid per 450 ml mixture. It took 21-25 minutes to optimally prepare 120 ml of replacement feed from PM or commercial infant formula and 30-35 minutes for the fresh milk preparation. PM or FM cost approximately 20% of monthly income averaged over the first six months of life; commercial formula cost approximately 32%.\n\nQuestion: Are WHO/UNAIDS/UNICEF-recommended replacement milks for infants of HIV-infected mothers appropriate in the South African context?\n\nAnswer the question with yes, no, or maybe.\nAnswer:\n	no
Context: Bias against operating on patients with prosthetic valve endocarditis (PVE) who have multiple prostheses may preclude the use of life-saving valve replacement. We investigated the accuracy of the preoperative diagnosis of PVE in patients with both mitral and aortic prosthesis and the safety of single-valve replacement when only one valve seemed infected. Patients with a diagnosis of active PVE who had mitral and aortic prosthesis in place were assessed. We looked at the methods for diagnosis, causative agents, indication for valve replacement, operative findings and outcome. Twenty patients, who had both mitral and aortic prostheses and a diagnosis of PVE, were assessed. Streptococci and staphylococci caused 70% of cases. By means of echocardiography, the valves involved were: mitral (11 patients), aortic (six patients), and in three cases both prosthetic valves seemed infected. Surgery was undertaken in 17 patients (85%). The positive predictive value of transesophageal echocardiogram (TEE) for the preoperative diagnosis of the site of infection was 100%. In 13 patients, only the prosthetic valve that seemed infected was replaced. Four of these patients died within a week after the procedure. Nine patients survived the surgical procedure, completed a course of antimicrobial therapy and were followed up for 15.78 months (95% CI: 12.83-18.72). All were considered cured and relapses were not observed.\n\nQuestion: Surgical treatment of prosthetic valve endocarditis in patients with double prostheses: is single-valve replacement safe?\n\nAnswer the question with yes, no, or maybe.\nAnswer:\n	yes
Context: To study the risks of haemodynamic instability, and the possible occurrence of spinal haematoma, meningitis and epidural abscess when epidural analgesia is performed for cytoreductive surgery and hyperthermic intraperitoneal chemotherapy (HIPEC). We retrospectively analyzed the data of 35 patients treated by HIPEC with oxaliplatin or cisplatin. An epidural catheter was inserted before induction of general anaesthesia. Postoperatively, a continuous epidural infusion of ropivacain, then a patient-controlled epidural analgesia were started. The epidural catheter was used peroperatively before HIPEC in 12 subjects (34%), and after HIPEC in 23 subjects (66%). The median dose of ropivacain given peroperatively in the epidural catheter was 40 mg (30-75). Norepinephrin was used in two subjects (6%) peroperatively (median infusion rate 0.325 μg/kg per minute [0.32-0.33]), and in four subjects (11%) in the postoperative 24 hours. No spinal haematoma, meningitis or epidural abscess were noted. Five subjects (14%) had a thrombopenia or a prothrombin time less than 60% before catheter removal. Two subjects (6%) had a leukopenia before catheter removal. No thrombopenia or blood coagulation disorders were recorded the day of catheter removal.\n\nQuestion: Epidural analgesia for surgical treatment of peritoneal carcinomatosis: a risky technique?\n\nAnswer the question with yes, no, or maybe.\nAnswer:\n	no
Context: The APACHE II (Acute Physiology and Chronic Health Evaluation II) score used as an intensive care unit (ICU) admission score in emergency surgical patients is not independent of the effects of treatment and might lead to considerable bias in the comparability of defined groups of patients and in the evaluation of treatment policies. Postoperative monitoring with the APACHE II score is clinically irrelevant. Inception cohort study. Secondary referral center. Eighty-five consecutive emergency surgical patients admitted to the surgical ICU in 1999. The APACHE II score was calculated before surgery; after admission to the ICU; and on postoperative days 3, 7, and 10. APACHE II scores and predicted and observed mortality rates. The mean +/- SD APACHE II score of 24.2 +/- 8.3 at admission to the ICU was approximately 36% greater than the initial APACHE II score of 17.8 +/- 7.7, a difference that was highly statistically significant (P<.001). The overall mortality of 32% favorably corresponds with the predicted mortality of 34% according to the initial APACHE II score. However, the predicted mortality of 50% according to the APACHE II score at admission to the ICU was significantly different from the observed mortality rate (P =.02). In 40 long-term patients (>/=10 days in the ICU), the difference between the APACHE II scores of survivors and patients who died was statistically significant on day 10 (P =.04).\n\nQuestion: Risk stratification in emergency surgical patients: is the APACHE II score a reliable marker of physiological impairment?\n\nAnswer the question with yes, no, or maybe.\nAnswer:\n	yes
Context: To explore expressed needs, both formal and informal, of family caregivers of frail elderly. To evaluate roles of physicians. Questionnaire survey of members of the Montreal Jewish community providing care for frail elderly family members. Jewish community of Montreal. Volunteer caregivers who were caring for a family member or friend 60 years or older, who had greatest responsibility for providing physical or emotional support to an elderly person, who saw themselves as caregivers, and who could speak English or French were studied. Of 118 volunteers, 32 were excluded because they withdrew for personal reasons or because they did not meet study criteria. Demographic variables, functional status of the care receiver, use of home care services, and needs assessment to identify additional services. An average of 75.4% respondents did not use formal support services. Just under half of caregivers were dissatisfied with the attention they received from the health care system, and more than one third expressed feelings of stress, depression, guilt, and isolation.\n\nQuestion: Are physicians meeting the needs of family caregivers of the frail elderly?\n\nAnswer the question with yes, no, or maybe.\nAnswer:\n	no
Context: Cytologic criteria reported to be helpful in the distinction of proliferative breast disease without atypia (PBD) from nonproliferative breast disease (NPBD) have not been rigorously tested. Fifty-one air-dried, Diff-Quik-stained fine-needle aspirates (FNA) of palpable breast lesions with biopsy-proven diagnoses of NPBD (34 cases) or PBD (17 cases) were reviewed. The smears were evaluated for the cellularity, size, and architectural arrangement of the epithelial groups; the presence of single epithelial cells and myoepithelial cells; and nuclear characteristics. The only cytologic feature found to be significantly different between PBD and NPBD was a swirling pattern of epithelial cells. A swirling pattern was noted in 13 of 17 PBD cases (76%) and 12 of 34 NPBD cases (35%) (P = 0.008).\n\nQuestion: Can nonproliferative breast disease and proliferative breast disease without atypia be distinguished by fine-needle aspiration cytology?\n\nAnswer the question with yes, no, or maybe.\nAnswer:\n	no
Context: Academic medical researchers are judged by how often their publications are cited in the literature. When serving as journal reviewers, they may be more favorably disposed to manuscripts that cite their work. We investigate whether manuscripts that contain a citation to the reviewer's work receive higher evaluations than those that do not and whether peer reviewers encourage authors to cite that reviewer's work. We analyzed all research manuscripts submitted in 2012 to Annals of Emergency Medicine to determine whether they contained citations to each reviewer's work. To determine whether citation affected reviewer scores, we obtained each reviewer's score of the manuscript's overall desirability (1=worst to 5=best) and used descriptive statistics and regression modeling to compare scores of cited and noncited reviewers. We also enumerated how often reviewers suggested that authors add citations to the reviewer's work or other work. There were 395 manuscripts and 999 corresponding reviews with an manuscript desirability score. The 83 reviews by cited reviewers (8.3%) had a mean score of 2.8 (SD 1.4); the 916 reviews by noncited reviewers (91.7%), 2.5 (1.2; Δ=0.3; 95% confidence interval [CI] 0 to 0.6). The mean score in the 117 reviews of the noncited reviewers of the 57 manuscripts that had both cited and noncited reviewers was 2.9 (SD 1.2) compared with 2.9 (SD 1.1) for the 68 reviews by cited reviewers (Δ=0; 95% CI -0.3 to 0.4). In the final ordinal regression model, the unadjusted OR for the manuscript desirability score was 1.6 (95% CI 1.0 to 2.7); when adjusting for the manuscripts' mean desirability score, it was 1.4 (95% CI 0.8 to 2.2), demonstrating that manuscript quality was a confounder. Authors were asked to add a citation to the reviewer's work in 28 reviews (3%) but to others' work in 98 (10%).\n\nQuestion: Are Reviewers' Scores Influenced by Citations to Their Own Work?\n\nAnswer the question with yes, no, or maybe.\nAnswer:\n	yes
Context: Despite a previous meta-analysis that concluded that central venous pressure should not be used to make clinical decisions regarding fluid management, central venous pressure continues to be recommended for this purpose.AIM: To perform an updated meta-analysis incorporating recent studies that investigated indices predictive of fluid responsiveness. A priori subgroup analysis was planned according to the location where the study was performed (ICU or operating room). MEDLINE, EMBASE, Cochrane Register of Controlled Trials, and citation review of relevant primary and review articles. Clinical trials that reported the correlation coefficient or area under the receiver operating characteristic curve (AUC) between the central venous pressure and change in cardiac performance following an intervention that altered cardiac preload. From 191 articles screened, 43 studies met our inclusion criteria and were included for data extraction. The studies included human adult subjects, and included healthy controls (n = 1) and ICU (n = 22) and operating room (n = 20) patients. Data were abstracted on study characteristics, patient population, baseline central venous pressure, the correlation coefficient, and/or the AUC between central venous pressure and change in stroke volume index/cardiac index and the percentage of fluid responders. Meta-analytic techniques were used to summarize the data. Overall 57% ± 13% of patients were fluid responders. The summary AUC was 0.56 (95% CI, 0.54-0.58) with no heterogenicity between studies. The summary AUC was 0.56 (95% CI, 0.52-0.60) for those studies done in the ICU and 0.56 (95% CI, 0.54-0.58) for those done in the operating room. The summary correlation coefficient between the baseline central venous pressure and change in stroke volume index/cardiac index was 0.18 (95% CI, 0.1-0.25), being 0.28 (95% CI, 0.16-0.40) in the ICU patients, and 0.11 (95% CI, 0.02-0.21) in the operating room patients.\n\nQuestion: Does the central venous pressure predict fluid responsiveness?\n\nAnswer the question with yes, no, or maybe.\nAnswer:\n	no
Context: Alzheimer's disease (AD) is a primary degenerative disease that progressively affects all brain functions, with devastating consequences for the patient, the patient's family and society. Rest regional cerebral blood flow (rCBF) could have a strategic role in differentiating between AD patients and normal controls, but its use for this purpose has a low discriminatory capacity. The purpose of this study was to evaluate whether the diagnostic sensitivity of rCBF single-photon emission computed tomography (SPECT) could be increased by using an episodic memory task provocation, i.e. memory-provoked rCBF-SPECT (MP-SPECT). Eighteen persons (73.2+/-4.8 years) with mild AD and 18 healthy elderly (69.4+/-3.9 years) were included in the study. The subjects were injected with (99m)Tc-hexamethylpropylene amine oxime (HMPAO) during memory provocation with faces and names, followed by an rCBF-SPECT study. The rCBF (99m)Tc-HMPAO SPECT images were analysed using statistical parametric mapping (SPM2). Peaks with a false discovery rate corrected value of 0.05 were considered significant. On MP-SPECT, the AD group showed a significant rCBF reduction in the left parietal cortex in comparison with healthy elderly. At rest, no significant group differences were seen.\n\nQuestion: Memory-provoked rCBF-SPECT as a diagnostic tool in Alzheimer's disease?\n\nAnswer the question with yes, no, or maybe.\nAnswer:\n	yes
Context: Congenital cytomegalovirus infection is currently the leading cause of congenital infection in 0.2-2.2% of live births worldwide leading to variable serious sequalae. The aim of the study was to determine if low birth weight is an indicator of CMV congenital infection evidenced by detecting CMV-DNA in umbilical cord blood at the time of delivery. CMV-IgG and IgM antibodies and CMV-DNAemia were assessed in umbilical cord blood of two hundreds newborns, one hundred of whom had birth weight<or = 2700 gram and/or head circumference<or = 32 cm. CMV-IgM was not detected, while CMV-IgG was positive in 80-90% of the two hundreds tested newborns. CMV-DNA was detected in four out of the 200 newborns. One of them was over the adopted weight limit (>2700 gram).\n\nQuestion: Is low birth weight a risk indicator for congenital cytomegalovirus infection?\n\nAnswer the question with yes, no, or maybe.\nAnswer:\n	no
Context: Gallbladder carcinoma is characterized by delayed diagnosis, ineffective treatment and poor prognosis. Surgical resection has been thought to be the treatment of choice, while the role of radiotherapy as adjuvant or palliative treatment has not been fully clarified in the literature. We present the case of a 45-year-old female, with unresectable gallbladder carcinoma, grade IV, histologically diagnosed during laparotomy. The patient was treated with palliative intent with percutaneous transhepatic biliary drainage. Furthermore, she received external radiotherapy by (60)Co, using a three-field technique (anterior-posterior and right lateral). The total dose was 3,000 cGy in 10 fractions, with 300 cGy per fraction, 5 days weekly. The patient showed clinico-laboratory improvement and was discharged with a permanent percutaneous transhepatic endoprosthesis. During follow-up (10 and 12 months postirradiation), abdominal CTs showed no local extension of the tumor, while the patient had a good performance status. So far, 1 year after the diagnosis of gallbladder cancer she is still alive.\n\nQuestion: Is external palliative radiotherapy for gallbladder carcinoma effective?\n\nAnswer the question with yes, no, or maybe.\nAnswer:\n	yes
Context: To determine the perinatal predictors of discordant screening outcomes based on a two-stage screening protocol with transient-evoked otoacoustic emissions (TEOAE) and automated auditory brainstem response (AABR). A cross-sectional study of infants tested with TEOAE and AABR under a hospital-based universal newborn hearing screening program in Lagos, Nigeria. Maternal and infant factors associated with discordant TEOAE and AABR outcomes were determined with multivariable logistic regression analyses adjusting for potential confounding factors. Of the 4718 infants enrolled under the program 1745 (36.9%) completed both TEOAE and AABR. Of this group, 1060 (60.7%) passed both TEOAE and AABR ("true-negatives"); 92 (5.3%) failed both TEOAE and AABR ("true-positive"); 571 (32.7%) failed TEOAE but passed AABR ("false-positives") while 22 (1.3%) passed TEOAE but failed AABR ("false-negatives"). Infants with false-positives were likely to be admitted into well-baby nursery (p=0.001), belong to mothers who attended antenatal care (p=0.010) or who delivered vaginally (p<0.001) compared to infants with true-negatives while infants with true-positives were also more likely to be delivered vaginally (p=0.002) or admitted into well-baby nursery (p=0.035) compared to infants with false-negatives. Infants with true-positives were significantly more likely to be delivered vaginally (p<0.001) and have severe hyperbilirubinemia (p=0.045) compared with infants with true-negatives. No association was observed between false-negatives and true-negatives. Antenatal care status, mode of delivery and nursery type were useful predictors of discordant outcomes among all infants undergoing screening (c-statistic=0.73).\n\nQuestion: Is discordance in TEOAE and AABR outcomes predictable in newborns?\n\nAnswer the question with yes, no, or maybe.\nAnswer:\n	yes
Context: This article examines the hypothesis that the six U.S. states with the highest rates of road traffic deaths (group 1 states) also had above-average rates of other forms of injury such as falling, poisoning, drowning, fire, suffocation, homicide, and suicide, and also for the retail trade and construction industries. The converse, second hypothesis, for the six states with the lowest rates of road traffic deaths (group 2 states) is also examined. Data for these 12 states for the period 1983 to 1995 included nine categories of unintentional and four categories of intentional injury. Seventy-four percent of the group 1 states conformed to the first hypothesis, and 85% of the group 2 states conformed to the second hypothesis.\n\nQuestion: Do some U.S. states have higher/lower injury mortality rates than others?\n\nAnswer the question with yes, no, or maybe.\nAnswer:\n	yes
Context: Annual data on children aged under 16 y treated for asthma, including consumption of regular medication for asthma, numbers of hospital periods, lengths of hospitalizations and annual proportions of readmissions, were collected using patient-specific medical records from 1995 to 1999. In the Kuopio province, on average, 35.6-36.7/1000 children were on maintenance for asthma, of which 23% were receiving cromones, 51% were taking inhaled steroids and 26% were treated with cromones plus intermittent steroids. In the Oulu province, the respective prevalence was 32.7-34.9/1000, and the respective proportions were 5%, 93% and 2%. Total and first admissions, as well as hospital days were clearly less in the Oulu province. In the children aged>or = 6y, the average annual total admissions were 0.3/1000 (Oulu) vs 1.2/1000 (Kuopio) (p<0.001). Similarly, the first admissions were 0.2/1000 vs 1.0/1000 (p<0.001), proportions of readmissions 6.3% vs 19.3% (p<0.05), and numbers of hospital days 0.7/1000 vs 3.8/1000 (p<0.001). The differences were in the same direction, though less prominent, also among children 2-5 y of age.\n\nQuestion: Do inhaled steroids differ from cromones in terms of hospital admission rates for asthma in children?\n\nAnswer the question with yes, no, or maybe.\nAnswer:\n	yes
Context: Most studies on thrombosis prophylaxis focus on postoperative venous thrombosis. In medical wards thrombosis prophylaxis is generally restricted to patients who are immobilised. Our primary aim was to investigate the incidence of venous thrombosis in a general internal ward, to assess whether more rigorous prophylaxis would be feasible. We investigated the incidence of venous thrombosis in patients hospitalised from 1992 to 1996 and related our findings to literature reports. The incidence of symptomatic venous thrombosis in internal patients during hospitalisation was 39/6332 (0.6%). Among these 39 patients, 24 had a malignancy, whereas 876 out of all 6332 patients had a known malignancy. So, the incidence in this group with cancer was 2.7% compared with 0.3% (15/5456) in the non-cancer group (relative risk for venous thrombosis due to malignancy was 10.0 (95%C.I. 5.3-18.9).\n\nQuestion: Thrombosis prophylaxis in hospitalised medical patients: does prophylaxis in all patients make sense?\n\nAnswer the question with yes, no, or maybe.\nAnswer:\n	no
Context: Optimization of the preoperative hemoglobin (Hb) level is an effective way to reduce allogeneic transfusion in total knee arthroplasty (TKA) though the procedure is expensive, requires close monitoring and is often inconvenient for patients with reduced mobility. Our aim was to investigate the value of preoperative Hb levels to predict transfusion and thereby tailoring Hb optimization to patient characteristics. All consecutive patients who undergone primary TKA in our center over 2 years, and received tranexamic acid intraoperatively, were reviewed. The adjusted association between preoperative Hb levels and transfusion was assessed by multivariate logistic regression, and the estimated probability of transfusion for individual patients was derived from the logistic model. Out of the 784 patients who meet the inclusion criteria, risk of transfusion was associated with poorer performance status, as measured by the America Association of Anestesiology (ASA) score III/IV (OR: 3·3, P < 0·001) and lower preoperative Hb level (OR 3·8 for each g/dl below 13 g/dl; P < 0·001). According to the Hb level, the estimated probability of transfusion was 0·03 (range: 0·03-0·64) for ASA I/II patients and 0·10 (range: 0·10-0·84) for ASA III/IV.\n\nQuestion: Should all patients be optimized to the same preoperative hemoglobin level to avoid transfusion in primary knee arthroplasty?\n\nAnswer the question with yes, no, or maybe.\nAnswer:\n	no
Context: The diagnosis of acute appendicitis is still difficult and the results are unsatisfactory in three particular patient groups: in children, in fertile-age women and in elderly patients. As our population ages, the challenge for expedient diagnosis and intervention in older age groups will become more and more significant. The present study aimed at clarifying the role of leukocyte count and C-reactive protein (CRP) measurements in the diagnosis of acute appendicitis in the elderly. In particular, are there patients with acute appendicitis but unelevated leukocyte count and CRP? Eighty-three consecutive elderly patients underwent appendectomy for suspected acute appendicitis. The mean leukocyte count and CRP value were calculated in patients with an uninflamed appendix (group A) and in those with acute appendicitis (group B). The percentages of patients with: (1) both values unelevated; (2) only leukocyte count elevated; (3) only CRP value elevated; (4) both values elevated were calculated within the groups A and B. There was no statistically significant difference in leukocyte counts or CRP values between patients with an uninflamed appendix (group A) and those with acute appendicitis (group B). When the patients were divided into the four subgroups, the most conspicuous finding was that group B (acute appendicitis, n = 73) contained no patients with both values unelevated.\n\nQuestion: Is there a role for leukocyte and CRP measurements in the diagnosis of acute appendicitis in the elderly?\n\nAnswer the question with yes, no, or maybe.\nAnswer:\n	maybe
Context: To investigate whether low-tone SD was a precursor of Meniere's disease and whether patients with low-tone SD suffered from endolymphatic hydrops. This was a retrospective case review in the university hospital. A total of 184 patients with low-tone SD were divided into two groups with single and recurrent episodes. The progress, follow-up audiograms, and ECochG results of the patients were reviewed and compared with those of patients with high-tone SD and Meniere's disease. In all, 83 of 177 patients with low-tone SD unaccompanied by vertigo had recurrent hearing loss; 15 of the 83 developed vertiginous attacks. The remaining 94 patients had a single episode. Three of the seven patients with low-tone SD accompanied by vertigo had recurrent hearing loss; two of the three were subsequently confirmed to have Meniere's disease. The other four had a single episode. No difference in rate of progress from SD to Meniere's disease was observed among the low-tone and the high-tone SD groups. The average -SP/AP of each group with a single episode is smaller than that of other groups with recurrent episodes and Meniere's disease.\n\nQuestion: Prognosis of low-tone sudden deafness - does it inevitably progress to Meniere's disease?\n\nAnswer the question with yes, no, or maybe.\nAnswer:\n	no
Context: The objective of this study was to determine the most effective content of pictorial health warning labels (HWLs) and whether educational attainment moderates these effects. Field experiments were conducted with 529 adult smokers and 530 young adults (258 nonsmokers; 271 smokers). Participants reported responses to different pictorial HWLs printed on cigarette packages. One experiment involved manipulating textual form (testimonial narrative vs. didactic) and the other involved manipulating image type (diseased organs vs. human suffering). Tests of mean ratings and rankings indicated that pictorial HWLs with didactic textual forms had equivalent or significantly higher credibility, relevance, and impact than pictorial HWLs with testimonial forms. Results from mixed-effects models confirmed these results. However, responses differed by participant educational attainment: didactic forms were consistently rated higher than testimonials among participants with higher education, whereas the difference between didactic and testimonial narrative forms was weaker or not statistically significant among participants with lower education. In the second experiment, with textual content held constant, greater credibility, relevance, and impact was found for graphic imagery of diseased organs than imagery of human suffering.\n\nQuestion: Can pictorial warning labels on cigarette packages address smoking-related health disparities?\n\nAnswer the question with yes, no, or maybe.\nAnswer:\n	yes
Context: Clinical pathologists (CPs) report RBC morphologic (RBC-M) changes to assist clinicians in prioritizing differential diagnoses. However, reporting is subjective, semiquantitative, and potentially biased. Reporting decisions vary among CPs, and reports may not be interpreted by clinicians as intended. The aims of this study were to survey clinicians and CPs about RBC-M terms and their clinical value, and identify areas of agreement and discordance. Online surveys were distributed to small animal clinicians via the Veterinary Information Network and to CPs via the ASVCP listserv. A quiz assessed understanding of RBC-M terms among respondent groups. Descriptive statistics were used to analyze responses to survey questions, and quiz scores were compared among groups. Analyzable responses were obtained from 1662 clinicians and 82 CPs. Both clinicians and CPs considered some terms, e.g., agglutination, useful, whereas only CPs considered other terms, e.g., ghost cells, useful. All groups interpreted certain terms, e.g., Heinz bodies, correctly, whereas some clinicians misinterpreted others, e.g., eccentrocytes. Responses revealed that CPs often do not report RBC-M they consider insignificant, when present in low numbers. Twenty-eight percent of clinicians think CPs review all blood smears while only 19% of CPs report reviewing all smears.\n\nQuestion: Reporting and interpreting red blood cell morphology: is there discordance between clinical pathologists and clinicians?\n\nAnswer the question with yes, no, or maybe.\nAnswer:\n	yes
Context: Ultrasound is currently not established for the diagnosis of fractures. The aim of this study was to compare ultrasound and X-ray beyond their use solely for the identification of fractures, i. e., for the detection of fracture type and dislocation for pediatric fracture diagnosis. Limb bones of dead young pigs served as a model for pediatric bones. The fractured bones were examined with ultrasound, X-ray, and CT, which served as the gold standard. 162 of 248 bones were fractured. 130 fractures were identified using ultrasound, and 148 using X-ray. There were some advantages of X-ray over ultrasound in the detection of fracture type (80 correct results using X-ray, 66 correct results using ultrasound). Ultrasound, however, was superior to X-ray for dislocation identification (41 correct results using X-ray, 51 correct results using ultrasound). Both findings were not statistically significant after adjustment for multiple testing.\n\nQuestion: Is ultrasound equal to X-ray in pediatric fracture diagnosis?\n\nAnswer the question with yes, no, or maybe.\nAnswer:\n	yes
Context: The purpose of this study was to investigate the efficacy of ultrasonography to confirm Schanz pin placement in a cadaveric model, and the interobserver repeatability of the ultrasound methodology. This investigation is a repeated measures cadaveric study with multiple examiners. Cadaveric preparation and observations were done by an orthopaedic traumatologist and resident, and two general surgery traumatologists. A total of 16 Schanz pins were equally placed in bilateral femora and tibiae. Four examiners took measurements of pin protrusion beyond the distal cortices using first ultrasonography and then by direct measurement after gross dissection.MAIN OUTCOME MEASURE(S): Distal Schanz pin protrusion length measurements from both ultrasonography and direct measurement post dissection. Schanz pin protrusion measurements are underestimated by ultrasonography (p<0.01) by an average of 10 percent over the range of 5 to 18 mm, and they display a proportional bias that increases the under reporting as the magnitude of pin protrusion increases. Ultrasound data demonstrate good linear correlation and closely represent actual protrusion values in the 5 to 12 mm range. Interobserver repeatability analysis demonstrated that all examiners were not statistically different in their measurements despite minimal familiarity with the ultrasound methodology (p>0.8).\n\nQuestion: Is portable ultrasonography accurate in the evaluation of Schanz pin placement during extremity fracture fixation in austere environments?\n\nAnswer the question with yes, no, or maybe.\nAnswer:\n	yes
Context: Establishing a core curriculum for undergraduate Emergency Medicine (EM) education is crucial to development of the specialty. The Clerkship Directors in Emergency Medicine (CDEM) National Curriculum Task Force recommended that all students in a 4(th)-year EM clerkship be exposed to 10 emergent clinical conditions. To evaluate the feasibility of encountering recommended core conditions in a clinical setting during a 4(th)-year EM clerkship. Students from three institutions participated in this ongoing, prospective observation study. Students' patient logs were collected during 4-week EM clerkships between July 2011 and June 2012. De-identified logs were reviewed and the number of patient encounters for each of the CDEM-identified emergent conditions was recorded. The percentage of students who saw each of the core complaints was calculated, as was the average number of core complaints seen by each. Data from 130 students at three institutions were captured; 15.4% of students saw all 10 conditions during their rotation, and 76.9% saw at least eight. The average number of conditions seen per student was 8.4 (range of 7.0-8.6). The percentage of students who saw each condition varied, ranging from 100% (chest pain and abdominal pain) to 31% (cardiac arrest).\n\nQuestion: Medical student education in emergency medicine: do students meet the national standards for clinical encounters of selected core conditions?\n\nAnswer the question with yes, no, or maybe.\nAnswer:\n	no
Context: In patients with Los Angeles (LA) grade C or D oesophagitis, a positive relationship has been established between the duration of intragastric acid suppression and healing.AIM: To determine whether there is an apparent optimal time of intragastric acid suppression for maximal healing of reflux oesophagitis. Post hoc analysis of data from a proof-of-concept, double-blind, randomized study of 134 adult patients treated with esomeprazole (10 or 40 mg od for 4 weeks) for LA grade C or D oesophagitis. A curve was fitted to pooled 24-h intragastric pH (day 5) and endoscopically assessed healing (4 weeks) data using piecewise quadratic logistic regression. Maximal reflux oesophagitis healing rates were achieved when intragastric pH>4 was achieved for approximately 50-70% (12-17 h) of the 24-h period. Acid suppression above this threshold did not yield further increases in healing rates.\n\nQuestion: A model of healing of Los Angeles grades C and D reflux oesophagitis: is there an optimal time of acid suppression for maximal healing?\n\nAnswer the question with yes, no, or maybe.\nAnswer:\n	yes
Context: To evaluate the diagnostic accuracy of gadofosveset-enhanced magnetic resonance (MR) angiography in the assessment of carotid artery stenosis, with digital subtraction angiography (DSA) as the reference standard, and to determine the value of reading first-pass, steady-state, and "combined" (first-pass plus steady-state) MR angiograms. This study was approved by the local ethics committee, and all subjects gave written informed consent. MR angiography and DSA were performed in 84 patients (56 men, 28 women; age range, 61-76 years) with carotid artery stenosis at Doppler ultrasonography. Three readers reviewed the first-pass, steady-state, and combined MR data sets, and one independent observer evaluated the DSA images to assess stenosis degree, plaque morphology and ulceration, stenosis length, and tandem lesions. Interobserver agreement regarding MR angiographic findings was analyzed by using intraclass correlation and Cohen kappa coefficients. Sensitivity, specificity, positive predictive value (PPV), and negative predictive value (NPV) were calculated by using the McNemar test to determine possible significant differences (P<.05). Interobserver agreement regarding all MR angiogram readings was substantial. For grading stenosis, sensitivity, specificity, PPV, and NPV were, respectively, 90%, 92%, 91%, and 91% for first-pass imaging; 95% each for steady-state imaging; and 96%, 99%, 99%, and 97% for combined imaging. For evaluation of plaque morphology, respective values were 84%, 86%, 88%, and 82% for first-pass imaging; 98%, 97%, 98%, and 97% for steady-state imaging; and 98%, 100%, 100%, and 97% for combined imaging. Differences between the first-pass, steady-state, and combined image readings for assessment of stenosis degree and plaque morphology were significant (P<.001).\n\nQuestion: Gadofosveset-enhanced MR angiography of carotid arteries: does steady-state imaging improve accuracy of first-pass imaging?\n\nAnswer the question with yes, no, or maybe.\nAnswer:\n	yes
Context: This study aims to examine the accuracy of a new sternal skin conductance (SSC) device in measuring hot flashes and to assess the acceptability of the device by women. Three small descriptive pilot studies were performed using two sequential prototypes of the SSC device developed by an engineering device company in the Midwest. The devices were worn either in a monitored setting for 24 hours or in an ambulatory setting for 5 weeks. During the study period, women recorded hot flashes in a prospective hot flash diary and answered questions about the acceptability of wearing the SSC device. The first prototype was not able to collect any analyzable skin conductance data owing to various malfunction issues, including poor conductance and battery failure. However, 16 women wore the device for 5 weeks and reported that wearing the device was acceptable, although 31% stated that it interfered with daily activities. Hot flash data from the second prototype revealed a 24% concordance rate between self-reported and device-recorded hot flashes.\n\nQuestion: Sternal skin conductance: a reasonable surrogate for hot flash measurement?\n\nAnswer the question with yes, no, or maybe.\nAnswer:\n	no
Context: The elephant trunk technique for aortic dissection is useful for reducing false lumen pressure; however, a folded vascular prosthesis inside the aorta can cause haemolysis. The purpose of this study was to investigate whether an elephant trunk in a small-calibre lumen can cause haemolysis. Inpatient and outpatient records were retrospectively reviewed. Two cases of haemolytic anaemia after aortic surgery using the elephant trunk technique were identified from 2011 to 2013. A 64-year-old man, who underwent graft replacement of the ascending aorta for acute Stanford type A aortic dissection, presented with enlargement of the chronic dissection of the descending aorta and moderate aortic regurgitation. A two-stage surgery was scheduled. Total arch replacement with an elephant trunk in the true lumen and concomitant aortic valve replacement were performed. Postoperatively, he developed severe haemolytic anaemia because of the folded elephant trunk. The anaemia improved after the second surgery, including graft replacement of the descending aorta. Similarly, a 61-year-old man, who underwent total arch replacement for acute Stanford type A aortic dissection, presented with enlargement of the chronic dissection of the descending aorta. Graft replacement of the descending aorta with an elephant trunk inserted into the true lumen was performed. The patient postoperatively developed haemolytic anaemia because of the folded elephant trunk, which improved after additional stent grafting into the elephant trunk.\n\nQuestion: Elephant trunk in a small-calibre true lumen for chronic aortic dissection: cause of haemolytic anaemia?\n\nAnswer the question with yes, no, or maybe.\nAnswer:\n	yes
Context: It is generally considered that kidney grafts should be preserved at 4 degrees C during cold storage. However, actual temperature conditions are not known. We decided to study the temperature levels during preservation with the Biotainer storage can and Vitalpack transport pack. Temperature was monitored using the Thermobouton probe during preservation of pig kidneys, in the same conditions used with human grafts. The probe recorded the temperature level every 10 minutes during four days. We compared the results found with the new storage can with results obtained in the same conditions with the storage can formerly used by our team. We also studied the best position of the probe for temperature monitoring and the influence of the amount of ice within the transport pack on the temperature level. We then monitored the temperature during the conservation of actual human kidney grafts harvested at our institution from August 2007 to May 2008. The temperature levels were the same regardless of the position of the probe within the transport pack. The lowest temperature was maintained during 15 hours, and the temperature level stayed below 5 degrees C for 57 hours with the new storage can. The former storage can maintained the lowest temperature level for 80 minutes, and temperature reached 5 degrees C after 10 hours 40 minutes. Temperature levels were similar when 2 or 4 kg of crushed ice were used. We observed similar results when monitoring the conservation of human grafts.\n\nQuestion: Should temperature be monitorized during kidney allograft preservation?\n\nAnswer the question with yes, no, or maybe.\nAnswer:\n	no
Context: Guidelines emphasize that irritable bowel syndrome (IBS) is not a diagnosis of exclusion and encourage clinicians to make a positive diagnosis using the Rome criteria alone. Yet many clinicians are concerned about overlooking alternative diagnoses. We measured beliefs about whether IBS is a diagnosis of exclusion, and measured testing proclivity between IBS experts and community providers. We developed a survey to measure decision-making in two standardized patients with Rome III-positive IBS, including IBS with diarrhea (D-IBS) and IBS with constipation (C-IBS). The survey elicited provider knowledge and beliefs about IBS, including testing proclivity and beliefs regarding IBS as a diagnosis of exclusion. We surveyed nurse practitioners, primary care physicians, community gastroenterologists, and IBS experts. Experts were less likely than nonexperts to endorse IBS as a diagnosis of exclusion (8 vs. 72%; P<0.0001). In the D-IBS vignette, experts were more likely to make a positive diagnosis of IBS (67 vs. 38%; P<0.001), to perform fewer tests (2.0 vs. 4.1; P<0.01), and to expend less money on testing (US$297 vs. $658; P<0.01). Providers who believed IBS is a diagnosis of exclusion ordered 1.6 more tests and consumed $364 more than others (P<0.0001). Experts only rated celiac sprue screening and complete blood count as appropriate in D-IBS; nonexperts rated most tests as appropriate. Parallel results were found in the C-IBS vignette.\n\nQuestion: Is irritable bowel syndrome a diagnosis of exclusion?\n\nAnswer the question with yes, no, or maybe.\nAnswer:\n	maybe
Context: To determine whether prior exposure of non-steroidal anti-inflammatory drugs increases perioperative blood loss associated with major orthopaedic surgery. Fifty patients scheduled for total hip replacement were allocated to two groups (double blind, randomized manner). All patients were pretreated for 2 weeks before surgery: Group 1 with placebo drug, Group 2 with ibuprofen. All patients were injected intrathecally with bupivacaine 20mg plus morphine 0.1 mg, in a total volume of 4 mL, to provide surgical anaesthesia. The presence of severe adverse effects caused eight patients in the ibuprofen group and six in the placebo group to terminate their participation in the trial. The perioperative blood loss increased by 45% in the ibuprofen group compared with placebo. The total (+/-SD) blood loss in the ibuprofen group was 1161 (+/-472) mL versus 796 (+/-337) mL in the placebo group.\n\nQuestion: Does ibuprofen increase perioperative blood loss during hip arthroplasty?\n\nAnswer the question with yes, no, or maybe.\nAnswer:\n	yes
Context: This study examined changes in the use of complementary and alternative medicine (CAM) therapies by U.S. adults aged 18 years or older with chronic disease-related functional limitations between 2002 and 2007. The study was a cross-sectional survey.SETTING/ The study was conducted in the United States. The study comprised adults aged 18 years or older with chronic disease-related functional limitations. Data were obtained from the 2002 and 2007 U.S. National Health Interview Survey to compare the use of 22 CAM therapies (n=9313 and n=7014, respectively). Estimates were age adjusted to the year 2000 U.S. standard population. The unadjusted and age-standardized prevalence of overall CAM use (22 therapies comparable between both survey years) was higher in 2007 than in 2002 (30.6% versus 26.9%, p<0.001 and 34.4% versus 30.6%, p<0.001, respectively). Adults with functional limitations that included changing and maintaining body position experienced a significant increase in CAM use between 2002 and 2007 (31.1%-35.0%, p<0.01). The use of deep breathing exercises was the most prevalent CAM therapy in both 2002 and 2007 and increased significantly during this period (from 17.9% to 19.9%, p<0.05). The use of meditation, massage, and yoga also increased significantly from 2002 and 2007 (11.0%-13.5%, p<0.01; 7.0%-10.9%, p<0.0001; and 5.1% to 6.6%, p<0.05, respectively), while the use of the Atkins diet decreased (2.2%- 1.4%, p<0.01).\n\nQuestion: Has the use of complementary and alternative medicine therapies by U.S. adults with chronic disease-related functional limitations changed from 2002 to 2007?\n\nAnswer the question with yes, no, or maybe.\nAnswer:\n	yes
Context: The aim of the present study was to assess the effects of exercise training on heart rate, QT interval, and on the relation between ventricular repolarization and heart rate in men and women. A 24 h Holter recording was obtained in 80 healthy subjects (40 males) who differed for the degree of physical activity. Trained individuals showed a lower heart rate and a higher heart rate variability than sedentary subjects, independent of the gender difference in basal heart rate. Mean 24 h QTc was similar in trained and non-trained men, while a significant difference was observed between trained and non-trained women. Exercise training reduced the QT/RR slope in both genders. This effect on the QT/RR relation was more marked in women; in fact, the gender difference in the ventricular repolarization duration at low heart rate observed in sedentary subjects was no longer present among trained individuals.\n\nQuestion: Effects of exercise training on heart rate and QT interval in healthy young individuals: are there gender differences?\n\nAnswer the question with yes, no, or maybe.\nAnswer:\n	yes
Context: The neonatal infection by Streptococcus group B is one of the main causes of neonatal morbi-mortality rate. For this reason a screening is made to each pregnant woman in order to detect its presence, and if it was the case, to apply an antibiotic treatment during labour. The aim of this study was to know the prevalence of this Streptococcus in the pregnant women from Melilla, as well as the differences according to culture and age. A descriptive cross-sectional study located in the Hospital Comarcal from Melilla. The sample is taken from 280 women: 194 are from Muslim culture (69.3%), 68 are from Christian culture (24.3%) and 18 women from unknown cultures (6.4%). Also it is known that 78 of them are 25 years old or less (27.85%), 158 are between 26 and 34 years old (56.42%) and 44 are 35 years old or more (15.71%).\n\nQuestion: PREVALENCE OF THE STREPTOCOCUS AGALACTIAE IN THE PREGNANT WOMAN FROM THE AUTONOMIC CITY OF MELILLA: IS CULTURE A DETERMINANT FACTOR?\n\nAnswer the question with yes, no, or maybe.\nAnswer:\n	yes
Context: Embolisation of atherosclerotic debris during abdominal aortic aneurysm (AAA) repair is responsible for significant peri-operative morbidity. Reports have suggested that preferential clamping of the distal vessel(s) before the proximal aorta may decrease the number of emboli passing distally and hence reduce complications. Forty patients undergoing AAA repair were randomised to have either first clamping of the proximal aorta or the iliac vessels. Emboli passing through the Superficial Femoral Arteries were detected with a Transcranial Doppler ultrasound system. There was no difference between the two groups in the number of emboli detected (p=0.49) and no significant correlation between number of emboli and dissection time (r=0.0008). However, there was a significantly higher number of emboli in the patient sub-group that were current smokers (p=0.034).\n\nQuestion: Does the sequence of clamp application during open abdominal aortic aneurysm surgery influence distal embolisation?\n\nAnswer the question with yes, no, or maybe.\nAnswer:\n	no
Context: Among patients with acute stroke symptoms, delay in hospital admission is the main obstacle for the use of thrombolytic therapy and other interventions associated with decreased mortality and disability. The primary aim of this study was to assess whether an elderly clinical population correctly endorsed the response to call for emergency services when presented with signs and symptoms of stroke using a standardized questionnaire. We performed a cross-sectional study among elderly out-patients (≥60 years) in Buenos Aires, Argentina randomly recruited from a government funded health clinic. The correct endorsement of intention to call 911 was assessed with the Stroke Action Test and the cut-off point was set at ≥75%. Knowledge of stroke and clinical and socio-demographic indicators were also collected and evaluated as predictors of correct endorsement using logistic regression. Among 367 elderly adults, 14% correctly endorsed intention to call 911. Presented with the most typical signs and symptoms, only 65% reported that they would call an ambulance. Amaurosis Fugax was the symptom for which was called the least (15%). On average, the correct response was chosen only 37% of the time. Compared to lower levels of education, higher levels were associated to correctly endorsed intention to call 911 (secondary School adjusted OR 3.53, 95% CI 1.59-7.86 and Tertiary/University adjusted OR 3.04, 95% CI 1.12-8.21).\n\nQuestion: Do elderly patients call 911 when presented with clinical scenarios suggestive of acute stroke?\n\nAnswer the question with yes, no, or maybe.\nAnswer:\n	maybe
Context: Tuberculosis continues to be a public health problem in emerging countries with a recent evidence of increased incidence of extrapulmonary localization in developed countries probably linked to HIV. To our knowledge the occurrence of cerebro-mediastinal tuberculosis in an immuno-competent child has not been previously described; moreover the child we describe has a probable Say-Barber-Miller syndrome. We discuss a putative causative link between this syndrome and the occurrence of tuberculosis. A seven-year-old girl presented to our department with a history of infantile encephalopathy since birth characterized by a facial dysmorphy (evocative of a bird face), microcephaly, and mental retardation, and with recurrent infections. The child had complained of back pain for several months; the parents reported anorexia, loss of weight. Spinal and cerebral MRI showed a mediastinal mass involving the spine and cerebral lesions evocative of tuberculomas. The tuberculin interdermal reaction was positive. Culture of a vertebral biopsy was positive for Koch bacillus. Anti-tuberculosis treatment improved general and local status. An extensive immunological work-up was normal.\n\nQuestion: Cerebromediastinal tuberculosis in a child with a probable Say-Barber-Miller syndrome: a causative link?\n\nAnswer the question with yes, no, or maybe.\nAnswer:\n	yes
Context: To compare growth curves of body mass index from children to adolescents, and then to young adults, in Japanese girls and women in birth cohorts born from 1930 to 1999. Retrospective repeated cross sectional annual nationwide surveys (national nutrition survey, Japan) carried out from 1948 to 2005. Japan. 76,635 females from 1 to 25 years of age. Body mass index. Generally, body mass index decreased in preschool children (2-5 years), increased in children (6-12 years) and adolescents (13-18 years), and slightly decreased in young adults (19-25 years) in these Japanese females. However, the curves differed among birth cohorts. More recent cohorts were more overweight as children but thinner as young women. The increments in body mass index in early childhood were larger in more recent cohorts than in older cohorts. However, the increments in body mass index in adolescents were smaller and the decrease in body mass index in young adults started earlier, with lower peak values in more recent cohorts than in older cohorts. The decrements in body mass index in young adults were similar in all birth cohorts.\n\nQuestion: Do overweight children necessarily make overweight adults?\n\nAnswer the question with yes, no, or maybe.\nAnswer:\n	no
Context: Unintended pregnancy has been significantly associated with subsequent female sterilization. Whether women who are sterilized after experiencing an unintended pregnancy are less likely to express desire for sterilization reversal is unknown. This study used national, cross-sectional data collected by the 2006-2010 National Survey of Family Growth. The study sample included women ages 15-44 who were surgically sterile from a tubal sterilization at the time of interview. Multivariable logistic regression was used to examine the relationship between a history of unintended pregnancy and desire for sterilization reversal while controlling for potential confounders. In this nationally representative sample of 1,418 women who were sterile from a tubal sterilization, 78% had a history of at least one unintended pregnancy and 28% expressed a desire to have their sterilization reversed. In unadjusted analysis, having a prior unintended pregnancy was associated with higher odds of expressing desire for sterilization reversal (odds ratio [OR]: 1.80; 95% confidence interval [CI]: 1.15-2.79). In adjusted analysis controlling for sociodemographic factors, unintended pregnancy was no longer significantly associated with desire for reversal (OR: 1.46; 95% CI: 0.91-2.34).\n\nQuestion: Does a history of unintended pregnancy lessen the likelihood of desire for sterilization reversal?\n\nAnswer the question with yes, no, or maybe.\nAnswer:\n	no
Context: Although the mechanism of muscle wasting in end-stage renal disease is not fully understood, there is increasing evidence that acidosis induces muscle protein degradation and could therefore contribute to the loss of muscle protein stores of patients on hemodialysis, a prototypical state of chronic metabolic acidosis (CMA). Because body protein mass is controlled by the balance between synthesis and degradation, protein loss can occur as result of either increased breakdown, impaired synthesis, or both. Correction of acidosis may therefore help to maintain muscle mass and improve the health of patients with CMA. We evaluated whether alkalizing patients on hemodialysis might have a positive effect on protein synthesis and on nutritional parameters. Eight chronic hemodialysis patients were treated daily with oral sodium bicarbonate (NaHCO(3)) supplementation for 10-14 days, yielding a pre-dialytic plasma bicarbonate concentration of 28.6 +/-1.6 mmol/l. The fractional synthesis rates (FSR) of muscle protein and albumin were obtained by the L-[(2)H(5)ring]phenylalanine flooding technique. Oral NaHCO(3 )supplementation induced a significant increase in serum bicarbonate (21.5 +/- 3.4 vs. 28.6 +/- 1.6 mmol/l; p = 0.018) and blood pH (7.41 vs. 7.46; p = 0.041). The FSR of muscle protein and the FSR of albumin did not change significantly (muscle protein: 2.1 +/- 0.2 vs. 2.0 +/- 0.5% per day, p = 0.39; albumin: 8.3 +/- 2.2 vs. 8.6 +/- 2.5% per day, p = 0.31). Plasma concentrations of insulin-like growth factor 1 decreased significantly (33.4 +/- 21.3 vs. 25.4 +/- 12.3 nmol/l; p = 0.028), whereas thyroid-stimulating hormone, free thyroxin and free triiodothyronine did not change significantly and nutritional parameters showed no improvement.\n\nQuestion: Does increasing blood pH stimulate protein synthesis in dialysis patients?\n\nAnswer the question with yes, no, or maybe.\nAnswer:\n	no
Context: Juvenile and adult forms of ankylosing spondylitis (AS) have been shown to have different clinical presentation and outcome in Caucasians. We did this retrospective analysis to see if similar differences exist in the Indian population. Case records of 210 Indian patients diagnosed with AS according to modified New York criteria were reviewed. Data were collected regarding age of onset, clinical features, drug treatment, and outcome at last follow-up. Patients with onset before 17 years of age were classified as having juvenile AS (JAS) and the rest with adult AS (AAS). There were 150 patients with AAS and 60 with JAS. The latter had higher male preponderance, more frequent onset with peripheral arthritis, and greater involvement of hip and knee joints. Valvular dysfunction was seen only in patients with JAS.\n\nQuestion: Juvenile ankylosing spondylitis--is it the same disease as adult ankylosing spondylitis?\n\nAnswer the question with yes, no, or maybe.\nAnswer:\n	no
Context: It is unclear whether intravenous glycoprotein IIb/IIIa inhibitors or ischemic time might modify any clinical benefits observed with aspiration thrombectomy before primary percutaneous coronary intervention (PCI) in patients with ST-segment-elevation myocardial infarction. Electronic databases were searched for trials that randomized ST-segment-elevation myocardial infarction patients to aspiration thrombectomy before PCI versus conventional PCI. Summary estimates were constructed using a DerSimonian-Laird model. Seventeen trials with 20 960 patients were available for analysis. When compared with conventional PCI, aspiration thrombectomy was not associated with a significant reduction in the risk of mortality 2.8% versus 3.2% (risk ratio [RR], 0.89; 95% confidence interval [CI], 0.76-1.04; P=0.13), reinfarction 1.3% versus 1.4% (RR, 0.93; 95% CI, 0.73-1.17; P=0.52), the combined outcome of mortality or reinfarction 4.1% versus 4.6% (RR, 0.90; 95% CI, 0.79-1.02; P=0.11), or stent thrombosis 0.9% versus 1.2% (RR, 0.82; 95% CI, 0.62-1.08; P=0.15). Aspiration thrombectomy was associated with a nonsignificant increase in the risk of stroke 0.6% versus 0.4% (RR, 1.45; 95% CI, 0.96-2.21; P=0.08). Meta-regression analysis did not identify a difference for the log RR of mortality, reinfarction, and the combined outcome of mortality or reinfarction with intravenous glycoprotein IIb/IIIa inhibitors (P=0.17, 0.70, and 0.50, respectively) or with ischemic time (P=0.29, 0.66, and 0.58, respectively).\n\nQuestion: Is Aspiration Thrombectomy Beneficial in Patients Undergoing Primary Percutaneous Coronary Intervention?\n\nAnswer the question with yes, no, or maybe.\nAnswer:\n	no
Context: To determine the ability of dentists to recognize digitally manipulated radiographs. A poster was presented at the Annual Meeting of the German Society for Periodontology displaying the intra-oral radiographs of 12 different patients. Half of the radiographs were subjected to digital manipulation to add or remove specific features. Dentists were asked to identify these radiographs by means of a questionnaire. Thirty-nine dentists submitted usable questionnaires. Statistical evaluation revealed a distribution of hits similar to the random distribution. None of the dentists detected all the six manipulated radiographs; three dentists had five correct, but there were five with only one. An authentic radiograph scored highest as a manipulation.\n\nQuestion: Can dentists recognize manipulated digital radiographs?\n\nAnswer the question with yes, no, or maybe.\nAnswer:\n	no
Context: Delayed gastric emptying (DGE) is the most frequent postoperative complication after pylorus-preserving pancreaticoduodenectomy (PPPD). This prospective, non-randomized study was undertaken to determine whether the incidence of DGE may be reduced by modifying the original reconstructive anatomy with a retrocolic duodenojejunostomy towards an antecolic duodenojejunostomy. The study was comprised of 51 patients who underwent PPPD between August 1994 and November 1997. The operation was carried out as originally described but was modified by performing the duodenojejunostomy antecolically. Clinical data were recorded prospectively, with special regard to DGE. After PPPD, the nasogastric tube could be removed at a median of 2 days (range 1-22 days) postoperatively; in two patients, the nasogastric tube was reinserted because of vomiting and nausea. A liquid diet was started at a median of 5 days (3-11 days); the patients were able to tolerate a full, regular diet at a median of 10 days (7-28 days). The overall incidence of DGE was 12% (n=6). No postoperative complications other than DGE were exhibited by 36 patients (71%). In this group, DGE was only seen in one patient (3%). In the second group, where postoperative complications other than DGE occurred (n=15), five patients (30%) exhibited DGE (P=0.002).\n\nQuestion: Is delayed gastric emptying following pancreaticoduodenectomy related to pylorus preservation?\n\nAnswer the question with yes, no, or maybe.\nAnswer:\n	no
Context: Recent studies have found a choroidal thickening in amblyopic eyes and suggested that there might be a relationship between the choroid and amblyopia. The present study aimed to evaluate the effect of a six-month treatment of amblyopia on choroidal thickness in anisometropic hyperopic amblyopic children. Thirty-two anisometropic hyperopic children with unilateral amblyopia were included in this prospective study. Subfoveal choroidal thickness was measured as the distance between the retinal pigment epithelium and the chorioscleral edge, by using spectral domain enhanced depth imaging optical coherence tomography. The treatment of amblyopia was performed based on the full correction of the refractive error with eyeglasses, a refractive adaptation phase and occlusion by patching the fellow eye. The mean visual acuity of the amblyopic eyes significantly increased from 0.35 ± 0.3 to 0.16 ± 0.2 logMAR after the treatment (p < 0.001). The mean initial choroidal thickness was significantly higher in the amblyopic eyes than in the fellow eyes (p = 0.019). There were no significant differences between the pre- and post-treatment mean choroidal thickness in the amblyopic eyes (p = 0.428) and in the fellow eyes (p = 0.343). The mean choroidal thickness was still higher in the amblyopic eyes than in the fellow eyes after the treatment (p = 0.006).\n\nQuestion: Does the treatment of amblyopia normalise subfoveal choroidal thickness in amblyopic children?\n\nAnswer the question with yes, no, or maybe.\nAnswer:\n	no
Context: This study provides the first large-volume (1000 implant) comparison of the deflation rates of Poly Implant Prosthesis prefilled textured saline breast implants versus a control group of Mentor Siltex textured saline implants. A consecutive series of 500 Poly Implant Prosthesis prefilled textured saline breast implants was compared with a consecutive series of 500 Mentor Siltex breast implants. Each breast implant was evaluated for a 4-year period, and the annual deflation rate (number of deflations during a given year divided by the total number of implants) and cumulative deflation rate (cumulative total of deflations through a given year divided by the total number of implants) were recorded. Statistical significance was calculated using the Fisher's exact test at year 1 and the chi-square analysis at years 2 through 4. The cumulative deflation rates of the Poly Implant Prosthesis implants was as follows: year 1, 1.2 percent; year 2, 5.6 percent; year 3, 11.4 percent; and year 4, 15.4 percent. The cumulative deflation rates of the Mentor implants was: year 1, 0.2 percent; year 2, 0.6 percent; year 3, 1.6 percent; and year 4, 4.4 percent. At year 1, the difference between deflation rates was not statistically significant (Fisher's exact test, p>0.05). However, at year 2 (chi-square, 13.29; p<0.001), year 3 (chi-square, 37.91; p<0.001), and year 4 (chi-square, 32.69; p<0.001), the difference was statistically significant.\n\nQuestion: A comparison of 500 prefilled textured saline breast implants versus 500 standard textured saline breast implants: is there a difference in deflation rates?\n\nAnswer the question with yes, no, or maybe.\nAnswer:\n	yes
Context: Fixation of foreign bodies (FB), in the mucosa, can favor its migration, giving origin to the popular saying: 'FB walk to the heart'.AIM: Describe the mechanisms involved in FB migration and how to diagnose them. From a sample of 3,000 foreign bodies, during 40 years, we analyzed four which had extra-lumen migration. We analyzed clinical, radiologic, endoscopic and ultrasound data collected at the medical documentation service. Three clinical histories are presented, describing two fish bones and one piece of fish cartilage. FB shifting was analyzed in all of them. Migration started in the esophagus in two, one going to the aorta and the other to the neck area. In the other two, migration started in the pharynx, and the FB moved towards the prevertebral fascia and the other externalized in the submandibular region. The mechanisms and the risks posed to the patient, by FB migration, and the way to diagnose them are hereby discussed.\n\nQuestion: Do foreign bodies migrate through the body towards the heart?\n\nAnswer the question with yes, no, or maybe.\nAnswer:\n	no
Context: This study aimed to show the relationship between serum paraoxonase 1 level and the epicardial fat tissue thickness. Two hundred and seven patients without any atherosclerotic disease history were included in this cross-sectional observational study. Correlation analysis was performed to determine the correlation between epicardial fat tissue thickness, which was measured by echocardiography and serum paraoxonase 1 level. Also correlation analysis was performed to show correlation between patients' clinical and laboratory findings and the level of serum paraoxonase 1 (PON 1) and the epicardial fat tissue thickness. Pearson and Spearman test were used for correlation analysis. No linear correlation between epicardial fat tissue thickness and serum PON 1 found (correlation coefficient: -0.127, p=0.069). When epicardial fat tissue thickness were grouped as 7 mm and over, and below, and 5 mm and over, and below, serum PON 1 level were significantly lower in ≥7 mm group (PON1 : 168.9 U/L) than<7 mm group (PON 1: 253.9 U/L) (p<0.001). Also hypertension prevalence was increased in ≥7 mm group (p=0.001). Serum triglyceride was found to be higher in ≥7 mm group (p=0.014), body mass index was found higher in ≥5 mm group (p=0.006).\n\nQuestion: Is there a relationship between serum paraoxonase level and epicardial fat tissue thickness?\n\nAnswer the question with yes, no, or maybe.\nAnswer:\n	no
Context: The main treatment for rectal carcinoma is surgery. Preoperative chemoradiation (CRT) is advocated to reduce local recurrence and improve resection of mid and low tethered rectal tumors. Fifty-two patients with mid or low rectal tumors underwent CRT (external beam radiation plus 5-fluorouracil plus folinic acid). Patients who had low rectal tumors with complete response (CR) were not submitted to surgical treatment. All other patients were submitted to surgery, independently of the response. Mean follow-up was 32.1 months. Five-year overall survival was 60.5%. Clinical evaluation after CRT showed CR in 10 cases (19.2%), all low tumors; incomplete response (>50%) in 21 (40.4%); and no response (<50%) in 19 (36.6%). Among the 10 cases with CR, 8 presented with local recurrence within 3.7 to 8.8 months. Two patients were not submitted to surgery and are still alive without cancer after 37 and 58 months. Thirty-nine patients had radical surgery. Seven had local recurrences after CRT plus surgery (17.9%). Overall survival was negatively affected by lymph node metastases (P =.017) and perineural invasion (P =.026).\n\nQuestion: Chemoradiation instead of surgery to treat mid and low rectal tumors: is it safe?\n\nAnswer the question with yes, no, or maybe.\nAnswer:\n	no
Context: Testosterone measurement by liquid chromatography tandem mass spectrometry (LC-MS/MS) is well accepted as the preferred technique for the analysis of testosterone. Variation is seen between assays and this may be due to differences in calibration as commercial calibrators for this assay are not readily available. We investigated the effects calibration in routine clinical LC-MS/MS assays. All LC-MS/MS users that were registered with the UKNEQAS external quality assurance scheme for testosterone were invited to take part in the study. A set of seven serum samples and serum-based calibrators were sent to all laboratories that expressed an interest. The laboratories were instructed to analyse all samples using there own calibrators and return the results and a method questionnaire for analysis. Fifteen laboratories took part in the study. There was no consensus on supplier of testosterone or matrix for the preparation of calibrators and all were prepared in-house. Also, a wide variety of mass spectrometers, internal standards, chromatography conditions and sample extractions were used. The variation in results did not improve when the results were corrected with a common calibrator.\n\nQuestion: Is calibration the cause of variation in liquid chromatography tandem mass spectrometry testosterone measurement?\n\nAnswer the question with yes, no, or maybe.\nAnswer:\n	no
Context: to describe variation in utilisation of carotid endarterectomy (CEA) within two English health regions and explore relationships between use, need and proximity to services. consecutive case series of operations. Comparison at a population level with district stroke mortality, hospital admissions and material deprivation. standardised utilisation rates for CEA and measures of inter-district variability. Spearman's rank correlation coefficients for associations between variables. variation in utilisation rates was considerable (14-fold difference across district populations). More individuals had bilateral surgery in the Yorkshire region than in the Northern (11.7% vs. 5.5%, p=0.002). There was no association between utilisation rates for CEA and district stroke mortality (r=-0.06, 95% CI -0.41 to 0.30) or admission rates for stroke (r=0.17, 95% CI -0.2 to 0.49). There was a strong relationship between residence in districts where services were located and higher utilisation. Rates of CEA were lowest in the regions' most affluent wards.\n\nQuestion: Are variations in the use of carotid endarterectomy explained by population Need?\n\nAnswer the question with yes, no, or maybe.\nAnswer:\n	no
Context: The impact of different strategies for management of intercostal and lumbar arteries during repair of thoracic and thoracoabdominal aortic aneurysms (TAA/A) on the prevention of paraplegia remains poorly understood. One hundred consecutive patients with intraoperative monitoring of motor evoked potentials (MEP) and somatosensory evoked potentials (SSEP) during TAA/A repair involving serial segmental artery sacrifice (October 2002 to December 2004) were reviewed. Operative mortality was 6%. The median intensive care unit stay was 2.5 days (IQ range: 1-4 days), and the median hospital stay 10.0 days (IQ range: 8-17 days). Potentials remained unchanged during the course of serial segmental artery sacrifice, or could be returned to baseline levels by anesthetic and blood pressure manipulation, in 99 of 100 cases. An average of 8.0 +/- 2.6 segmental artery pairs were sacrificed overall, with an average of 4.5 +/- 2.1 segmental pairs sacrificed between T7 and L1, where the artery of Adamkiewicz is presumed to arise. Postoperative paraplegia occurred in 2 patients. In 1, immediate paraplegia was precipitated by an intraoperative dissection, resulting in 6 hours of lower body ischemia. A second ambulatory patient had severe paraparesis albeit normal cerebral function after resuscitation from a respiratory arrest.\n\nQuestion: Thoracic and thoracoabdominal aneurysm repair: is reimplantation of spinal cord arteries a waste of time?\n\nAnswer the question with yes, no, or maybe.\nAnswer:\n	yes
Context: We examined whether the year in which radical prostatectomy (RP) was performed is a predictor of treatment outcome after controlling for standard prognostic factors. We examined the association between RP year and outcome in 6,556 patients from 7 centers using preoperative and pathological features. Patients underwent surgery between 1985 and 2000. The variables analyzed were RP year, clinical stage, pretreatment prostate specific antigen, biopsy Gleason sum, RP Gleason sum, margin status, level of extracapsular extension, seminal vesicle status, lymph node status, neoadjuvant hormones and adjuvant therapy. Median followup was 23 months (maximum 166). Separate Cox multivariate regression analyses were performed to analyze preoperative and postoperative factors. RP year was a predictor of outcome on preoperative analysis (p = 0.006) but not on postoperative analysis (p = 0.130). Patient outcome steadily improved with surgery through the mid 1990s and then it appeared to level off.\n\nQuestion: Is year of radical prostatectomy a predictor of outcome in prostate cancer?\n\nAnswer the question with yes, no, or maybe.\nAnswer:\n	yes
Context: A retrospective multicenter study of series of 12 patients with spinal cord sarcoidosis who underwent surgery. To evaluate the postoperative outcomes of patients with cervical spinal cord sarcoidosis accompanied with compressive myelopathy and effect of decompressive surgery on the prognosis of sarcoidosis. Sarcoidosis is a chronic, multisystem noncaseating granulomatous disease. It is difficult to differentiate spinal cord sarcoidosis from cervical compressive myelopathy. There are no studies regarding the coexistence of compressive cervical myelopathy with cervical spinal cord sarcoidosis and the effect of decompressive surgery. Nagoya Spine Group database included 1560 cases with cervical myelopathy treated with cervical laminectomy or laminoplasty from 2001 to 2005. A total of 12 patients (0.08% of cervical myelopathy) were identified spinal cord sarcoidosis treated with decompressive surgery. As a control subject, 8 patients with spinal cord sarcoidosis without compressive lesion who underwent high-dose steroid therapy without surgery were recruited. In the surgery group, enhancing lesions on magnetic resonance imaging (MRI) were mostly seen at C5-C6, coincident with the maximum compression level in all cases. Postoperative recovery rates in the surgery group at 1 week and 4 weeks were -7.4% and -1.1%, respectively. Only 5 cases had showed clinical improvement, and the condition of these 5 patients had worsened again at averaged 7.4 weeks after surgery. Postoperative oral steroid therapy was initiated at an average of 6.4 weeks and the average initial dose was 54.0 mg in the surgery group, while 51.3 mg in the nonsurgery group. The recovery rate of the Japanese Orthopedic Association score, which increased after steroid therapy, was better in the nonsurgery group (62.5%) than in the surgery group (18.6%) with significant difference (P<0.01).\n\nQuestion: Is decompressive surgery effective for spinal cord sarcoidosis accompanied with compressive cervical myelopathy?\n\nAnswer the question with yes, no, or maybe.\nAnswer:\n	no
Context: The solitary kidney (SK) is currently debated in the literature, as living kidney donation is extensively used and the diagnosis of congenital SK is frequent. Tubulointerstitial lesions associated with adaptive phenomena may occur early within the SK. Analysis of the significance of urinary biomarkers in the assessment of tubulointerstitial lesions of the SK. A cross-sectional study of 37 patients with SK included 18 patients-acquired SK (mean age 56.44 ± 12.20 years, interval from nephrectomy 10.94 ± 9.37 years), 19 patients-congenital SK (mean age 41.52 ± 10.54 years). Urinary NAG, urinary alpha-1-microglobulin, albuminuria, eGFR (CKD-EPI equation) were measured. In acquired SK, NAG increased in 60.66%, urinary alpha 1-microglobulin in 16.66%, albuminuria in 55.55% of patients. Inverse correlation with eGFR presented NAG (R(2 )= 0.537, p = 0.022), urinary alpha 1-microglobulin (R(2 )= 0.702, p = 0.001), albuminuria (R(2 )= 0.655, p = 0.003). In congenital SK, NAG increased in 52.63%, urinary alpha 1-microglobulin in 5.26%, albuminuria in 47.36% of patients. In this group, urinary biomarkers correlated inversely with eGFR: NAG (R(2 )= 0.743, p < 0.001), urinary alpha 1-microglobulin (R(2 )= 0.701, p = 0.001), albuminuria (R(2 )= 0.821, p < 0.001). Significant correlations were found between the urinary biomarkers in both groups.\n\nQuestion: Is the urinary biomarkers assessment a non-invasive approach to tubular lesions of the solitary kidney?\n\nAnswer the question with yes, no, or maybe.\nAnswer:\n	yes
Context: A possible role for fondaparinux as a bridging agent in the perioperative setting is explored. Anticoagulation guidelines provide minimal direction on the perioperative use of fondaparinux. Fondaparinux's extended half-life of 17-21 hours complicates its use as a perioperative bridging therapy. The ideal time for discontinuation before surgery is an issue, particularly in surgeries with a high bleeding risk or in which neuraxial anesthesia is used. Guidance for perioperative bridging with fondaparinux must be derived from pharmacokinetic data, surgical prophylaxis trials, case reports, and anesthesia guidelines. Published trials used fondaparinux sodium 2.5 mg daily for venous thromboembolism prophylaxis in surgical patients, and the majority avoided its use before surgery in patients receiving neuraxial anesthesia. Three case reports cited the use of fondaparinux sodium as perioperative bridge therapy; one used a 2.5-mg dose, and the other two used a full treatment dose of 7.5 mg. Furthermore, professional anesthesia guidelines conflict in their recommendations regarding the timing of drug administration with neuraxial catheter use. For these reasons, it may be optimal to avoid fondaparinux use before surgery. In some instances, the use of low-molecular-weight heparin or inpatient use of i.v. unfractionated heparin is not possible, is contraindicated, or has limited efficacy, such as a patient with history of heparin-induced thrombocytopenia or antithrombin III deficiency. Fondaparinux may have a role in bridge therapy for these patients.\n\nQuestion: Is there a role for fondaparinux in perioperative bridging?\n\nAnswer the question with yes, no, or maybe.\nAnswer:\n	no
Context: To be able to adhere to discharge instructions after a visit to the emergency department (ED), patients should understand both the care that they received and their discharge instructions. The objective of this study is to assess, at discharge, patients' comprehension of their ED care and instructions and their awareness of deficiencies in their comprehension. We conducted structured interviews of 140 adult English-speaking patients or their primary caregivers after ED discharge in 2 health systems. Participants rated their subjective understanding of 4 domains: (1) diagnosis and cause; (2) ED care; (3) post-ED care, and (4) return instructions. We assessed patient comprehension as the degree of agreement (concordance) between patients' recall of each of these domains and information obtained from chart review. Two authors scored each case independently and discussed discrepancies before providing a final concordance rating (no concordance, minimal concordance, partial concordance, near concordance, complete concordance). Seventy-eight percent of patients demonstrated deficient comprehension (less than complete concordance) in at least 1 domain; 51% of patients, in 2 or more domains. Greater than a third of these deficiencies (34%) involved patients' understanding of post-ED care, whereas only 15% were for diagnosis and cause. The majority of patients with comprehension deficits failed to perceive them. Patients perceived difficulty with comprehension only 20% of the time when they demonstrated deficient comprehension.\n\nQuestion: Patient comprehension of emergency department care and instructions: are patients aware of when they do not understand?\n\nAnswer the question with yes, no, or maybe.\nAnswer:\n	no
Context: Rates of relapse and predictive relapse factors were studied over more than 4 years in a sample of Spanish outpatients with DSM-III-R criteria for unipolar major depressive episode. A final sample of 139 outpatient was followed monthly in a naturalistic study. The Structured Clinical Interview for DSM-III-R was used. Phases of evolution were recorded using the Hamilton Depression Rating Scale, applying the Frank criteria. Survival analysis, Kaplan-Meier product limit and proportional hazards models were used. A higher rate of relapses was observed in the partial remission group (91.4%) compared to the complete remission one (51.3%). The four factors with predictive relapse value were: "partial remission versus complete remission", "the intensity of clinical symptoms", "the age" and "the number of previous depressive episodes". The existence of partial remission was the most powerful predictive factor. The decreasing sample size during the follow-up and the difficulty in warranting the treatment compliance.\n\nQuestion: Is the type of remission after a major depressive episode an important risk factor to relapses in a 4-year follow up?\n\nAnswer the question with yes, no, or maybe.\nAnswer:\n	yes
Context: Embalming is the through disinfection and art of preserving bodies after death using chemical substances. It keeps a body life like in appearance during the time it lies in a state prior to funeral. This study was undertaken to investigate the effectiveness of Raksi in sacrificed rats in arresting postmortem changes and establishing scientific fact whether Raksi can be an alternative to standard embalming constituent if it is not available. 50 albino rats were systematically randomized into control and experiment groups. Raksi and distilled water were injected for embalming purpose intraventricularly in experiment and control groups of rats respectively and kept for 48 to 96 hours for observation for postmortem changes. Observations made at 48 and 72 hours of embalming revealed that Raksi can arrest postmortem changes in the rats up to 72 hours (3rd day) successfully in the experimental group whereas moderate to severe postmortem changes were seen in the control group. The experimental group showed mild degree of putrefactive changes, liberation of gases and liquefaction of tissues only at 96 hours (4th day) of embalming. The Raksi used in this experiment contained 34% of alcohol, which was determined by an alcohol hydrometer. Experiment clearly demonstrated from its result that raksi can be utilised temporarily for embalming since it contains alcohol and has preservative, bactericidal and disinfectant properties.\n\nQuestion: Can homemade alcohol (Raksi) be useful for preserving dead bodies?\n\nAnswer the question with yes, no, or maybe.\nAnswer:\n	yes
Context: Infliximab, a chimeric monoclonal anti-TNFα antibody, has been found to increase the risk of serious infections compared with the TNF receptor fusion protein etanercept in some studies. It is unclear whether the risk varies by patient characteristics. We conducted a study to address this question. We identified members of Kaiser Permanente Northern California who initiated infliximab (n = 793) or etanercept (n = 2692) in 1997-2007. Using a Cox model, we estimated the propensity-score-adjusted hazard ratio (HR) and 95% confidence interval (CI) of serious infections requiring hospitalization or opportunistic infections comparing infliximab initiators to etanercept initiators. We tested whether the adjusted HR differed by age, sex, race/ethnicity, body mass index, and smoking status. The crude incidence rate of serious infections per 100 person-years was 5.4 (95%CI: 3.8, 7.5) in patients<65 years and 16.0 (95%CI: 10.4, 23.4) in patients ≥ 65 years during the first 3 months following treatment initiation. Compared with etanercept, the adjusted HR during this period was elevated for infliximab in patients<65 years (HR: 3.01; 95%CI: 1.49, 6.07), but not in those ≥ 65 years (HR 0.94; 95%CI: 0.41, 2.13). Findings did not suggest that the HR varied by the other patient characteristics examined.\n\nQuestion: Comparative safety of infliximab and etanercept on the risk of serious infections: does the association vary by patient characteristics?\n\nAnswer the question with yes, no, or maybe.\nAnswer:\n	yes
Context: Lifestyle changes over the last 30 years are the most likely explanation for the increase in allergic disease over this period.AIM: This study tests the hypothesis that the consumption of fast food is related to the prevalence of asthma and allergy. As part of the International Study of Asthma and Allergies in Childhood (ISAAC) a cross-sectional prevalence study of 1321 children (mean age = 11.4 years, range: 10.1-12.5) was conducted in Hastings, New Zealand. Using standard questions we collected data on the prevalence of asthma and asthma symptoms, as well as food frequency data. Skin prick tests were performed to common environmental allergens and exercise-induced bronchial hyperresponsiveness (BHR) was assessed according to a standard protocol. Body mass index (BMI) was calculated as weight/height2 (kg/m2) and classified into overweight and obese according to a standard international definition. After adjusting for lifestyle factors, including other diet and BMI variables, compared with children who never ate hamburgers, we found an independent risk of hamburger consumption on having a history of wheeze [consumption less than once a week (OR = 1.44, 95% CI: 1.06-1.96) and 1+ times a week (OR = 1.65, 95% CI: 1.07-2.52)] and on current wheeze [consumption less than once a week (OR = 1.17, 95% CI: 0.80-1.70) and 1+ times a week (OR = 1.81, 95% CI: 1.10-2.98)]. Takeaway consumption 1+ times a week was marginally significantly related to BHR (OR = 2.41, 95% CI: 0.99-5.91). There was no effect on atopy.\n\nQuestion: Fast foods - are they a risk factor for asthma?\n\nAnswer the question with yes, no, or maybe.\nAnswer:\n	yes
Context: Cutaneous infections such as impetigo contagiosum (IC), molluscum contagiosum (MC) and herpes virus infection (HI) appear to be associated with atopic dermatitis (AD), but there are no reports of concrete epidemiological evidence. We evaluated the association of childhood AD with these infections by conducting a population-based cross-sectional study. Enrolled in this study were 1117 children aged 0-6 years old attending nursery schools in Ishigaki City, Okinawa Prefecture, Japan. Physical examination was performed by dermatologists, and a questionnaire was completed on each child's history of allergic diseases including AD, asthma, allergic rhinitis and egg allergy, and that of skin infections including IC, MC and HI, as well as familial history of AD. In 913 children (AD; 132), a history of IC, MC or HI was observed in 45.1%, 19.7%, and 2.5%, respectively. Multiple logistic regression analysis revealed that the odds of having a history of IC were 1.8 times higher in AD children than in non-AD children. Meanwhile, a history of MC was significantly correlated to the male gender, but not to a personal history of AD. As for HI, we found no correlated factors in this study.\n\nQuestion: Are lifetime prevalence of impetigo, molluscum and herpes infection really increased in children having atopic dermatitis?\n\nAnswer the question with yes, no, or maybe.\nAnswer:\n	maybe
Context: Nasopharyngeal carcinoma (NPC) with lung metastasis alone has been reported as a relatively favorable prognostic group, and combined modality treatment might be indicated for selected cases. However, the prognostic factors determining survival of this group and the indication of combined therapy have not been thoroughly studied. We retrospectively reviewed 246 patients of NPC with lung metastasis(es) alone presented at diagnosis or as the first failure after primary treatment from 1993 to 2008 in an academic tertiary hospital. Univariate and multivariate survival analyses of post-metastasis survival (PMS) and overall survival (OS) were carried out to determine the prognostic factors. The 3-year, 5-year, and 10-year of PMS and OS for the whole cohort were 34.3%, 17.0%, 8.6% and 67.8%, 45.4%, 18.5%, respectively. The median PMS (45.6 months vs. 23.7 months) and OS (73.7 months vs. 46.2 months) of patients treated with combined therapy was significantly longer than that of those treated with chemotherapy alone (P<0.001). Age, disease-free interval (DFI) and treatment modality were evaluated as independent prognostic factors of OS, while only age and treatment modality retain their independent significance in PMS analysis. In stratified survival analysis, compared to chemotherapy alone, combined therapy could benefit the patients with DFI>1 year, but not those with DFI ≤ 1 year.\n\nQuestion: Factors determining the survival of nasopharyngeal carcinoma with lung metastasis alone: does combined modality treatment benefit?\n\nAnswer the question with yes, no, or maybe.\nAnswer:\n	yes
Context: To investigate the role of viral infection in benign paroxysmal positional vertigo (BPPV). In this retrospective study, 483 patients with BPPV were included in the study group. The control group consisted of 461 healthy subjects. In both groups, serologic analysis of viral agents (HSV1, HSV2, Herpes zoster, EBV, CMV, adenovirus, influenza, and parainfluenza virus) was performed. With the exception of influenza and parainfluenza, all viral serology values were higher in the BBPV group than the control group. We also observed seasonal variation. The BPPV group exhibited elevated values for HSV1 and adenovirus in March and May, for Herpes zoster, adenovirus, and influenza in April, for HSV1 in June, and for HSV1 and CMV in September, compared to the control group. In October, the BPPV group showed increased values for all of the viruses studied, compared to the control group.\n\nQuestion: Do viral infections have a role in benign paroxysmal positional vertigo?\n\nAnswer the question with yes, no, or maybe.\nAnswer:\n	yes
Context: To evaluate psychological distress as a predictor of disability due to common chronic disorders. A 10-year follow-up study was carried out among a representative cohort (N = 8655) of 18-64 year old Finnish farmers, who had participated in a health survey in 1979 and were able to work at baseline. A record linkage with the nationwide register of the Social Insurance Institution was made to identify disability pensions granted between 1980 and 1990 in the cohort. The medical certificates of 1004 (11.6%) prematurely retired farmers were reviewed to confirm and classify disabling conditions. A sum score based on self-reports of 11 symptoms at the baseline was used as a measure of psychological distress. After adjustment for age, sex, smoking and body mass index, the cause-specific relative risks (RR) (95% confidence intervals [CI]) of disability in the highest quartile of the psychological distress score as compared with the lowest quartile were for myocardial infarction 2.34 (95% CI: 1.17-4.69), for depression 2.50 (95% CI: 1.09-5.72), for neck-shoulder disorders 1.98 (95% CI: 1.26-3.11), for unspecified low-back disorders 1.76 (95% CI: 1.24-2.49), for knee osteoarthritis 1.55 (95% CI: 0.91-2.63) and for trip osteoarthritis 0.89 (95% CI: 0.42-1.85). The corresponding RR for overall disability was 1.76 (95% CI: 1.44-2.14) in the highest quartile of psychological distress score as compared with the lowest quartile.\n\nQuestion: Does psychological distress predict disability?\n\nAnswer the question with yes, no, or maybe.\nAnswer:\n	yes
Context: Bolus intravenous injection of epinephrine can decrease uterine blood flow. This study examined the effects of intravenous infusion of epinephrine on uterine blood flow in the gravid ewe. Maternal and fetal vascular catheters and a maternal electromagnetic uterine artery flow probe were implanted in 10 near-term gravid ewes. After recovery, saline, 0.125% bupivacaine, 0.125% bupivacaine with 1:200,000 epinephrine, 0.125% bupivacaine with 1:400,000 epinephrine, and 0.125% bupivacaine with 1:800,000 epinephrine were infused into the maternal superior vena cava. Drugs were infused at 10 mL/h for 30 minutes and then at 20 mL/h for an additional 30 minutes. Animals also received an intravenous bolus of epinephrine 15 micrograms. Throughout all infusions, maternal heart rate, systemic and pulmonary blood pressures, uterine blood flow, cardiac output, and acid-base balance were measured, as well as fetal heart rate, blood pressure, and acid-base balance. Epinephrine 15 micrograms decreased uterine blood flow to 68 +/- 14% of baseline (mean +/- SD). Infusion of all solutions had no effect on any measured hemodynamic variable.\n\nQuestion: Does continuous intravenous infusion of low-concentration epinephrine impair uterine blood flow in pregnant ewes?\n\nAnswer the question with yes, no, or maybe.\nAnswer:\n	no
Context: Sleep bruxism (SB) is reported to vary in frequency over time. The aim of this study was to assess the first night effect on SB. A retrospective polysomnographic (PSG) analysis was performed of data from a sample of SB patients (12 females, 4 males; age range: 17-39 years) recorded in a sleep laboratory over 2 consecutive nights. Sleep parameters and jaw muscle activity variables (i.e., rhythmic masticatory muscle activity [RMMA]) for SB were quantified and compared between the 2 nights. Subjects were classified into groups according to severity of RMMA frequency, such as low frequency (2-4 episodes/h and/or<25 bursts/h) and moderate-high frequency (≥ 4 episodes/h and ≥ 25 bursts/h). Overall, no first night effects were found for most sleep variables. However, total sleep time, sleep efficiency, and stage transitions showed significant time and group interactions (repeated measures ANOVAs, p ≤ 0.05). The RMMA episode index did not differ between the 2 nights, whereas the second night showed significantly higher burst index, bruxism time index, and mean burst duration (repeated measure ANOVAs, p ≤ 0.05). Five patients of 8 in the low frequency group were classified into the moderate-high frequency group on the second night, whereas only one patient in the moderate-high frequency group moved to the low frequency group.\n\nQuestion: Is there a first night effect on sleep bruxism?\n\nAnswer the question with yes, no, or maybe.\nAnswer:\n	no
Context: The aim of this study was to investigate the role of menopausal transition and menopausal symptoms in relation to quality of life in a cohort of middle-aged women in Kinmen. A total of 734 premenopausal women participated in the baseline study, and 579 women (78.9%) completed a follow-up 2 years later. Quality of life was assessed by the Medical Outcomes Study Short Form-36. Participating women were asked for demographic data, about vasomotor symptoms, and to complete the Medical Outcomes Study Short Form-36 and the Hospital Anxiety and Depression Scale. There was no demographic difference between women who remained premenopausal and those who entered perimenopause except for age. Vitality deteriorated no matter whether the women stayed in premenopause or entered perimenopause. In multivariate analysis, only vasomotor symptoms had an adverse influence on role limitation of emotion after adjusting for age, education, menopausal status, baseline cognitive score, and Hospital Anxiety and Depression Scale score. The menopausal transition did not influence the eight domains of the Short Form-36 in the multivariate regression model.\n\nQuestion: Does menopausal transition affect the quality of life?\n\nAnswer the question with yes, no, or maybe.\nAnswer:\n	no
Context: To investigate whether the Patient Health Questionnaire-9 (PHQ-9) possesses the essential psychometric characteristics to measure depressive symptoms in people with visual impairment. The PHQ-9 scale was completed by 103 participants with low vision. These data were then assessed for fit to the Rasch model. The participants' mean +/- standard deviation (SD) age was 74.7 +/- 12.2 years. Almost one half of them (n = 46; 44.7%) were considered to have severe vision impairment (presenting visual acuity<6/60 in the better eye). Disordered thresholds were evident initially. Collapsing the two middle categories produced ordered thresholds and fit to the Rasch model (chi = 10.1; degrees of freedom = 9; p = 0.34). The mean (SD) items and persons Fit Residual values were -0.31 (1.12) and -0.25 (0.78), respectively, where optimal fit of data to the Rasch model would have a mean = 0 and SD = 1. Unidimensionality was demonstrated confirming the construct validity of the PHQ-9 and there was no evidence of differential item functioning on a number of factors including visual disability. The person separation reliability value was 0.80 indicating that the PHQ-9 has satisfactory precision. There was a degree of mistargeting as expected in this largely non-clinically depressed sample.\n\nQuestion: Can clinicians use the PHQ-9 to assess depression in people with vision loss?\n\nAnswer the question with yes, no, or maybe.\nAnswer:\n	yes
Context: Human immunodeficiency virus (HIV)-infected patients have generally been excluded from transplantation. Recent advances in the management and prognosis of these patients suggest that this policy should be reevaluated. To explore the current views of U.S. transplant centers toward transplanting asymptomatic HIV-infected patients with end-stage renal disease, a written survey was mailed to the directors of transplantation at all 248 renal transplant centers in the United States. All 148 responding centers said they require HIV testing of prospective kidney recipients, and 84% of these centers would not transplant an individual who refuses HIV testing. The vast majority of responding centers would not transplant a kidney from a cadaveric (88%) or a living donor (91%) into an asymptomatic HIV-infected patient who is otherwise a good candidate for transplantation. Among the few centers that would consider transplanting an HIV-infected patient, not a single center had performed such a transplant in the year prior to the survey. Most centers fear that transplantation in the face of HIV infection would be harmful to the individual, and some believe that it would be a waste of precious organs.\n\nQuestion: Should all human immunodeficiency virus-infected patients with end-stage renal disease be excluded from transplantation?\n\nAnswer the question with yes, no, or maybe.\nAnswer:\n	no
Context: The clinical and prognostic value of the previous node classification of TNM staging in early gastric cancer (EGC) has been less definitive. The aim was to assess the suitability of the revised node staging for prediction of clinical behavior of EGC. Between 2005 and 2008, 1,845 patients were diagnosed with EGC and underwent surgery at Severance Hospitals. Clinicopathological characteristics were analyzed with comparisons between sixth and seventh TNM staging. When comparing IB with IIA upstaged based on seventh staging, poor differentiation, signet ring cell, diffuse, undifferentiated types, perineural invasion (PNI), larger size and younger age, were more significantly associated with IIA. Clinicopathological factors were compared between N0/N1 and N2/N3 based on both staging. In mucosal cancer, younger age, diffuse and undifferentiated types were more significantly associated with N2/N3 based on seventh staging. In submucosal cancer, larger size, poor differentiation, signet ring cell, diffuse, undifferentiated types, PNI and deeper submucosal invasion, were more significantly associated with N2/N3 based on seventh staging.\n\nQuestion: Is the 7th TNM edition suitable for biological predictor in early gastric cancer?\n\nAnswer the question with yes, no, or maybe.\nAnswer:\n	yes
Context: Adults with GH deficiency (GHD) have a decreased life expectancy. The effect of GH treatment on mortality remains to be established. This nationwide cohort study investigates the effect of GH treatment on all-cause and cause-specific mortality and analyzes patient characteristics influencing mortality in GHD adults. Patients in the Dutch National Registry of Growth Hormone Treatment in Adults were retrospectively monitored (1985-2009) and subdivided into treatment (n = 2229), primary (untreated, n = 109), and secondary control (partly treated, n = 356) groups. Standardized mortality ratios (SMR) were calculated for all-cause, malignancy, and cardiovascular disease (CVD) mortality. Expected mortality was obtained from cause, sex, calendar year, and age-specific death rates from national death and population counts. In the treatment group, 95 patients died compared to 74.6 expected [SMR 1.27 (95% confidence interval, 1.04-1.56)]. Mortality was higher in women than in men. After exclusion of high-risk patients, the SMR for CVD mortality remained increased in women. Mortality due to malignancies was not elevated. In the control groups mortality was not different from the background population. Univariate analyses demonstrated sex, GHD onset, age, and underlying diagnosis as influencing factors.\n\nQuestion: Does growth hormone replacement therapy reduce mortality in adults with growth hormone deficiency?\n\nAnswer the question with yes, no, or maybe.\nAnswer:\n	no
Context: The purpose of this survey was to ascertain the most common surgical practices for attaining negative (tumor-free) surgical margins in patients desiring breast-conservation treatment for breast cancer to see if a consensus exists for optimal treatment of patients. We sent a survey to 1,000 surgeons interested in the treatment of breast cancer. Three hundred eighty-one surgeons responded to this survey and 351 were used for the analysis (response rate of 38%). Answers showed a large variety in clinical practices among breast surgeons across the country. There was little intraoperative margin analysis; only 48% of surgeons examine the margins grossly with a pathologist and even fewer used frozen sections or imprint cytology. Decisions to reexcise specific margins varied greatly. For example, 57% of surgeons would never reexcise for a positive deep margin, but 53% would always reexcise for a positive anterior margin. Most importantly, there was a large range in answers about acceptable margins with ductal carcinoma in situ and invasive carcinoma. Fifteen percent of surgeons would accept any negative margin, 28% would accept a 1-mm negative margin, 50% would accept a 2-mm negative margin, 12% would accept a 5-mm negative margin, and 3% would accept a 10-mm negative margin.\n\nQuestion: Attaining negative margins in breast-conservation operations: is there a consensus among breast surgeons?\n\nAnswer the question with yes, no, or maybe.\nAnswer:\n	no
Context: Epidermal growth factor receptor (EGFR) mutations as prognostic or predictive marker in patients with non-small cell lung cancer (NSCLC) have been used widely. However, it may be difficult to get tumor tissue for analyzing the status of EGFR mutation status in large proportion of patients with advanced disease. We obtained pairs of tumor and serum samples from 57 patients with advanced NSCLC, between March 2006 and January 2009. EGFR mutation status from tumor samples was analyzed by genomic polymerase chain reaction and direct sequence and EGFR mutation status from serum samples was determined by the peptide nucleic acid locked nucleic acid polymerase chain reaction clamp. EGFR mutations were detected in the serum samples of 11 patients and in the tumor samples of 12 patients. EGFR mutation status in the serum and tumor samples was consistent in 50 of the 57 pairs (87.7%). There was a high correlation between the mutations detected in serum sample and the mutations detected in the matched tumor sample (correlation index 0.62; P<0.001). Twenty-two of 57 patients (38.5%) received EGFR-tyrosine kinase inhibitors as any line therapy. The response for EGFR-tyrosine kinase inhibitors was significantly associated with EGFR mutations in both tumor samples and serum samples (P<0.05). There was no significant differences in overall survival according to the status of EGFR mutations in both serum and tumor samples (P>0.05).\n\nQuestion: Can serum be used for analyzing the EGFR mutation status in patients with advanced non-small cell lung cancer?\n\nAnswer the question with yes, no, or maybe.\nAnswer:\n	yes
Context: The purpose of this study was to determine if registered dietitian (RD) and registered nurse (RN) certified diabetes educators (CDEs) provide similar recommendations regarding carbohydrates and dietary supplements to individuals with diabetes. A survey was mailed to CDEs in the southern United States. Participants were asked to indicate their recommendations for use of carbohydrates, fiber, artificial sweeteners, and 12 selected dietary and herbal supplements when counseling individuals with diabetes. The survey sample consisted of 366 CDEs: 207 were RNs and 159 were RDs. No statistically significant differences were found between RNs and RDs in typical carbohydrate recommendations for treatment of diabetes. However, RDs were more likely than RNs to make recommendations for fiber intake or use of the glycemic index. A significant difference also was found in the treatment of hypoglycemia: RNs were more likely than RDs to recommend consuming a carbohydrate source with protein to treat hypoglycemia.\n\nQuestion: Are patients with diabetes receiving the same message from dietitians and nurses?\n\nAnswer the question with yes, no, or maybe.\nAnswer:\n	no
Context: Medical records of 121 people who received inpatient rehabilitation were retrospectively screened; records of 50 people discharged home and at high falls risk (fall in last 12 months, fall preceding/during admission) were audited. Data extracted included falls risk identification during rehabilitation and in discharge documentation; falls risk factors assessed; and fall prevention strategies implemented. Discharge documentation correctly identified falls risk for just nine of the 50 people. Patients at high falls risk had a median of 8.0 (interquartile range 6-10) of 17 risk factors. There was limited evidence of assessment for osteoporosis (n = 8), footwear (n = 4) and visual assessment in the previous 2 years (n = 1). Patients received a median of 6.5 (interquartile range 5-9) out of 16 possible strategies. Common strategies were mobility (n = 48), strength (n = 44) and Personal Activity of Daily Living training (n = 43). For 12 risk factors, if the factor was present, there was evidence of a strategy in more than 80% of records.\n\nQuestion: Preparing patients at high risk of falls for discharge home after rehabilitation: Do we meet the guidelines?\n\nAnswer the question with yes, no, or maybe.\nAnswer:\n	no
Context: The current study is aimed to assess the relationship between the 'economic/employment' and 'social/welfare' dimensions of social exclusion and suicide mortality in Europe. Suicide rates for 26 countries were obtained from the WHO. Data on social expenditure were obtained from the OECD database. Employment rates and GDP were obtained from the Total Economy Database. Questions about citizens' attitudes towards different aspects of social exclusion were taken from the European Social Survey. Structural equation modelling was applied to research the theoretical structure of the variables. All variables are statistically significant in male and female models except of the relationships between 'economic/employment' and 'social/welfare' dimensions and female suicides; and the relationship between 'employment rates' and 'economic/employment' dimension. Suicide mortality rates among both males and females are influenced negatively by 'economic/employment' and 'social/welfare' dimensions. Among females, the influence of 'social/welfare' dimension is stronger compared to the 'economic/employment' dimension. The remaining influence of GDP is positive in both models.\n\nQuestion: Some aspects of social exclusion: do they influence suicide mortality?\n\nAnswer the question with yes, no, or maybe.\nAnswer:\n	yes
Context: To compare the characteristics and prognoses of gastric cancers by tumor location in Korean and U.S. subjects after curative-intent (R0) resection for gastric cancer (GC). Data were collected for all patients who had undergone R0 resection at one U.S. institution (n = 567) and one South Korean institution (n = 1,620). Patients with gastroesophageal junction tumors or neoadjuvant therapy were excluded. Patient, surgical, and pathologic variables were compared by tumor location. Factors associated with disease-specific survival (DSS) were determined via multivariate analysis. In the Korean cohort, significantly more upper third GC (UTG) patients had undifferentiated, diffuse type, and advanced stage cancers compared to lower third GC (LTG) and middle third GC (MTG) patients. In the U.S. cohort, however, T stage was relatively evenly distributed among UTG, MTG, and LTG patients. The independent predictors of DSS in the Korean cohort were T stage, tumor size, retrieved and positive lymph node counts, and age, but in the U.S. cohort, the only independent predictors were T stage and positive lymph node count. Tumor size significantly affected DSS of Korean UTG patients but not U.S. UTG patients.\n\nQuestion: Is gastric cancer different in Korea and the United States?\n\nAnswer the question with yes, no, or maybe.\nAnswer:\n	yes
Context: The study was carried on 2096 school children (1043 male, 1053 female) in Ankara. Their mean age was 9.03 years. Demographic properties of the study group and their families were determined and the serum lipid levels of the subjects were obtained. The relation between these demographic properties and lipid levels were investigated. In 135 of the subjects' serum cholesterol level was>or=200 mg/dL and in 83 subjects serum LDL-cholesterol level was>or=130 mg/dL. Despite 64.4% of the subjects reported a family history of hyperlipidemia, no relations between family history and serum lipid levels were found.\n\nQuestion: Cholesterol screening in school children: is family history reliable to choose the ones to screen?\n\nAnswer the question with yes, no, or maybe.\nAnswer:\n	no
Context: The prevalence of combined humeral and glenoid defects varies between 79 and 84 % in case of chronic posttraumatic anterior shoulder instability. The main goal of this study was to evaluate the relationship between humeral and glenoid defects based on quantitative radiological criteria. A retrospective study was performed between 2000 and 2011 including patients who underwent primary surgical shoulder stabilization for chronic posttraumatic anterior shoulder instability, with bone defects in both the glenoid and humerus and a healthy contralateral shoulder. The following measurements were taken: D/R ratio (Hill-Sachs lesion depth/humeral head radius) on an AP X-ray in internal rotation and the D1/D2 ratio [diameter of the involved glenoid articular surfaces (D1)/the healthy one (D2)] on a comparative Bernageau glenoid profile view. Measurements were taken by two observers. Correlations were determined by the Spearman correlation coefficients (r), Bland and Altman diagrams, and intra-class correlation coefficients (ICC). A sample size calculation was done. Thirty patients were included, 25 men/5 women, mean age 29.8 ± 11.2 years. The mean D/R was 23 ± 12 % for observer 1 and 23 ± 10 % for observer 2. The mean D1/D2 was 95 ± 4 % for observer 1 and 94 ± 6 % for observer 2. No significant correlation was found between humeral and glenoid bone defects by observer 1 (r = 0.23, p = 0.22) or observer 2 (r = 0.05, p = 0.78). Agreement of the observers for the D/R ratio was excellent (ICC = 0.89 ± 0.04, p < 0.00001) and good for the D1/D2 ratio (ICC = 0.54 ± 0.14, p = 0.006).\n\nQuestion: Bony defects in chronic anterior posttraumatic dislocation of the shoulder: Is there a correlation between humeral and glenoidal lesions?\n\nAnswer the question with yes, no, or maybe.\nAnswer:\n	no
Context: The validity of quality of care measurement has important implications for practicing clinicians, their patients, and all involved with health care delivery. We used empirical data from managed care patients enrolled in west coast physician organizations to test the hypothesis that observed changes in health-related quality of life across a 2.5-year window reflecting process of care.DATA SOURCES/ Patient self-report data as well as clinically detailed medical record review regarding 963 patients with chronic disease associated with managed care from three west coast states. Prospective cohort study of change in health-related quality of life scores across 30 months as measured by change in SF-12 physical component scores.DATA COLLECTION/ Patient self-report and medical record abstraction. We found a positive relationship between better process scores and higher burden of illness (p<.05). After adjustment for burden of illness, using an instrumental variables approach revealed better process is associated with smaller declines in SF-12 scores across a 30-month observation window (p=.014). The application of the best quartile of process of care to patients currently receiving poor process is associated with a 4.24 increment in delta SF-12-physical component summary scores.\n\nQuestion: Does ambulatory process of care predict health-related quality of life outcomes for patients with chronic disease?\n\nAnswer the question with yes, no, or maybe.\nAnswer:\n	yes
Context: It is generally assumed, that patients with Werlhof's disease (WD) are at increased risk for bleeding complications when undergoing cardiac surgery with extracorporeal circulation. Therefore we performed this case control study to estimate the real risk for bleeding complications of these patients. Between 05/95 and 07/98, ten patients with WD (eight males, two females) underwent cardiac surgery employing extracorporeal circulation (WD-group). Five of these patients with platelet counts below 80/nl were treated by immunoglobulins preoperatively. Each patient with WD was matched to five patients without WD (no-WD-group) using diagnosis, age, gender, ejection fraction, number of distal anastomosis and body-mass-index as matching criteria. Mean number of platelet counts were significant lower in the WD-group than in the no-WD-group despite a significant increase of platelet counts after immunoglobulin treatment (54/nl-->112/nl, P=0.018). On the day before, directly after and on the first day after surgery they were 141/nl vs. 215/nl (P=0.012), 75/nl vs. 147/nl (P=0.001) and 93/nl vs. 136/nl (P=0.009). Accordingly, patients of the WD-group received significantly more platelet concentrates than patients of the no-WD-group (mean number of platelet concentrates: 2.3 versus 0.7, P=0.007). Total drainage loss via the mediastinal chest tubes was almost identical (1197 ml in the no-WD-group and 1140 ml in the WD-group). One patient of each group suffered from a bleeding complication requiring reexploration. Three patients of the no-WD-group (6%) and one patient of the WD-group (10%) expired postoperatively unrelated to WD.\n\nQuestion: Are patients with Werlhof's disease at increased risk for bleeding complications when undergoing cardiac surgery?\n\nAnswer the question with yes, no, or maybe.\nAnswer:\n	no
Context: Current evidence suggests that neck pain is negatively associated with health-related quality of life (HRQoL). However, these studies are cross-sectional and do not inform the association between neck pain and future HRQoL. The purpose of this study was to investigate the association between increasing grades of neck pain severity and HRQoL 6 months later. In addition, this longitudinal study examines the crude association between the course of neck pain and HRQoL. This is a population-based cohort study. Eleven hundred randomly sampled Saskatchewan adults were included. Outcome measures were the mental component summary (MCS) and physical component summary (PCS) of the Short-Form-36 (SF-36) questionnaire. We formed a cohort of 1,100 randomly sampled Saskatchewan adults in September 1995. We used the Chronic Pain Questionnaire to measure neck pain and its related disability. The SF-36 questionnaire was used to measure physical and mental HRQoL 6 months later. Multivariable linear regression was used to measure the association between graded neck pain and HRQoL while controlling for confounding. Analysis of variance and t tests were used to measure the crude association among four possible courses of neck pain and HRQoL at 6 months. The neck pain trajectories over 6 months were no or mild neck pain, improving neck pain, worsening neck pain, and persistent neck pain. Finally, analysis of variance was used to examine changes in baseline to 6-month PCS and MCS scores among the four neck pain trajectory groups. The 6-month follow-up rate was 74.9%. We found an exposure-response relationship between neck pain and physical HRQoL after adjusting for age, education, arthritis, low back pain, and depressive symptomatology. Compared with participants without neck pain at baseline, those with mild (β=-1.53, 95% confidence interval [CI]=-2.83, -0.24), intense (β=-3.60, 95% CI=-5.76, -1.44), or disabling (β=-8.55, 95% CI=-11.68, -5.42) neck pain had worse physical HRQoL 6 months later. We did not find an association between neck pain and mental HRQoL. A worsening course of neck pain and persistent neck pain were associated with worse physical HRQoL.\n\nQuestion: Is neck pain associated with worse health-related quality of life 6 months later?\n\nAnswer the question with yes, no, or maybe.\nAnswer:\n	yes
Context: The aim was to investigate the relationship between cognitive ability and frequency compressed speech recognition in listeners with normal hearing and normal cognition. Speech-in-noise recognition was measured using Institute of Electrical and Electronic Engineers sentences presented over earphones at 65 dB SPL and a range of signal-to-noise ratios. There were three conditions: unprocessed, and at frequency compression ratios of 2:1 and 3:1 (cut-off frequency, 1.6 kHz). Working memory and cognitive ability were measured using the reading span test and the trail making test, respectively. Participants were 15 young normally-hearing adults with normal cognition. There was a statistically significant reduction in mean speech recognition from around 80% when unprocessed to 40% for 2:1 compression and 30% for 3:1 compression. There was a statistically significant relationship between speech recognition and cognition for the unprocessed condition but not for the frequency-compressed conditions.\n\nQuestion: Does cognitive function predict frequency compressed speech recognition in listeners with normal hearing and normal cognition?\n\nAnswer the question with yes, no, or maybe.\nAnswer:\n	no
Context: The quality of surgical excision is held to be a major determinant of outcome following surgery for rectal cancer. Macroscopic examination of the excised mesorectum allows for reproducible assessment of the quality of surgery. We aimed to determine whether quality of excision undertaken by colorectal trainees under supervision was comparable with that performed by consultants, as measured using mesorectal grades. A total of 130 consecutive patients undergoing potentially curative resection for primary adenocarcinoma of the rectum in our centre from 2001 to 2003 were included in the study. The pathologists graded the excised mesorectum according to staged classification proposed by Quirke. The outcome (quality of mesorectal excision and secondary outcomes including local recurrence and overall recurrence) of operations performed by consultants was compared with that of trainees. Statistical significance was tested using Pearson chi(2) test. Eighty-nine operations were performed by consultants and 41 by senior colorectal trainees with consultant supervision. Forty-four patients (49%) had good mesorectum when operated by consultants in comparison with 17 (41.5%) by the trainees. There was no statistically significant difference (P = 0.717) between the two groups in terms of quality of mesorectum excised after potentially curative resection. Furthermore, there were seven local recurrences in patients operated by consultants (7.8%) when compared with four in the trainee group (9.5%) and once again there was no statistical significance between the two groups (P = 0.719).\n\nQuestion: Do supervised colorectal trainees differ from consultants in terms of quality of TME surgery?\n\nAnswer the question with yes, no, or maybe.\nAnswer:\n	no
Context: Lynch syndrome (hereditary nonpolyposis colorectal cancer; HNPCC) is an autosomal-dominant cancer predisposition syndrome that increases risk for multiple cancers, including colon, endometrial, and ovarian cancer. Revised Bethesda Criteria recommend that patients with two HNPCC-associated cancers undergo molecular evaluation to determine whether they have a mismatch repair (MMR) defect associated with HNPCC. The purpose of our study was to determine the likelihood of MMR defects (MSH2, MSH6, MLH1) in women with synchronous endometrial and ovarian cancer. Between 1989 and 2004, 102 women with synchronous endometrial and ovarian cancers were identified; 59 patients had tumor blocks available for analysis. Patients were divided into risk groups based on family history: high (met Amsterdam criteria), medium (personal history or first-degree relative with an HNPCC-associated cancer), and low (all others). Protein expression for MSH2, MSH6, and MLH1 was evaluated by immunohistochemistry. Microsatellite instability and MLH1 promoter methylation analyses were performed on a subset of cases. Median age was 50 years. Two patients met Amsterdam criteria for HNPCC. Five additional patients, all medium-risk, had molecular findings consistent with a germline mutation of either MSH2 or MLH1. None of the low-risk patients had molecular results consistent with a germline mutation.\n\nQuestion: Women with synchronous primary cancers of the endometrium and ovary: do they have Lynch syndrome?\n\nAnswer the question with yes, no, or maybe.\nAnswer:\n	maybe
Context: Recently, orthostatic myoclonus (OM) has been suggested as a cause of gait impairment and unsteadiness in neurodegenerative diseases. The aim of this study was to investigate the frequency of orthostatic myoclonus, its clinical characteristics and the underlying associated neurological disorders. A retrospective analysis of clinical data and electromyogram surface recordings from subjects with unexplained unsteadiness/gait impairment was performed. Diagnosis of OM was made when a pattern of non-rhythmic bursts was observed (duration range 20-100 ms; bursts per second ≤16). Among 93 subjects studied, OM was the most frequent disorder (n = 16; 17.2%), followed by orthostatic tremor (13.9%) and low frequency tremors during orthostatism (12.9%). All patients with OM complained about unsteadiness during orthostatism and/or during gait. Leg jerking was only observed by visual inspection during orthostatism in four subjects and two also presented falls. Eleven out of 16 patients (68.7%) with OM had an associated neurodegenerative disease, such as multiple system atrophy (n = 3) Parkinson's disease (n = 2), Alzheimer's disease (n = 2), mild cognitive impairment (n = 2) and normal pressure hydrocephalus (n = 2). Although four subjects showed improvement of orthostatic myoclonus with antimyoclonic treatment, the follow-up was not systematic enough to evaluate their therapeutic effect on OM.\n\nQuestion: Orthostatic myoclonus: an underrecognized cause of unsteadiness?\n\nAnswer the question with yes, no, or maybe.\nAnswer:\n	yes
Context: To determine the necessity of pelvic computed tomography (CT) in patients of renal cell carcinoma (RCC). We reviewed the records of 400 patients of RCC, who underwent treatment at our institution between January 1988 and February 2001. These patients were evaluated pre-operatively with ultrasonograms (USG) and contrast enhanced CT scan of the abdomen and pelvis. USG or CT scans of these cases were reviewed for presence of pathology in the pelvis, which were classified into 3 categories viz; benign and likely to be insignificant, benign and likely to be significant; and malignant. Of the 400 cases, 114 were stage I, 68 were stage II, 99 were stage III and 119 were stage IV. In all patients, tumour was identified in the kidney on preoperative CT scan. Fourteen patients (3.5%) had an abnormality on pelvic CT. Five (1.25%) had category 1, three (0.75%) had category 2 and six (1.5%) had category 3 abnormality on pelvic CT. However, all these abnormalities in pelvis were detected prior to CT by other investigations (USG or plain x-ray). Of the six cases with malignant findings, two had superficial bladder cancer, one had RCC in a pelvic kidney and three had bone metastases in the pelvis.\n\nQuestion: Is there a need for pelvic CT scan in cases of renal cell carcinoma?\n\nAnswer the question with yes, no, or maybe.\nAnswer:\n	no
Context: Twenty-seven healthy normal glucose-tolerant humans with either a previous diagnosis of gestational diabetes or having two parents with Type 2 diabetes and 27 healthy adults who had no history of diabetes were recruited. Maximal oxygen uptake was assessed using an incremental exercise test to exhaustion. Skin microvascular function was assessed using laser Doppler techniques as the maximum skin hyperaemic response to a thermal stimulus (maximum hyperaemia) and the forearm skin blood flow response to the iontophoretic application of acetylcholine (ACh) and sodium nitroprusside. Maximal oxygen uptake was not significantly different in the 'at-risk' group compared with healthy controls. Maximum hyperaemia was reduced in those 'at risk' (1.29 +/- 0.30 vs. 1.46 +/- 0.33 V, P = 0.047); however, the peak response to acetylcholine or sodium nitroprusside did not differ in the two groups. A significant positive correlation was demonstrated between maximal oxygen uptake and maximum hyperaemia (r = 0.52, P = 0.006 l/min and r = 0.60, P = 0.001 ml/kg/min) and peak ACh response (r = 0.40, P = 0.04 l/min and r = 0.47, P = 0.013 ml/kg/min) in the 'at-risk' group when expressed in absolute (l/min) or body mass-related (ml/kg/min) terms. No significant correlations were found in the control group.\n\nQuestion: Does aerobic fitness influence microvascular function in healthy adults at risk of developing Type 2 diabetes?\n\nAnswer the question with yes, no, or maybe.\nAnswer:\n	maybe
Context: The gluten-free diet has traditionally been accepted as a healthy diet, but there are articles advocating that it may have some nutritional deficiencies. The current study assesses whether there was any change in the contributions of calories, essential elements, proportion of fatty acids, vitamins, minerals and fiber in children who were diagnosed with celiac diseases, comparing the diet with gluten prior one year after diagnosis with the diet without gluten to the year of diagnosis. The level of clinical or analytical impact that nutritional deficits could have was also assessed. A prospective,descriptive, observational study in which information was collected from a dietary survey, anthropometric and analytical data at pre-diagnosis of celiac disease and following a gluten diet and one year after celiac disease diagnosis, under gluten-free diet. A total of 37 patients meet the study criteria. A decrease in the intake of saturated fatty acids was found, with an increase of monounsaturated fatty acids and an increase in the intake of phosphorus in the diet without gluten. A deficient intake of vitamin D was found in both diets. Clinically, at year of gluten-free diet there was an improvement in weight and size. Analytically, there was an improvement in hemoglobin, ferritin, vitamin D, and parathyroid hormone in plasma.\n\nQuestion: Nutritional assessment of gluten-free diet. Is gluten-free diet deficient in some nutrient?\n\nAnswer the question with yes, no, or maybe.\nAnswer:\n	yes
Context: Medical oncology is embracing information technology to standardize care and improve patient outcomes, with a range of Web-based systems used internationally. The authors' aim was to determine the factors affecting the uptake and use of a Web-based protocol system for medical oncology in the Australian setting. The authors conducted 50 interviews and observed medical oncology physicians, nurses, and pharmacists in their treatment setting at 6 hospitals in different geographic locations. The Web-based system plays a major role in guiding oncology treatment across participating sites. However, its use varies according to hospital location, clinician roles, and experience. A range of issues impact on clinicians' attitudes toward and use of the Web-based system. Important factors are clinician-specific (eg, their need for autonomy and perceptions of lack of time) or environmental (eg, hospital policy on protocol use, endorsement of the system, and the availability of appropriate infrastructure, such as sufficient computers). The level of education received regarding the system was also found to be integral to its ongoing use.\n\nQuestion: Standardizing care in medical oncology: are Web-based systems the answer?\n\nAnswer the question with yes, no, or maybe.\nAnswer:\n	maybe
Context: To determine if elderly patients with oropharyngeal squamous cell carcinoma (OPSCC) are receiving less treatment and to evaluate the benefit of aggressive therapy in this population. Retrospective analysis of a large population database. Patients in the Surveillance, Epidemiology, and End Results database with OPSCC diagnosed from 2004 to 2009 were included. The patients were categorized into age groups 45 to 54, 55 to 64, 65 to 74, 75 to 84, and 85 years and older, then further categorized by treatment status. Kaplan-Meier analysis of disease-specific survival (DSS) for late-stage (III and IV) OPSCC was performed for all age and treatment categories, followed by a multivariate cox regression of treatment status, tumor site, race, stage, and sex per age group. A total of 14,909 patients with OPSCC were identified. In our demographic data, we observed a significant increase in the number of patients who did not receive treatment (surgery, radiation, or combined therapy) after age 55. Kaplan-Meier analysis showed that age groups 65 to 74 and 75 to 84 had substantial benefits in DSS with surgery, radiation, or combined therapy. Multivariable analysis did not demonstrate any statistically significant difference in the hazard ratios for combined treatment among age groups 45 to 54, 55 to 64, 65 to 74, and 75 to 84.\n\nQuestion: Are the elderly with oropharyngeal carcinoma undertreated?\n\nAnswer the question with yes, no, or maybe.\nAnswer:\n	maybe
Context: This study was designed to determine prospectively whether the systematic use of PET/CT associated with conventional techniques could improve the accuracy of staging in patients with liver metastases of colorectal carcinoma. We also assessed the impact on the therapeutic strategy. Between 2006 and 2008, 97 patients who were evaluated for resection of LMCRC were prospectively enrolled. Preoperative workup included multidetector-CT (MDCT) and PET/CT. In 11 patients with liver steatosis or iodinated contrast allergy, MR also was performed. Sixty-eight patients underwent laparotomy. Sensitivity, specificity, positive predictive value (PPV), and negative predictive values for hepatic and extrahepatic staging of MDCT and PET-CT were calculated. In a lesion-by-lesion analysis of the hepatic staging, the sensitivity of MDCT/RM was superior to PET/CT (89.2 vs. 55%, p < 0.001). On the extrahepatic staging, PET/CT was superior to MDCT/MR only for the detection of locoregional recurrence (p = 0.03) and recurrence in uncommon sites (p = 0.016). New findings in PET/CT resulted in a change in therapeutic strategy in 17 patients. However, additional information was correct only in eight cases and wrong in nine patients.\n\nQuestion: Preoperative staging of patients with liver metastases of colorectal carcinoma. Does PET/CT really add something to multidetector CT?\n\nAnswer the question with yes, no, or maybe.\nAnswer:\n	no
Context: Schizophrenia patients are typically found to have low IQ both pre- and post-onset, in comparison to the general population. However, a subgroup of patients displays above average IQ pre-onset. The nature of these patients' illness and its relationship to typical schizophrenia is not well understood. The current study sought to investigate the symptom profile of high-IQ schizophrenia patients. We identified 29 schizophrenia patients of exceptionally high pre-morbid intelligence (mean estimated pre-morbid intelligence quotient (IQ) of 120), of whom around half also showed minimal decline (less than 10 IQ points) from their estimated pre-morbid IQ. We compared their symptom scores (SAPS, SANS, OPCRIT, MADRS, GAF, SAI-E) with a comparison group of schizophrenia patients of typical IQ using multinomial logistic regression. The patients with very high pre-morbid IQ had significantly lower scores on negative and disorganised symptoms than typical patients (RRR=0.019; 95% CI=0.001, 0.675, P=0.030), and showed better global functioning and insight (RRR=1.082; 95% CI=1.020, 1.148; P=0.009). Those with a minimal post-onset IQ decline also showed higher levels of manic symptoms (RRR=8.213; 95% CI=1.042, 64.750, P=0.046).\n\nQuestion: Schizophrenia patients with high intelligence: A clinically distinct sub-type of schizophrenia?\n\nAnswer the question with yes, no, or maybe.\nAnswer:\n	yes
Context: longitudinal descriptive study. 2 large nursing homes in Turin, Italy. 418 dependent elderly (83 males, 335 females, mean age 83.7+/-8.5 y, range 55-102) living in the nursing homes. the prevalence of peripheral arterial disease (PAD) was evaluated using a Doppler Ultrasound measurement of AAI (Ankle/Arm blood pressure Index). Death causes according to ICD-9-CM were ascertained on patient's clinical records. Diagnosis of PAD was made in 122 subjects (29.2%) with AAI<0.90. After a 3 year follow-up 203 patients (48.6%) died. The presence of PAD was not related to total mortality or to mortality for ischemic heart disease (IHD), cerebrovascular disease or other causes. IHD mortality was significantly and independently related to low haemoglobin values, previous cerebrovascular disease, polypharmacy and poor mobility conditions.\n\nQuestion: Is ankle/arm pressure predictive for cardiovascular mortality in older patients living in nursing homes?\n\nAnswer the question with yes, no, or maybe.\nAnswer:\n	no
Context: The recent literature shows an increased incidence of obstructive sleep apnea (OSA) in patients with idiopathic pulmonary fibrosis (IPF). On the other hand, there are no published studies related to continuous positive airway pressure (CPAP) treatment in this patient group. Our aim was to assess the effect of CPAP on sleep and overall life quality parameters in IPF patients with OSA and to recognize and overcome possible difficulties in CPAP initiation and acceptance by these patients. Twelve patients (ten males and two females, age 67.1 ± 7.2 years) with newly diagnosed IPF and moderate to severe OSA, confirmed by overnight attended polysomnography, were included. Therapy with CPAP was initiated after a formal in-lab CPAP titration study. The patients completed the Epworth Sleepiness Scale (ESS), the Pittsburgh Sleep Quality Index (PSQI), the Functional Outcomes in Sleep Questionnaire (FOSQ), the Fatigue Severity Scale (FSS), the SF-36 quality of life questionnaire, and the Beck Depression Inventory (BDI) at CPAP initiation and after 1, 3, and 6 months of effective CPAP therapy. A statistically significant improvement was observed in the FOSQ at 1, 3, and 6 months after CPAP initiation (baseline 12.9 ± 2.9 vs. 14.7 ± 2.6 vs. 15.8 ± 2.1 vs. 16.9 ± 1.9, respectively, p = 0.02). Improvement, although not statistically significant, was noted in ESS score (9.2 ± 5.6 vs. 7.6 ± 4.9 vs. 7.5 ± 5.3 vs. 7.7 ± 5.2, p = 0.84), PSQI (10.7 ± 4.4 vs. 10.1 ± 4.3 vs. 9.4 ± 4.7 vs. 8.6 ± 5.2, p = 0.66), FSS (39.5 ± 10.2 vs. 34.8 ± 8.5 vs. 33.6 ± 10.7 vs. 33.4 ± 10.9, p = 0.44), SF-36 (63.2 ± 13.9 vs. 68.9 ± 13.5 vs. 72.1 ± 12.9 vs. 74.4 ± 11.3, p = 0.27), and BDI (12.9 ± 5.5 vs. 10.7 ± 4.3 vs. 9.4 ± 4.8 vs. 9.6 ± 4.5, p = 0.40). Two patients had difficulty complying with CPAP for a variety of reasons (nocturnal cough, claustrophobia, insomnia) and stopped CPAP use after the first month, despite intense follow-up by the CPAP clinic staff. Heated humidification was added for all patients in order to improve the common complaint of disabling nocturnal cough.\n\nQuestion: CPAP therapy in patients with idiopathic pulmonary fibrosis and obstructive sleep apnea: does it offer a better quality of life and sleep?\n\nAnswer the question with yes, no, or maybe.\nAnswer:\n	maybe
Context: Studies have indicated that hypoalbuminemia is associated with decreased survival of patients with gastric cancer. However, the prognostic value of albumin may be secondary to an ongoing systemic inflammatory response. The aim of the study was to assess the relation between hypoalbuminemia, the systemic inflammatory response, and survival in patients with gastric cancer. Patients diagnosed with gastric carcinoma attending the upper gastrointestinal surgical unit in the Royal Infirmary, Glasgow between April 1997 and December 2005 and who had a pretreatment measurement of albumin and C-reactive protein (CRP) were studied. Most of the patients had stage III/IV disease and received palliative treatment. The minimum follow-up was 15 months. During follow-up, 157 (72%) patients died of their cancer. On univariate analysis, stage (p<0.001), treatment (p<0.001), albumin level (p<0.001), and CRP level (p<0.001) were significant predictors of survival. On multivariate analysis, stage (p<0.001), treatment (p<0.001), and CRP level (p<0.001) remained significant predictors of survival. Albumin was no longer an independent predictor of survival.\n\nQuestion: Is hypoalbuminemia an independent prognostic factor in patients with gastric cancer?\n\nAnswer the question with yes, no, or maybe.\nAnswer:\n	no
Context: To investigate whether the S + G2/M fraction (proliferative index) is a prognostic determinant in breast cancers classified as Auer IV. Prognostic evaluation of Auer IV DNA histograms with respect to the high versus low S + G2/M fraction, obtained by image cytometry on consecutive breast cancer imprint preparations. When studying recurrence-free survival (n = 136), the prognostic value of S + G2/M was found to vary with time: it was negligible before the median time to relapse (1.5 years) but thereafter statistically significant, in both univariate and multivariate analysis. The same pattern was found when overall survival was used as the end point; the effect was delayed to about the median time until death (three years). Tumors with a low S + G2/M fraction were smaller and more often estrogen receptor- and progesterone receptor-positive than those with a high S + G2/M fraction.\n\nQuestion: Proliferative index obtained by DNA image cytometry. Does it add prognostic information in Auer IV breast cancer?\n\nAnswer the question with yes, no, or maybe.\nAnswer:\n	yes
Context: CYP2D6 is an important cytochrome P450 enzyme. These enzymes catalyse the oxidative biotransformation of about 25% of clinically important drugs as well as the metabolism of numerous environmental chemical carcinogens. The most frequent null allele of CYP2D6 in European populations, CYP2D6*4, has been studied here in order to elucidate whether a relationship exists between this allele and the risk of developing breast cancer in a Spanish population. Ninety-six breast cancer Spanish patients and one hundred healthy female volunteers were genotyped for the CYP2D6*4 allele using AmpliChip CYP450 Test technology. Homozygous CYP2D6*4 frequency was significant lower in breast cancer patients than in the control group (OR=0.22, p=0.04). The heterozygous CYP2D6*4 group also displayed lower values in patients than in controls but the difference was not significant (OR=0.698, p=0.28). Therefore, the presence of the CYP2D6*4 allele seems to decrease susceptibility to breast carcinoma in the selected population.\n\nQuestion: CYP2D6*4 allele and breast cancer risk: is there any association?\n\nAnswer the question with yes, no, or maybe.\nAnswer:\n	yes
Context: Base Deficit (BD) is a marker of tissue hypoxia in polytrauma patients. It guides resuscitative measures, and predicts outcomes, complications and mortality. The aim of this study was to examine the presence of BD in patients with isolated severe traumatic brain injury (TBI), and to assess if it correlates with the outcomes in these patients. This was a retrospective observational study. All patients over the age of 16 years presenting to Aga Khan University Hospital from 2009 to 2013 with isolated TBI, were included. Data was extracted from 2009 to 2013. Glasgow Outcome Scale (GOS) of 4 and 5 at last follow up was categorized as favorable outcome. Data was analyzed using SPSS version 19 and receiver operative curve (ROC) was generated for BD as a predictor of mortality and unfavorable outcome. One hundred and eight patients were analyzed. Ninety-eight (90.7%) were males. Mean age was 36.69 ± 17.65. Eighty-eight (81.5%) patients had BD, while 20 (18.5%) patients had base excess. 62 (58.5%) of the patients had unfavorable outcomes. BD on admission had a statistically significant negative correlation with Glasgow Coma Scale (GCS) on presentation (r = -0.239, p = 0.025) and Revised Trauma Score (RTS) (r = -0.214, p = 0.046). However, there was no statistically significant difference in means of BD between survivors and non survivors. Area under receiver operator curve (ROC) for BD as a predictor of mortality statistically non-significant.\n\nQuestion: Does base deficit predict mortality in patients with severe traumatic brain injury?\n\nAnswer the question with yes, no, or maybe.\nAnswer:\n	no
Context: The use of the private sector for health care is increasing, but it is unclear whether this will reduce demand on the NHS. The aim of this study was to examine the relationship between private and NHS outpatient referral rates accounting for their association with deprivation. This is a prospective survey of general practitioner referrals to private and NHS consultant-led services between 1 January and 31 December 2001 from 10 general practices in the Trent Focus Collaborative Research Network, United Kingdom. Patient referrals were aggregated to give private and NHS referral rates for each electoral ward in each practice. Of 17,137 referrals, 90.4 percent (15,495) were to the NHS and 9.6 percent (1642) to the private sector. Private referral rates were lower in patients from the most deprived fifth of wards compared with the least deprived fifth (rate ratio 0.25, 95 percent CI 0.15 to 0.41, p<0.001), whereas NHS referral rates were slightly higher in patients in the most deprived fifth of wards (rate ratio 1.18, 95 percent CI 0.98 to 1.42, p = 0.08) both after age standardisation and adjustment for practice. The NHS referral rate was significantly higher (rate ratio 1.40, 95 percent CI 1.15 to 1.71, p = 0.001) in wards with private referral rates in the top fifth compared with the bottom fifth after adjustment for deprivation and practice.\n\nQuestion: Does increased use of private health care reduce the demand for NHS care?\n\nAnswer the question with yes, no, or maybe.\nAnswer:\n	no
Context: Cancer of the buccal mucosa is an uncommon and aggressive neoplasm of the oral cavity. Less than 2% of patients treated for cancer of the oral cavity at Roswell Park Cancer Institute (RPCI) from 1971 to 1997 had primary buccal cancers. Because the majority of these patients did not undergo any adjuvant treatment, this group provided us with the opportunity to assess the relationship between margin status and local recurrence for both small (T1-T2) and large (T3-T4) tumors treated with surgery alone. The RPCI tumor registry database reported 104 patients who were treated for buccal carcinoma. A retrospective chart review identified 27 patients who met our criteria for a buccal mucosal primary tumor (epicenter of the mass in the buccal mucosa). There were 13 men and 14 women, ranging in age from 34 to 94 years (mean, 75). Data were collected regarding patient demographics, presenting symptoms, stage, treatment received, and outcome. All patients underwent surgical resection of their primary lesion; 21 (75%) had T1 or T2 tumors. The rate of local recurrence was 56% for the group as a whole. Patients with close or positive margins had a 66% local failure rate as compared with 52% when surgical margins were negative (greater than or equal to 5 mm from the resection margin after tissue fixation; P = ns). Among those in whom negative margins were achieved, patients with T1-T2 disease had a 40% local failure rate with surgical resection alone.\n\nQuestion: Cancer of the buccal mucosa: are margins and T-stage accurate predictors of local control?\n\nAnswer the question with yes, no, or maybe.\nAnswer:\n	no
Context: To determine if clinical variables assessed in relation to Albuterol aerosol treatments accurately identify children with pathologic radiographs during their initial episode of bronchospasm. A prospective convenience sample of children with a first episode of wheezing. Data collected included demographics, baseline and post-treatment clinical score and physical examination, number of aerosols, requirement for supplemental oxygen, and disposition. Chest radiographs were obtained and interpreted, and patients were divided into 2 groups based on a pathologic versus nonpathologic radiograph interpretation. Chi2 testing was performed for categoric variables, and the student t test was performed for continuous variables. A discriminant analysis was used to develop a model. Pathologic radiographs were identified in 61 patients (9%). Between groups, a significant difference was noted for pretreatment oxygen saturation only. Clinical score, respiratory rate, and presence of rales both pretreatment and posttreatment were not significantly different between groups. The discriminant analysis correctly predicted 90% of nonpathologic radiographs but only 15% of pathologic radiographs.\n\nQuestion: Do clinical variables predict pathologic radiographs in the first episode of wheezing?\n\nAnswer the question with yes, no, or maybe.\nAnswer:\n	no
Context: The so-called "globulomaxillary cyst", described as a fissural cyst, caused by entrapped epithelium between the nasal and maxillary process, is no longer considered for its own entity. Nevertheless, cystic lesions, which correspond to the previous image of globulomaxillary cysts, do still occur in daily practice. This raises the question to which entities pathological processes in this particular region actually belong to. In a retrospective study, 17 cases (12 men and 5 women, 12-59 years old) of primarily diagnosed globulomaxillary cysts are analysed according to clinical, radiological and histological aspects, catamnestic processed and assigned to a new entity. The results are compared with the international literature and draws conclusions on the diagnostic and therapeutic procedure. Seven lateral periodontal cysts, four radicular cysts, two keratocystic odontogenic tumours, one adenomatoid odontogenic tumour, one periapical granuloma, one residual cyst and one undefined jaw cyst were determined.\n\nQuestion: Globulomaxillary cysts--do they really exist?\n\nAnswer the question with yes, no, or maybe.\nAnswer:\n	no
Context: Skin diseases are the most frequently recognized occupational diseases in Denmark. The prognosis for occupational contact dermatitis is often poor. To investigate the prognosis, assessed by eczema, job status and skin-related quality of life, among patients allergic to rubber chemicals and latex (ubiquitous allergens) and epoxy (nonubiquitous allergen), 2 years after recognition of occupational allergic contact dermatitis. From a cohort of all patients recognized as having occupational dermatitis by the Danish National Board of Industrial Injuries in 2010, 199 patients with relevant rubber allergy (contact allergy to rubber chemicals or contact urticaria from latex) or epoxy allergy were identified. Follow-up consisted of a questionnaire covering current severity of eczema, employment, exposure and quality of life. The response rate was 75%. Clearance of eczema was reported by 11% of patients and 67% reported improvement. Overall 22% of patients with allergy to a nonubiquitous allergen had total clearance of eczema compared with 10% of cases allergic to ubiquitous allergens and 0% of those with contact urticaria (P = 0·116). Improvement was significantly more frequent in those who had changed jobs compared with those who had not (P = 0·01).\n\nQuestion: Two-year follow-up survey of patients with allergic contact dermatitis from an occupational cohort: is the prognosis dependent on the omnipresence of the allergen?\n\nAnswer the question with yes, no, or maybe.\nAnswer:\n	yes
Context: Recently, increasing number of literature has identified the posterior tibial slope (PTS) as one of the risk factors of primary anterior cruciate ligament (ACL) injury. However, few studies concerning the association between failure of ACL reconstruction (ACLR) and PTS have been published. The objective of this study was to explore the association between the failure of ACLR and PTS at a minimum of two years follow-up. Two hundred and thirty eight eligible patients from June 2009 to October 2010 were identified from our database. A total of 20 failure cases of ACLR and 20 randomly selected controls were included in this retrospective study. The demographic data and the results of manual maximum side-to-side difference with KT-1000 arthrometer at 30° of knee flexion and pivot-shift test before the ACLR and at the final follow-up were collected. The medial and lateral PTSs were measured using the magnetic resonance imaging (MRI) scan, based on Hudek's measurement. A comparison of PTS between the two groups was performed. The overall failure rate of the present study was 8.4%. Of the 40 participants, the mean medial PTS was 4.1° ± 3.2° and the mean lateral PTS was 4.6° ± 2.6°. The medial PTS of the ACLR failure group was significantly steeper than the control group (3.5° ± 2.5° vs. 6.1° ± 2.1°, P = 0.000). Similarly, the lateral PTS of the ACLR failure group was significantly steeper than the control group (2.9° ± 2.1° vs. 5.5° ± 3.0°, P = 0.006). For medial PTS ≥ 5°, the odds ratio of ACLR failure was 6.8 (P = 0.007); for lateral PTS ≥5°, the odds ratio of ACLR failure was 10.8 (P = 0.000).\n\nQuestion: Are failures of anterior cruciate ligament reconstruction associated with steep posterior tibial slopes?\n\nAnswer the question with yes, no, or maybe.\nAnswer:\n	yes
Context: Evidence-based practice (EBP) is widely promoted, but does EBP produce better patient outcomes? We report a natural experiment when part of the internal medicine service in a hospital was reorganized in 2003 to form an EBP unit, the rest of the service remaining unchanged. The units attended similar patients until 2012 permitting comparisons of outcomes and activity. We used routinely collected statistics (2004-11) to compare the two different methods of practice and test whether patients being seen by the EBP unit differed from standard practice (SP) patients. Data were available by doctor and year. To check for differences between the EBP and SP doctors prior to reorganization, we used statistics from 2000 to 2003. We looked for changes in patient outcomes or activity following reorganization and whether the EBP unit was achieving significantly different results from SP. Data across the periods were combined and tested using Mann-Whitney test. No statistically significant differences in outcomes were detected between the EBP and the SP doctors prior to reorganization. Following the unit's establishment, the mortality of patients being treated by EBP doctors compared with their previous performance dropped from 7.4% to 6.3% (P < 0.02) and length of stay from 9.15 to 6.01 days (P = 0.002). No statistically significant improvements were seen in SP physicians' performance. No differences in the proportion of patients admitted or their complexity between the services were detected. Despite this, EBP patients had a clinically significantly lower risk of death 6.27% versus 7.75% (P < 0.001) and a shorter length of stay 6.01 versus 8.46 days (P < 0.001) than SP patients. Readmission rates were similar: 14.4% (EBP); 14.5% (SP). EBP doctors attended twice as many patients/doctor as SP doctors.\n\nQuestion: Does evidence-based practice improve patient outcomes?\n\nAnswer the question with yes, no, or maybe.\nAnswer:\n	yes
Context: Seroma is the most frequent complication in abdominoplasty. Some patients are more prone to develop this complication. Ultrasound is a well-known method with which to diagnose seroma in the abdominal wall. The purpose of this study was to verify the efficacy of the use of quilting suture to prevent seroma. Twenty-one female patients who presented with abdominal deformity type III/A according to the authors' classification of abdominal skin and myoaponeurotic deformity had undergone abdominoplasty. The selected patients should have had at least one of the following characteristics: body mass index greater than 25 kg/m; weight loss greater than 10 kg; previous incision in the supraumbilical region; or present thinning of the subcutaneous in the area above the umbilicus. Ultrasound was performed for every patient from 15 to 18 days after the operation to search for fluid collection in the abdominal wall. The average fluid collection found was 8.2 cc per patient. Only two patients underwent aspiration because ultrasound showed greater than 20 cc collected above the fascial layer. These patients did not present with recurrence of seroma after aspiration.\n\nQuestion: Does quilting suture prevent seroma in abdominoplasty?\n\nAnswer the question with yes, no, or maybe.\nAnswer:\n	yes
Context: To examine survival with and without a percutaneous endoscopic gastrostomy (PEG) feeding tube using rigorous methods to account for selection bias and to examine whether the timing of feeding tube insertion affected survival. Prospective cohort study. All U.S. nursing homes (NHs). Thirty-six thousand four hundred ninety-two NH residents with advanced cognitive impairment from dementia and new problems eating studied between 1999 and 2007. Survival after development of the need for eating assistance and feeding tube insertion. Of the 36,492 NH residents (88.4% white, mean age 84.9, 87.4% with one feeding tube risk factor), 1,957 (5.4%) had a feeding tube inserted within 1 year of developing eating problems. After multivariate analysis correcting for selection bias with propensity score weights, no difference was found in survival between the two groups (adjusted hazard ratio (AHR) = 1.03, 95% confidence interval (CI) = 0.94-1.13). In residents who were tube-fed, the timing of PEG tube insertion relative to the onset of eating problems was not associated with survival after feeding tube insertion (AHR = 1.01, 95% CI = 0.86-1.20, persons with a PEG tube inserted within 1 month of developing an eating problem versus later (4 months) insertion).\n\nQuestion: Does feeding tube insertion and its timing improve survival?\n\nAnswer the question with yes, no, or maybe.\nAnswer:\n	no
Context: Increased aortic stiffness is a independent risk factor of cardiovascular disease in patients with hypertension. Acute changes of the heart rate (HR) have been reported not to affect the aortic stiffness in pacing. However, it is unknown whether acute changes in HR caused by sympathomimetics can affect the aortic stiffness in patients with hypertension. We investigated the effect of acute changes in HR produced by isoproterenol on the aortic stiffness in 17 hypertensive patientss (mean age: 59 +/- 9 years). All vasoactive drugs were discontinued at least 3 days before the study. The carotid-to-femoral pulse wave velocity (PWV) was measured by the foot-to-foot method. The pulse waves were recorded at the baseline and at every increase of HR by 5 to 10 bpm with a gradual increase of the dose of isoproterenol. The blood pressures and HR were measured simultaneously. For the analysis, HR, PWV, compliance (C), and compliance index (Ci) were converted as percent changes (delta) from the baseline values. Percent changes of the parameters of the aortic stiffness, i.e., deltaPWV, deltaC, and deltaCi, were grouped by every 10% increase in deltaHR. There was no significant difference among groups in deltaPWV, deltaC and deltaCi (p>0.05 for each of the group). The regression analysis showed no significant correlation of deltaHR with deltaPWV and deltaC (r = 0.18, 0.13 respectively, p>0.05 for each). deltaCi had a poor correlation with deltaHR (r = 0.22, p<0.05). However, only 4.6% of deltaCi could be referred to deltaHR (r2 = 0.046).\n\nQuestion: Do acute changes in heart rate by isoproterenol affect aortic stiffness in patients with hypertension?\n\nAnswer the question with yes, no, or maybe.\nAnswer:\n	no
Context: We investigated the actual role of MRI versus arthroscopy in the detection and characterization of occult bone and/or cartilage injuries in patients with previous musculoskeletal trauma of the knee, pain and severe functional impairment. Occult post-traumatic osteochondral injuries of the knee are trauma-related bone and/or cartilage damage missed at plain radiography. We retrospectively selected 70 patients (men:women = 7:3; age range: 35 +/- 7 years) with a history of acute musculoskeletal trauma, negative conventional radiographs, pain and limited joint movements. All patients were submitted to conventional radiography, arthroscopy and MRI, the latter with 0.5 T units and T1-weighted SE. T2-weighted GE and FIR sequences with fat suppression. We identified three types of occult post-traumatic injuries by morpho-topographic and signal intensity patterns: bone bruises (no. 25), subchondral (no. 33) and osteochondral (no. 35) injuries. Arthroscopy depicted 45 osteochondral and 19 chondral injuries. A bone bruise was defined as a typical subcortical area of signal loss, with various shapes, on T1-weighted images and of increased signal intensity on T2-weighted and FIR images. The cortical bone and articular cartilage were normal in all cases, while osteochondral injuries exhibited associated bone and cartilage damage with the same abnormal MR signal intensity. Sprain was the mechanism of injury in 52 cases, bruise in 12 and stress in 6. In 52 sprains (30 in valgus), the injury site was the lateral compartment in 92.3% of cases (100% in valgus), associated with meniscal damage in 73% of cases (90% in valgus) and with ligament injury in 90.4% (100% in valgus). In 12 bruises, the injury site was the lateral compartment in 58.3% of cases, the knee cap in 25% and the medial compartment in 16.7%; meniscal damage was associated in 25% of cases and ligament damage in 8.3%. In 6 stress injuries, the injury site was localized in the medial tibial condyle in 80% of cases, while meniscal and ligament tears were absent.\n\nQuestion: "Occult" posttraumatic lesions of the knee: can magnetic resonance substitute for diagnostic arthroscopy?\n\nAnswer the question with yes, no, or maybe.\nAnswer:\n	yes
Context: The insertion/deletion (ID) polymorphism of the angiotensin-converting enzyme (ACE) gene has been associated with increased coronary heart disease (CHD), although the mechanism of this association is not apparent. We tested the hypothesis that the deletion allele of the ACE gene is associated with insulin resistance. We related ACE genotype to components of the insulin-resistance syndrome in 103 non-insulin-dependent diabetic (NIDDM) and 533 nondiabetic white subjects. NIDDM subjects with the DD genotype had significantly lower levels of specific insulin (DD 38.6, ID 57.1, and II 87.4 pmol.L-1 by ANOVA, P = .011). Non-insulin-treated subjects with the DD genotype had increased insulin sensitivity by HOMA % (DD 56.4%, II 29.4%, P = .027) and lower levels of des 31,32 proinsulin (DD 3.3, II 7.6 pmol.L-1, P = .012) compared with II subjects. There were no differences in prevalence of CHD or levels of blood pressure, serum lipids, or plasminogen activator inhibitor-1 (PAI-1) activity between the three ACE genotypes. In nondiabetic subjects there were no differences in insulin sensitivity, levels of insulin-like molecules, blood pressure, PAI-1, serum lipids, or CHD prevalence between the three ACE genotypes.\n\nQuestion: The insertion allele of the ACE gene I/D polymorphism. A candidate gene for insulin resistance?\n\nAnswer the question with yes, no, or maybe.\nAnswer:\n	no
Context: Sudden death in athletes can occur during sport activities and is presumably related to ventricular arrhythmias. To investigate the long-term follow-up ofathletes with ventricular arrhythmias during an exercise test. From a database of 56,462 athletes we identified 192 athletes (35 years old who had ventricular arrhythmias during an exercise test. Ninety athletes had>or =3 ventricular premature beats (VPB) (group A) and 102 athletes had ventricular couplets or non-sustained ventricular tachycardia during an exercise test (group B). A control group of 92 athletesfrom without ventricular arrhythmias was randomly seleclted from the database (group C). Of the 192 athletes 39 returnied for a repeat exercise test after a mean follow-up period of 70 +/- 25 months and they constitute the study population. Twelve athletes from group A, 21 fromgroup B and 6 from group C returned for a repeat exercise test. The athletes reached a significantly lower peak heart rate during their follow-up exercise test (P = 0.001). More athletes were engaged in competitive sports during their initialexercise test than in the follow-up test (P = 0.021). Most of theathletes who had VPB and/orventricular couplets and/or NSVT during their initial exercise test had far fewer ventricular arrhythmias in the follow-up exercise test (P = 0.001).\n\nQuestion: Do ventricular arrhythmias in athletes subside over time?\n\nAnswer the question with yes, no, or maybe.\nAnswer:\n	yes
Context: Ageing is a growing issue for people from UK black, Asian and minority ethnic (BAME) groups. The health experiences of these groups are recognised as a 'tracer' to measure success in end of life patient-preferred outcomes that includes place of death (PoD).AIM: To examine patterns in PoD among BAME groups who died of cancer. Mortality data for 93,375 cancer deaths of those aged ≥65 years in London from 2001-2010 were obtained from the UK Office for National Statistics (ONS). Decedent's country of birth was used as a proxy for ethnicity. Linear regression examined trends in place of death across the eight ethnic groups and Poisson regression examined the association between country of birth and place of death. 76% decedents were born in the UK, followed by Ireland (5.9%), Europe(5.4%) and Caribbean(4.3%). Most deaths(52.5%) occurred in hospital, followed by home(18.7%). During the study period, deaths in hospital declined with an increase in home deaths; trend for time analysis for those born in UK(0.50%/yr[0.36-0.64%]p<0.001), Europe (1.00%/yr[0.64-1.30%]p<0.001), Asia(1.09%/yr[0.94-1.20%]p<0.001) and Caribbean(1.03%/yr[0.72-1.30%]p<0.001). However, time consistent gaps across the geographical groups remained. Following adjustment hospital deaths were more likely for those born in Asia(Proportion ratio(PR)1.12[95%CI1.08-1.15]p<0.001) and Africa(PR 1.11[95%CI1.07-1.16]p<0.001). Hospice deaths were less likely for those born in Asia(PR 0.73 [0.68-0.80] p<0.001), Africa (PR 0.83[95%CI0.74-0.93]p<0.001), and 'other' geographical regions (PR0.90[95% 0.82-0.98]p<0.001). Home deaths were less likely for those born in the Caribbean(PR0.91[95%CI 0.85-0.98]p<0.001).\n\nQuestion: Does ethnicity affect where people with cancer die?\n\nAnswer the question with yes, no, or maybe.\nAnswer:\n	yes
Context: Poor bone quality and unstable fractures increase the cut-out rate in implants with gliding lag screws. The U-Blade (RC) lag screw for the Gamma3®nail was introduced to provide monoaxial rotational stability of the femoral head and neck fragment. The purpose of this study was to evaluate whether the use of the U-Blade (RC) lag screw is associated with reduced cut-out in patients with OTA/AO 31A1-3 fractures.MATERIAL & Between 2009 and 2014, 751 patients with OTA/AO 31A1-3 fractures were treated with a Gamma3®nail at our institution. Out of this sample 199 patients were treated with U-blade (RC) lag screws. A total of 135 patients (117 female, 18 male) with standard lag screw (treatment group A) were matched equally regarding age (±4 years) sex, fracture type and location to 135 patients with U-blade (RC) lag screw (treatment group B). Within a mean follow up of 9.2 months (range 6-18 months) we assessed the cut-out rate, the calTAD, lag screw migration, the Parker's mobility score and the Parker's ratio at postoperatively, six and 12 months following surgery. Furthermore we recorded all complications, ASA-Score, hospital stay and duration of surgery retrospectively. The most common fracture among group B with a cut-out of the lag screw were AO/OTA 2.3 and 3.2 fractures whereas in group A cut-out was most commonly seen in AO/OTA 2.1, 2.2 and 2.3 fractures, there was no significant reduction of the cut-out rate in group B 2.2% (n=3) compared to group A 3.7% (n=5). The duration of surgery was significantly shorter in group A (p<0.05). There was no significant difference in lag screw placement, the Parker's ratio and mobilization.\n\nQuestion: Does an additional antirotation U-Blade (RC) lag screw improve treatment of AO/OTA 31 A1-3 fractures with gamma 3 nail?\n\nAnswer the question with yes, no, or maybe.\nAnswer:\n	no
Context: Low intakes or blood levels of eicosapentaenoic and docosahexaenoic acids (EPA + DHA) are independently associated with increased risk of death from coronary heart disease (CHD). In randomized secondary prevention trials, fish or fish oil have been demonstrated to reduce total and CHD mortality at intakes of about 1 g/day. Red blood cell (RBC) fatty acid (FA) composition reflects long-term intake of EPA + DHA. We propose that the RBC EPA + DHA (hereafter called the Omega-3 Index) be considered a new risk factor for death from CHD. We conducted clinical and laboratory experiments to generate data necessary for the validation of the Omega-3 Index as a CHD risk predictor. The relationship between this putative marker and risk for CHD death, especially sudden cardiac death (SCD), was then evaluated in several published primary and secondary prevention studies. The Omega-3 Index was inversely associated with risk for CHD mortality. An Omega-3 Index of>or = 8% was associated with the greatest cardioprotection, whereas an index of<or = 4% was associated with the least.\n\nQuestion: The Omega-3 Index: a new risk factor for death from coronary heart disease?\n\nAnswer the question with yes, no, or maybe.\nAnswer:\n	yes
Context: Our aim in this study was to investigate whether mean platelet volume (MPV) value could be used as an early marker to predict pelvic inflammatory disease (PID). Overall, 44 patients with PID and 44 healthy women were included in the study. The control group consisted of 44 women who applied to the clinic for a routine gynaecological check-up, without chronic disease or a history of medication use. Owing to the fact that it would affect thrombocyte function, women who have the following conditions were excluded from the study: women who were taking anticoagulant therapy, oral contraceptives, nonsteroid anti-inflammatory medications and who had chronic diseases. The leukocyte count, platelet count, neutrophil ratio and MPV values were collected from PID and the control group. C reactive protein values of patients with PID were also noted. MPV values in patients with PID were lower than those in the control group. This reduction in MPV is statistically significant when the PID patient group is compared with the control group (p < 0.001). A negative correlation was discovered between platelet count and MPV values (p = 0.019, r = - 0.425). Receiver-operating curve analysis pointed out that MPV has greater area under curve value than neutrophil rate, leukocyte and platelet count (0.73, 0.64, 0.72 and 0.49 respectively).\n\nQuestion: May mean platelet volume levels be a predictor in the diagnosis of pelvic inflammatory disease?\n\nAnswer the question with yes, no, or maybe.\nAnswer:\n	yes
Context: To analyze the reliability of micro-computed tomography (micro-CT) to assess bone density and the microstructure of the maxillary bones at the alveolar process in human clinics by direct comparison with conventional stereologic-based histomorphometry. Analysis of osseous microstructural variables including bone volumetric density (BV/TV) of 39 biopsies from the maxillary alveolar bone was performed by micro-CT. Conventional stereologic-based histomorphometry of 10 bone biopsies was performed by optic microscopy (OM) and low-vacuum surface electronic microscopy (SEM). Percentages of bone between micro-CT and conventional stereologic-based histomorphometry were compared. Significant positive correlations were observed between BV/TV and the percentage of bone (%Bone) analyzed by SEM (r = 0.933, P < 0.001), by toluidine blue staining OM (r = 0.950, P < 0.001) and by dark field OM (r = 0.667, P = 0.05). The high positive correlation coefficient between BV/TV and trabecular thickness illustrates that a value of BV/TV upper than 50% squares with a bone presenting most of their trabecules thicker than 0.2 mm. The high negative correlation between BV/TV and trabecular separation shows that values of BV/TV upper than 50% squares with a bone presenting most of their trabecules separated less than 0.3 mm each other.\n\nQuestion: Is micro-computed tomography reliable to determine the microstructure of the maxillary alveolar bone?\n\nAnswer the question with yes, no, or maybe.\nAnswer:\n	yes
Context: To determine whether the use of hydrophilic guidewires has increased the technical success rate of peripheral percutaneous transluminal angioplasty (PTA).MATERIAL/ We performed 125 procedures and analyzed the technical success rates of PTA using the conventional guidewire first and then if needed, the hydrophilic guidewire for iliac and SFA stenoses or occlusions. Angioplasty was performed on 25 stenosed, 25 occluded iliac arteries and 25 stenosed, 50 occluded femoral arteries. The result was defined as technical success when the lesion was crossed by a guidewire and balloon, then it was dilated with restoration of vessel lumen and less than 30% residual stenosis and the rise in ABI values was at least 0.15 after 24 hours. The technical success rate after PTA of stenosed iliac arteries was achieved in 96% (24/25) using conventional wires and 100% using hydrophilic guidewire; in iliac occlusions, the rates were 60% (15/25) and 96%, respectively; in femoral stenosis - 84% (21/25) and 100%; in occlusions in the first group: lesions<10 cm -64% (16/25) and 96%, in the second group: lesions>10 cm -48% (12/25) and 88%. In the iliac group, there was no significant difference in the success of iliac stenosis PTA. However, there were significant changes in the success rates of PTA performed for SFA stenosis and iliac and SFA occlusions.\n\nQuestion: Does use of hydrophilic guidewires significantly improve technical success rates of peripheral PTA?\n\nAnswer the question with yes, no, or maybe.\nAnswer:\n	maybe
Context: There has been a significant spike in fentanyl-related deaths from illicit fentanyl supplied via the heroin trade. Past fentanyl access was primarily oral or dermal via prescription fentanyl patch diversion. One factor potentially driving this increase in fatalities is the change in route of administration. Rapid intravenous (IV) fentanyl can produce chest wall rigidity. We evaluated post-mortem fentanyl and norfentanyl concentrations in a recent surge of lethal fentanyl intoxications. Fentanyl related deaths from the Franklin County coroner's office from January to September 2015 were identified. Presumptive positive fentanyl results were confirmed by quantitative analysis using liquid chromatography tandem mass spectrometry (LC/MS/MS) and were able to quantify fentanyl, norfentanyl, alfentanyl, and sufentanyl. 48 fentanyl deaths were identified. Mean fentanyl concentrations were 12.5 ng/ml, (range 0.5 ng/ml to >40 ng/ml). Mean norfentanyl concentrations were 1.9 ng/ml (range none detected to 8.3 ng/ml). No appreciable concentrations of norfentanyl could be detected in 20 of 48 cases (42%) and were less than 1 ng/ml in 25 cases (52%). Elevated fentanyl concentrations did not correlate with rises in norfentanyl levels. In several cases fentanyl concentrations were strikingly high (22 ng/ml and 20 ng/ml) with no norfentanyl detected. The lack of any measurable norfentanyl in half of our cases suggests a very rapid death, consistent with acute chest rigidity. An alternate explanation could be a dose-related rapid onset of respiratory arrest. Deaths occurred with low levels of fentanyl in the therapeutic range (1-2 ng/ml) in apparent non-naïve opiate abusers. Acute chest wall rigidity is a well-recognized complication in the medical community but unknown within the drug abuse community. The average abuser of illicit opioids may be unaware of the increasing fentanyl content of their illicit opioid purchase.\n\nQuestion: Could chest wall rigidity be a factor in rapid death from illicit fentanyl abuse?\n\nAnswer the question with yes, no, or maybe.\nAnswer:\n	yes
Context: Severe, immediate postprocedural pain and the need for analgesics after vertebroplasty can be a discouraging experience for patients and caregivers. The goal of this study was to investigate whether the presence of severe pain immediately after vertebroplasty predicts short- and long-term pain relief. A chart review was performed to categorize patients regarding pain severity and analgesic usage immediately after vertebroplasty (<4 h). "Severe" pain was defined as at least 8 of 10 with the 10-point VAS. Outcomes were pain severity and pain medication score and usage at 1 month and 1 year after vertebroplasty. Outcomes and clinical characteristics were compared between groups by using the Wilcoxon signed-rank test and the Fisher exact test. Of the 429 vertebroplasty procedures identified, 69 (16%) were associated with severe pain, and 133 (31%) were associated with analgesic administration immediately after the procedure. The group experiencing severe pain had higher preprocedure median VAS rest pain scores (5 [IQR, 2-7]) and activitypain scores (10 [IQR, 8-10]) compared with patients who did not experience severe pain (3 [IQR, 1-6]; P = .0208, and 8 [IQR, 7-10]; P = .0263, respectively). At 1 month postprocedure, VAS rest and activity pain scores were similar between the severe pain group and the nonsevere pain group (P = .16 and P = .25, respectively) and between the group receiving pain medication and the group not receiving pain medication (P = .25 and P = .67, respectively). This similarity continued for 1 year after the procedure. Analgesic usage was similar among all groups at 1 year postprocedure.\n\nQuestion: Is severe pain immediately after spinal augmentation a predictor of long-term outcomes?\n\nAnswer the question with yes, no, or maybe.\nAnswer:\n	no
Context: The aim of this study was to determine whether bone scans (BS) can be avoided if pelvis was included in CT thorax and abdomen to detect bony metastases from breast cancer. Results of 77 pairs of CT (thorax, abdomen, and pelvis) and BS in newly diagnosed patients with metastatic breast cancer (MBC) were compared prospectively for 12 months. Both scans were blindly assessed by experienced radiologists and discussed at multidisciplinary team meetings regarding the diagnosis of bone metastases. CT detected metastatic bone lesions in 43 (98%) of 44 patients with bone metastases. The remaining patient had a solitary, asymptomatic bony metastasis in shaft of femur. BS was positive in all patients with bone metastases. There were 11 cases of false positive findings on BS.\n\nQuestion: Can computerised tomography replace bone scintigraphy in detecting bone metastases from breast cancer?\n\nAnswer the question with yes, no, or maybe.\nAnswer:\n	yes
Context: Childhood obesity is pandemic condition. The effect of obesity on trauma outcomes in children has been relatively understudied. We conducted this study to ascertain the effects of obesity on the hospital outcome of injured children. A retrospective cohort study of patients aged 2 to 18 years admitted to the King Abdul Aziz Medical City between May 2001 and May 2009 was conducted. Patients were categorized as lean (body mass index<95th percentile) and obese (body mass index ≥ 95th percentile). Groups were compared regarding admission demographics, mechanism of injury, pattern of injury, length of stay, intensive care unit admission, ventilation duration, types of procedures performed, injury severity score, and mortality. Nine hundred thirty-three patients were included, of those 55 (5.89%) children were obese. The obese children were older than nonobese (P = .001) and had a higher injury severity score (P = .001) and a lower pediatric trauma score (P = .00), heart rate (P = .0081), and respiratory rate (P = .000). There were no differences between groups with regard to sex, mechanism of injury, and surgical procedures. Obese children were more likely to have rib fractures (P = .02) and pelvic injuries (P = .033). There was no significant association between mortality and obesity (P = .42).\n\nQuestion: Does obesity impact the pattern and outcome of trauma in children?\n\nAnswer the question with yes, no, or maybe.\nAnswer:\n	no
Context: Esophageal varices are present in 30% to 40% of patients in compensated cirrhosis (Child-Pugh class A) and in 60% to 85% of patients in decompensated cirrhosis (Child-Pugh classes B and C). It is important to identify patients with compensated cirrhosis at risk for esophageal varix development. We evaluated the accuracy of a duplex Doppler ultrasonographic index for predicting the presence or absence of esophageal varices in patients with compensated hepatic cirrhosis (Child-Pugh class A) by using endoscopy as the reference standard. Fifty-six enrolled patients underwent duplex Doppler ultrasonography followed by screening endoscopy. Mean portal vein velocity (PVV), splenic index (SI), splenoportal index (SPI), hepatic and splenic arterial resistive, and pulsatility indices (hepatic artery resistive index [HARI], hepatic artery pulsatility index [HAPI], splenic artery resistive index [SARI], splenic artery pulsatility index [SAPI]) were recorded. Univariate logistic regression analysis was followed by receiver operating characteristic (ROC) curve construction for the indices that were significant. The indices HARI, HAPI, SARI, SAPI were not helpful (p > 0.05). Mean PVV, SI, and SPI were all predictive of the presence of esophageal varices (p < 0.05) and SPI was found to be the most accurate parameter. Of the various cut-off levels of SPI evaluated, a cut-off value of SPI at 5.0, offered the highest diagnostic accuracy (88%). For the 28 patients with SPI<5.0, the absence of esophageal varices in 27 of them could be correctly diagnosed using only SPI without invasive screening endoscopy, with high negative predictive value (96%) and sensitivity (96%). Of the remaining 28 patients with SPI ≥5.0, presence of esophageal varices could be similarly correctly diagnosed in 22 of them by using SPI without screening endoscopy, with high positive predictive value (79%) and specificity (82%).\n\nQuestion: Is non-invasive diagnosis of esophageal varices in patients with compensated hepatic cirrhosis possible by duplex Doppler ultrasonography?\n\nAnswer the question with yes, no, or maybe.\nAnswer:\n	yes
Context: Fluorodeoxyglucose (FDG) has been reported as a surrogate tracer to measure tumor hypoxia with positron emission tomography (PET). The hypothesis is that there is an increased uptake of FDG under hypoxic conditions secondary to enhanced glycolysis, compensating the hypoxia-induced loss of cellular energy production. Several studies have already addressed this issue, some with conflicting results. This study aimed to compare the tracers (14)C-EF3 and (18)F-FDG to detect hypoxia in mouse tumor models. C3H, tumor-bearing mice (FSAII and SCCVII tumors) were injected iv with (14)C-EF3, and 1h later with (18)F-FDG. Using a specifically designed immobilization device with fiducial markers, PET (Mosaic®, Philips) images were acquired 1h after the FDG injection. After imaging, the device containing mouse was frozen, transversally sliced and imaged with autoradiography (AR) (FLA-5100, Fujifilm) to obtain high resolution images of the (18)F-FDG distribution within the tumor area. After a 48-h delay allowing for (18)F decay a second AR was performed to image (14)C-EF3 distribution. AR images were aligned to reconstruct the full 3D tumor volume, and were compared with the PET images. Image segmentation with threshold-based methods was applied on both AR and PET images to derive various tracer activity volumes. The matching index DSI (dice similarity index) was then computed. The comparison was performed under normoxic (ambient air n=4, SCCVII, n=5) and under hypoxic conditions (10% O(2) breathing n=4). On AR, under both ambient air and hypoxic conditions, there was a decreasing similarity between (14)C-EF3 and FDG with higher activity sub-volumes. Under normoxic conditions, when comparing the 10% of tumor voxels with the highest (18)F-FDG or (14)C-EF3 activity, a DSI of 0.24 and 0.20 was found for FSAII and SCCVII, respectively. Under hypoxic conditions, a DSI of 0.36 was observed for SCCVII tumors. When comparing the (14)C-EF3 distribution in AR with the corresponding (18)F-FDG-PET images, the DSI reached values of 0.26, 0.22 and 0.21 for FSAII and SCCVII under normoxia and SCCVII under hypoxia, respectively.\n\nQuestion: Is (18)F-FDG a surrogate tracer to measure tumor hypoxia?\n\nAnswer the question with yes, no, or maybe.\nAnswer:\n	no
Context: Using high-quality CT-on-rails imaging, the daily motion of the prostate bed clinical target volume (PB-CTV) based on consensus Radiation Therapy Oncology Group (RTOG) definitions (instead of surgical clips/fiducials) was studied. It was assessed whether PB motion in the superior portion of PB-CTV (SUP-CTV) differed from the inferior PB-CTV (INF-CTV). Eight pT2-3bN0-1M0 patients underwent postprostatectomy intensity-modulated radiotherapy, totaling 300 fractions. INF-CTV and SUP-CTV were defined as PB-CTV located inferior and superior to the superior border of the pubic symphysis, respectively. Daily pretreatment CT-on-rails images were compared to the planning CT in the left-right (LR), superoinferior (SI), and anteroposterior (AP) directions. Two parameters were defined: "total PB-CTV motion" represented total shifts from skin tattoos to RTOG-defined anatomic areas; "PB-CTV target motion" (performed for both SUP-CTV and INF-CTV) represented shifts from bone to RTOG-defined anatomic areas (i. e., subtracting shifts from skin tattoos to bone). Mean (± standard deviation, SD) total PB-CTV motion was -1.5 (± 6.0), 1.3 (± 4.5), and 3.7 (± 5.7) mm in LR, SI, and AP directions, respectively. Mean (± SD) PB-CTV target motion was 0.2 (±1.4), 0.3 (±2.4), and 0 (±3.1) mm in the LR, SI, and AP directions, respectively. Mean (± SD) INF-CTV target motion was 0.1 (± 2.8), 0.5 (± 2.2), and 0.2 (± 2.5) mm, and SUP-CTV target motion was 0.3 (± 1.8), 0.5 (± 2.3), and 0 (± 5.0) mm in LR, SI, and AP directions, respectively. No statistically significant differences between INF-CTV and SUP-CTV motion were present in any direction.\n\nQuestion: Prostate bed target interfractional motion using RTOG consensus definitions and daily CT on rails : Does target motion differ between superior and inferior portions of the clinical target volume?\n\nAnswer the question with yes, no, or maybe.\nAnswer:\n	no
Context: Identifying eating behaviors which contribute to excess weight gain will inform obesity prevention strategies. A tendency to clear one's plate when eating may be a risk factor for obesity in an environment where food is plentiful. Whether plate clearing is associated with increased body weight in a cohort of US participants was examined. Nine hundred and ninety-three US adults (60% male, 80% American European, mean age=31 years) completed self-report measures of habitual plate clearing together with behavioral and demographic characteristics known to be associated with obesity. Plate clearing tendencies were positively associated with BMI and remained so after accounting for a large number of other demographic and behavioral predictors of BMI in analyses (β=0.18, 95% CIs=0.07, 0.29, P<0.001); an increased tendency to plate clear was associated with a significantly higher body weight.\n\nQuestion: Is plate clearing a risk factor for obesity?\n\nAnswer the question with yes, no, or maybe.\nAnswer:\n	yes
Context: To report the outcomes of surgical treatment of lower limb fractures in patients with chronic spinal cord injuries. A total of 37 lower limb fractures were treated from 2003 to 2010, of which 25 fractures were treated surgically and 12 orthopaedically. Patients of the surgical group had better clinical results, range of motion, bone consolidation, and less pressure ulcers and radiological misalignment. No differences were detected between groups in terms of pain, hospital stay, and medical complications. There is no currently consensus regarding the management of lower limb fractures in patients with chronic spinal cord injuries, but the trend has been conservative treatment due to the high rate of complications in surgical treatment.\n\nQuestion: Should lower limb fractures be treated surgically in patients with chronic spinal injuries?\n\nAnswer the question with yes, no, or maybe.\nAnswer:\n	yes
Context: Rebound acid hypersecretion might occur after treatment with proton pump inhibitors. This study looks for a rebound aggravation of symptoms after short-term treatment with lansoprazole.STUDY: Sixty-two patients (19 men and 43 women; mean age, 54 years; range, 32-77 years) with heartburn and regurgitation and normal upper endoscopy findings were studied in a randomized, double-blind, placebo-controlled trial with a crossover design. There were two 5-day treatment periods with lansoprazole 60 mg once daily or placebo in random order, separated by a 9-day washout period. Reflux, total, and antacid scores were calculated for each of the treatment periods. Higher scores during the placebo period in the group given lansoprazole first than in the group given placebo first indicated a rebound aggravation of symptoms. The mean symptom scores during the placebo period in the groups given lansoprazole first and placebo first were as follows: reflux score, 21.5 and 17.6, respectively (not significant); total score, 11.2 and 10.3, respectively (not significant); and antacid score, 8.2 and 7.2, respectively (not significant).\n\nQuestion: Does short-term treatment with proton pump inhibitors cause rebound aggravation of symptoms?\n\nAnswer the question with yes, no, or maybe.\nAnswer:\n	no
Context: To determine whether volunteer family physician reports of the frequency of influenza-like illness (ILI) usefully supplement information from other influenza surveillance systems conducted by the Centers for Disease Control and Prevention. Evaluation of physician reports from five influenza surveillance seasons (1987-88 through 1991-92). Family physician office practices in all regions of the United States. An average of 140 physicians during each of five influenza seasons. None. An office visit or hospitalization of a patient for ILI, defined as presence of fever (temperature>or = 37.8 degrees C) and cough, sore throat, or myalgia, along with the physician's clinical judgment of influenza. A subset of physicians collected specimens for confirmation of influenza virus by culture. Physicians attributed 81,408 (5%) of 1,672,542 office visits to ILI; 2754 (3%) patients with ILI were hospitalized. Persons 65 years of age and older accounted for 11% of visits for ILI and 43% of hospitalizations for ILI. In three of five seasons, physicians obtained influenza virus isolates from a greater proportion of specimens compared with those processed by World Health Organization laboratories (36% vs 12%). Influenza virus isolates from sentinel physicians peaked from 1 to 4 weeks earlier than those reported by World Health Organization laboratories. Physicians reported peak morbidity 1 to 4 weeks earlier than state and territorial health departments in four of five seasons and 2 to 5 weeks earlier than peak mortality reported by 121 cities during seasons with excess mortality associated with pneumonia and influenza.\n\nQuestion: Do family physicians make good sentinels for influenza?\n\nAnswer the question with yes, no, or maybe.\nAnswer:\n	yes
Context: We investigated the role of surgical ablation targeting the autonomous nervous system during a Cox-Maze IV procedure in the maintenance of sinus rhythm at long-term follow-up. The patient population consisted of 519 subjects with persistent or long-standing persistent atrial fibrillation (AF) undergoing radiofrequency Maze IV during open heart surgery between January 2006 and July 2013 at three institutions without (Group 1) or with (Group 2) ganglionated plexi (GP) ablation. Recurrence of atrial fibrillation off-antiarrhythmic drugs was the primary outcome. Predictors of AF recurrence were evaluated by means of competing risk regression. Median follow-up was 36.7 months. The percentage of patients in normal sinus rhythm (NSR) off-antiarrhythmic drugs did not differ between groups (Group 1-75.5%, Group 2-67.8%, p = 0.08). Duration of AF ≥ 38 months (p = 0.01), left atrial diameter ≥ 54 mm (0.001), left atrial area ≥ 33 cm(2) (p = 0.005), absence of connecting lesions (p= 0.04), and absence of right atrial ablation (p<0.001) were independently associated with high incidence of AF recurrence. In contrast the absence of GP ablation was not a significant factor (p = 0.12).\n\nQuestion: Is ganglionated plexi ablation during Maze IV procedure beneficial for postoperative long-term stable sinus rhythm?\n\nAnswer the question with yes, no, or maybe.\nAnswer:\n	no
Context: To determine the association between fetal biometry in the first or early second trimester and severe macrosomia at delivery. This case-control study included 30 term severely macrosomic neonates; 90 appropriate-for-gestational age (AGA) neonates served as controls. All pregnancies underwent nuchal translucency (NT) screening at 11-14 weeks' gestation. Pregnancies were dated by accurate last menstrual period consistent with crown-rump length (CRL) measurements at the time of screening, early pregnancy CRL or date of fertilization. The association between birth weight and the difference between the measured and the expected CRL at the time of NT screening was analyzed. The difference between measured and expected CRL, expressed both in mm and in days of gestation, was statistically greater in the severely macrosomic neonates compared with controls (mean, 6.66 +/- 4.78 mm vs. 1.17 +/- 4.6 mm, P<0.0001 and 3 +/- 2.2 days vs. 0.5 +/- 2.3 days, P<0.0001, respectively). Furthermore, there were significant correlations between the extent of macrosomia and the discrepancy between expected and measured fetal size at the time of NT screening (r = 0.47, P<0.01 and r = 0.48, P<0.01, respectively).\n\nQuestion: Is severe macrosomia manifested at 11-14 weeks of gestation?\n\nAnswer the question with yes, no, or maybe.\nAnswer:\n	yes
Context: To determine the advantages of scrotal incision in the treatment of undescended testis. Undescended testis is a common pediatric condition and is conventionally managed surgically by orchidopexy. A single scrotal incision orchidopexy has become accepted as a valid approach for patients with palpable undescended testicles. Because this approach also allows easy detection of atrophic testes or testicular remnants, it recently has also emerged as an alternative initial surgical approach to impalpable undescended testicles. All orchidopexies performed between 2004 and 2008 at our university hospital were prospectively included in this study. A total of 194 scrotal orchidopexies were performed in 154 patients (mean age, 71 months; range, 4-229 months). In all cases a scrotal approach was chosen irrespective of the initial position or presence of an open processus vaginalis. Testicular position was examined at follow-up after a mean period of 10 months (3-22 months). Overall, 36 of the 46 impalpable testicles (78%) could be diagnosed and treated accordingly, using only a scrotal incision. Conversion to laparoscopy was needed in 4 cases. A limited number of postoperative complications were seen. In all cases, the testes were palpable and remained in the scrotum on follow-up.\n\nQuestion: Scrotal approach to both palpable and impalpable undescended testes: should it become our first choice?\n\nAnswer the question with yes, no, or maybe.\nAnswer:\n	yes
Context: The aim of this study was to analyze the contribution of the double-balloon enteroscopy (DBE) for diagnosis of the small bowel disorders. Forty-four patients (20 women, 24 men; mean age 53.5 years-old, range 21-89 years) with chronic gastrointestinal bleeding, diarrhea, polyposis, weight-loss, Roux-en-Y surgery, and other indications underwent DBE. Twenty patients had occult or obscure gastrointestinal bleeding. The source of bleeding was identified in 15/20 (75%): multiple angiodysplasias in four, arterial-venous malformation beyond the ligament of Treitz in two that could be treated with injection successfully. Other diagnoses included: duodenal adenocarcinoma, jejunal tuberculosis, erosions and ulcer of the jejunum. Of 24 patients with other indications, the diagnosis could be achieved in 18 of them (75%), including: two lymphomas, plasmocytoma, Gardner's syndrome, Peutz-Jeghers' syndrome, familial adenomatous polyposis, Behçet's disease, jejunal submucosal lesion, lymphangiectasia due to blastomycosis and unspecific chronic jejunitis. Of three cases with Roux-en-Y reconstruction, two underwent DBE in order to perform biopsies of the excluded duodenum. Additionally, two patients underwent DBE to exclude Crohn's disease and lymphoma of the small bowel. The mean length of small bowel examination was 240 +/- 50 cm during a single approach. The diagnostic yield was 75% (33/44 cases) and therapeutic yield was 63.6%. No major complications were observed, only minor complication such as sore throat in 4/44 (9.1%).\n\nQuestion: Is double-balloon enteroscopy an accurate method to diagnose small-bowel disorders?\n\nAnswer the question with yes, no, or maybe.\nAnswer:\n	yes
Context: To investigate the relevance of the Symptom Checklist 90-R Obsessive-Compulsive subscale to cognition in individuals with brain tumor. A prospective study of patients assessed with a neuropsychological test battery. A university medical center. Nineteen adults with biopsy-confirmed diagnoses of malignant brain tumors were assessed prior to aggressive chemotherapy. Included in the assessment were the Mattis Dementia Rating Scale, California Verbal Learning Test, Trail Making Test B, Symptom Checklist 90-R, Mood Assessment Scale, Beck Anxiety Inventory, and Chronic Illness Problem Inventory. The SCL 90-R Obsessive-Compulsive subscale was not related to objective measures of attention, verbal memory, or age. It was related significantly to symptoms of depression (r = .81, P<.005), anxiety (r = .66, P<.005), and subjective complaints of memory problems (r = .75, P<.005). Multivariate analyses indicated that reported symptoms of depression contributed 66% of the variance in predicting SCL 90-R Obsessive-Compulsive Scores, whereas symptoms of anxiety contributed an additional 6% (P<.0001).\n\nQuestion: Does the SCL 90-R obsessive-compulsive dimension identify cognitive impairments?\n\nAnswer the question with yes, no, or maybe.\nAnswer:\n	yes
Context: The purpose of this study was to evaluate the clinical usefulness of a fetal anatomic survey on follow-up antepartum sonograms. A retrospective follow-up study was conducted at a low-risk maternity clinic from July 1, 2005, to June 30, 2006. Eligible women had at least 1 prior sonographic examination beyond 18 weeks' gestation with a complete and normal fetal anatomic assessment and at least 1 follow-up sonogram. Full fetal anatomic surveys were performed on all follow-up sonograms regardless of the indication. Neonatal charts were reviewed for those patients whose follow-up sonograms revealed unanticipated fetal anomalies. Neonatal intervention was defined as surgical or medical therapy or arranged subspecialty follow-up specifically for the suspected fetal anomaly. Of a total of 4269 sonographic examinations performed, 437 (10.2%) were follow-up studies. Of these, 101 (23.1%) were excluded because the initial sonogram revealed a suspected fetal anomaly, and 42 (9.8%) were excluded for other reasons. Of the remaining 294 women, 21 (7.1%) had an unanticipated fetal anomaly, most often renal pyelectasis. Compared with follow-up sonography for other reasons, repeated sonography for fetal growth evaluation yielded a higher incidence of unexpected fetal anomalies: 15 (12.3%) of 122 versus 6 (3.5%) of 172 (P = .01). When compared with the neonates in the nongrowth indications group, those neonates whose mothers had sonographic examinations for fetal growth had a higher rate of neonatal interventions: 6 (40.0%) of 15 versus 0 (0%) of 6 (P = .04).\n\nQuestion: Is fetal anatomic assessment on follow-up antepartum sonograms clinically useful?\n\nAnswer the question with yes, no, or maybe.\nAnswer:\n	yes
Context: Polio eradication is now feasible after removal of Nigeria from the list of endemic countries and global reduction of cases of wild polio virus in 2015 by more than 80%. However, all countries must remain focused to achieve eradication. In August 2015, the Catholic bishops in Kenya called for boycott of a polio vaccination campaign citing safety concerns with the polio vaccine. We conducted a survey to establish if the coverage was affected by the boycott. A cross sectional survey was conducted in all the 32 counties that participated in the campaign. A total of 90,157 children and 37,732 parents/guardians were sampled to determine the vaccination coverage and reasons for missed vaccination. The national vaccination coverage was 93% compared to 94% in the November 2014 campaign. The proportion of parents/guardians that belonged to Catholic Church was 31% compared to 7% of the children who were missed. Reasons for missed vaccination included house not being visited (44%), children not being at home at time of visit (38%), refusal by parents (12%), children being as leep (1%), and various other reasons (5%). Compared to the November 2014 campaign, the proportion of children who were not vaccinated due to parent's refusal significantly increased from 6% to 12% in August 2015.\n\nQuestion: Did the call for boycott by the Catholic bishops affect the polio vaccination coverage in Kenya in 2015?\n\nAnswer the question with yes, no, or maybe.\nAnswer:\n	no
Context: Obstructive sleep apnea (OSA) is tightly linked to increased cardiovascular disease. Surgery is an important method to treat OSA, but its effect on serum lipid levels in OSA patients is unknown. We aimed to evaluate the effect of upper airway surgery on lipid profiles. We performed a retrospective review of 113 adult patients with OSA who underwent surgery (nasal or uvulopalatopharyngoplasty [UPPP]) at a major, urban, academic hospital in Beijing from 2012 to 2013 who had preoperative and postoperative serum lipid profiles. Serum TC (4.86±0.74 to 4.69±0.71) and LP(a) (median 18.50 to 10.90) all decreased significantly post-operatively (P<0.01, 0.01, respectively), with no changes in serum HDL, LDL, or TG (P>0.05, all). For UPPP patients (n=51), serum TC, HDL and LP(a) improved (P=0.01, 0.01,<0.01, respectively). For nasal patients (n=62), only the serum LP(a) decreased (P<0.01). In patients with normal serum lipids at baseline, only serum LP(a) decreased (P<0.01). In contrast, in patients with isolated hypertriglyceridemia, the serum HDL, TG and LP(a) showed significant improvements (P=0.02, 0.03,<0.01, respectively). In patients with isolated hypercholesterolemia, the serum LP(a) decreased significantly (P=0.01), with a similar trend for serum TC (P=0.06). In patients with mixed hyperlipidemia, the serum TC and LDL also decreased (P=0.02, 0.03, respectively).\n\nQuestion: Does airway surgery lower serum lipid levels in obstructive sleep apnea patients?\n\nAnswer the question with yes, no, or maybe.\nAnswer:\n	yes
Context: Associations between several psychopathological alterations and lowered beta-endorphin(beta E) plasma levels have already been stated in former studies. However, whereas single measures during static conditions generally failed in linking beta E levels with psychopathology, dynamic changes of beta E in particular have been shown to be associated with spells of anxiety and depression. During alcohol withdrawal, a decreased secretion of beta E with a delayed normalization has been reported, but up to now only few data became available regarding the interaction of plasma beta E and psychopathological parameters. The aim of our study was to test the hypothesis whether beta E during acute alcohol withdrawal is associated with anxiety, depression, and craving. We observed self-rated anxiety, depression, and craving during alcohol withdrawal and assessed beta E levels (RIA) in a consecutive sample of 60 alcoholics on day 1 and day 14 after onset of withdrawal, and in 30 healthy volunteers. To control for mutual interactions of beta E and the pituitary-adrenocortical hormone secretion, plasma corticotropin (ACTH) and cortisol were also determined. In accordance with prior studies, beta E was significantly lowered on day 1 and day 14 of alcohol withdrawal relative to controls. Plasma levels of ACTH correlated significantly with beta E in alcoholics at both time points and in controls, without differing significantly between the groups. Self-rated anxiety, depression, and alcohol craving decreased significantly between day 1 and day 14. Levels of beta E were inversely correlated with anxiety day 1 (r=-0.58) and day 14 (r=-0.71). Partial correlation coefficients controlling for ACTH plasma levels revealed that this correlation was largely independent from ACTH. In addition, a significant inverse relationship was found between beta E and craving on day 14 (r=-0.28). No association appeared between beta E and depression.\n\nQuestion: Is withdrawal-induced anxiety in alcoholism based on beta-endorphin deficiency?\n\nAnswer the question with yes, no, or maybe.\nAnswer:\n	yes
Context: To determine whether spectral Doppler measurements obtained from bilateral uterine, arcuate, radial, and spiral arteries in early gestation correlate with adverse pregnancy outcome. One hundred five pregnant women underwent transvaginal Doppler sonographic examination of uteroplacental circulation at 6-12 weeks' gestation. Resistance index (RI) and pulsatility index (PI) of bilateral uterine, arcuate, radial, and spiral arteries were measured. Diameters of gestational sac (GS) and yolk sac, crown-rump length (CRL), GS-CRL difference, and GS/CRL ratio were also recorded. Correlation was made with pregnancy outcome. Sixteen women developed adverse pregnancy outcome. In these women, right uterine artery PI and RI were significantly higher than in women with normal obstetrical outcome. Spiral artery PI and RI values were also higher, but the difference was not statistically significant. GS-CRL difference, GS/CRL ratio, and yolk sac diameters were significantly lower in this group.\n\nQuestion: Doppler examination of uteroplacental circulation in early pregnancy: can it predict adverse outcome?\n\nAnswer the question with yes, no, or maybe.\nAnswer:\n	yes
Context: Rates of active travel vary by socio-economic position, with higher rates generally observed among less affluent populations. Aspects of both social and built environments have been shown to affect active travel, but little research has explored the influence of physical environmental characteristics, and less has examined whether physical environment affects socio-economic inequality in active travel. This study explored income-related differences in active travel in relation to multiple physical environmental characteristics including air pollution, climate and levels of green space, in urban areas across England. We hypothesised that any gradient in the relationship between income and active travel would be least pronounced in the least physically environmentally-deprived areas where higher income populations may be more likely to choose active transport as a means of travel. Adults aged 16+ living in urban areas (n = 20,146) were selected from the 2002 and 2003 waves of the UK National Travel Survey. The mode of all short non-recreational trips undertaken by the sample was identified (n = 205,673). Three-level binary logistic regression models were used to explore how associations between the trip being active (by bike/walking) and three income groups, varied by level of multiple physical environmental deprivation. Likelihood of making an active trip among the lowest income group appeared unaffected by physical environmental deprivation; 15.4% of their non-recreational trips were active in both the least and most environmentally-deprived areas. The income-related gradient in making active trips remained steep in the least environmentally-deprived areas because those in the highest income groups were markedly less likely to choose active travel when physical environment was 'good', compared to those on the lowest incomes (OR = 0.44, 95% CI = 0.22 to 0.89).\n\nQuestion: Are income-related differences in active travel associated with physical environmental characteristics?\n\nAnswer the question with yes, no, or maybe.\nAnswer:\n	no
Context: To investigate polysomnographic and anthropomorphic factors predicting need of high optimal continuous positive airway pressure (CPAP). Retrospective data analysis. Three hundred fifty-three consecutive obstructive sleep apnea (OSA) patients who had a successful manual CPAP titration in our sleep disorders unit. The mean optimal CPAP was 9.5 +/- 2.4 cm H2O. The optimal CPAP pressure increases with an increase in OSA severity from 7.79 +/- 2.2 in the mild, to 8.7 +/- 1.8 in the moderate, and to 10.1 +/- 2.3 cm H2O in the severe OSA group. A high CPAP was defined as the mean + 1 standard deviation (SD;>or =12 cm H2O). The predictor variables included apnea-hypopnea index (AHI), age, sex, body mass index (BMI), Epworth Sleepiness Scale (ESS), and the Multiple Sleep Latency Test (MSLT). High CPAP was required in 2 (6.9%), 6 (5.8%), and 63 (28.6%) patients with mild, moderate, and severe OSA, respectively. On univariate analysis, AHI, BMI, ESS score, and the proportion of males were significantly higher in those needing high CPAP. They also have a lower MSLT mean. On logistic regression, the use of high CPAP was 5.90 times more frequent (95% confidence interval 2.67-13.1) in severe OSA patients after adjustment for the other variables. The area under the receiver operator curve was 72.4%, showing that the model was adequate.\n\nQuestion: Does the severity of obstructive sleep apnea predict patients requiring high continuous positive airway pressure?\n\nAnswer the question with yes, no, or maybe.\nAnswer:\n	maybe
Context: Acute pancreatitis is the major complication of endoscopic retrograde cholangiopancreatography (ERCP) procedure and there are some reports showing cytokine changes in ERCP-induced pancreatits.GOALS: To investigate the association between early changes (within 24 hours) in the serum interleukin (IL)-2, IL-4, tumor necrosis factor (TNF)alpha, and IL-6 levels and the development of post-ERCP pancreatitis.STUDY: Forty five consecutive patients who underwent therapeutic ERCP and 10 patients with acute pancreatitis without ERCP were enrolled to the study. Serum concentrations of IL-2, IL-4, TNFalpha, and IL-6 were determined immediately before, 12 hours and 24 hours after ERCP. Seven of the 45 patients (15.5%) developed post-ERCP pancreatitis. The levels of IL-4 at 24 hours after ERCP were significantly lower in the patients with post-ERCP pancreatitis than in those without pancreatitis, while TNFalpha levels at 12 hours after ERCP were higher in the complicated group than those of the uncomplicated group. The ratios of TNFalpha/IL-4 at 12 and 24 hours after ERCP were found significantly higher in the patients with post-ERCP pancreatitis than in those without pancreatitis. IL-6 in the complicated patients was found significantly increased at 24 hours after ERCP.\n\nQuestion: Do the changes in the serum levels of IL-2, IL-4, TNFalpha, and IL-6 reflect the inflammatory activity in the patients with post-ERCP pancreatitis?\n\nAnswer the question with yes, no, or maybe.\nAnswer:\n	yes
Context: Platelet count is inversely related to prognosis in many cancers; however, its role in esophageal cancer is still controversial. The purpose of this study was to determine the prognostic value of preoperative platelet count in esophageal squamous cell carcinoma (ESCC). From January 2006 to December 2008, a retrospective analysis of 425 consecutive patients with ESCC was conducted. A receiver operating characteristic (ROC) curve for survival prediction was plotted to verify the optimum cutoff point for preoperative platelet count. Univariate and multivariate analyses were performed to evaluate the prognostic parameters. A ROC curve for survival prediction was plotted to verify the optimum cutoff point for platelet count, which was 205 (× 10(9)/L). Patients with platelet count ≤ 205 had a significantly better 5-year survival than patients with a platelet count>205 (60.7 vs. 31.6 %, P<0.001). The 5-year survival of patients either with platelet count ≤ 205 or>205 were similar (68.6 vs. 58.8 %, P = 0.085) when the nodes were negative. However, the 5-year survival of patients with platelet count ≤ 205 was better than that of patients with a platelet count>205 when the nodes were involved (32.0 vs. 12.7 %, P = 0.004). Multivariate analysis showed that platelet count (P = 0.013), T grade (P = 0.017), and N staging (P<0.001) were independent prognostic factors.\n\nQuestion: Preoperative platelet count in esophageal squamous cell carcinoma: is it a prognostic factor?\n\nAnswer the question with yes, no, or maybe.\nAnswer:\n	yes
Context: In recent years the role of trace elements in lithogenesis has received steadily increasing attention. This study was aimed to attempt to find the correlations between the chemical content of the stones and the concentration of chosen elements in the urine and hair of stone formers. The proposal for the study was approved by the local ethics committee. Specimens were taken from 219 consecutive stone-formers. The content of the stone was evaluated using atomic absorption spectrometry, spectrophotometry, and colorimetric methods. An analysis of 29 elements in hair and 21 elements in urine was performed using inductively coupled plasma-atomic emission spectrometry. Only a few correlations between the composition of stones and the distribution of elements in urine and in hair were found. All were considered incidental.\n\nQuestion: Can we predict urinary stone composition based on an analysis of microelement concentration in the hair and urine?\n\nAnswer the question with yes, no, or maybe.\nAnswer:\n	no
Context: It has been shown in vitro that pretreatment of skin with fractional lasers enhances transdermal delivery of drugs. The aim of this study is to demonstrate in vivo firstly that laser enhances transdermal drug absorption and secondly that this can be manipulated by altering laser settings.STUDY DESIGN/ Four pigs were used in the IACUC approved animal study. On day 0, 5 g of 4% topical lidocaine was applied under occlusion for 60 minutes to a 400 cm(2) area on the abdomen. Blood was drawn at 0, 60, 90, 120, 180, and 240 minutes. On day 7, the Er:YAG laser was used at 500, 250, 50, and 25 µm ablative depth, respectively, over a 400 cm(2) area on the abdomen. Five grams of 4% topical lidocaine was applied immediately with occlusion for 60 minutes, and then removed. Blood was drawn at 0, 60, 90, 120, 180, and 240 minutes. The serum was extracted and analyzed for lidocaine and its metabolite monoethylglycinexylidide (MEGX). Serum levels of lidocaine and MEGX were undetectable in untreated skin. Following laser treatment both lidocaine and MEGX were detectable. Peak levels of lidocaine were significantly higher (P = 0.0002) at 250 µm (0.62 mg/L), compared to 500 µm (0.45 mg/L), 50 µm (0.48 mg/L), and 25 µm (0.3 mg/L). Peak levels of MEGX were significantly higher (P ≤ 0.0001) at 250 µm (0.048 mg/L), compared to 500 µm (0.018 mg/L), 50 µm (0.036 mg/L), and 25 µm (0.0144 mg/L).\n\nQuestion: Can fractional lasers enhance transdermal absorption of topical lidocaine in an in vivo animal model?\n\nAnswer the question with yes, no, or maybe.\nAnswer:\n	yes
Context: The aim of this study was to determine the prognostic value of the first urinary albumin/creatinine ratio (ACR) for adverse maternal and neonatal outcomes and how it relates to other prognostic factors. We performed a retrospective cohort study from December 2009 to February 2012 with analysis of demographic, clinical and biochemical data from two obstetric day assessment units in hospitals in Southeast Scotland. We included 717 pregnant women, with singleton pregnancies after 20 weeks' gestation, referred for evaluation of suspected preeclampsia and having their first ACR performed. The ability of ACR to predict future outcomes was assessed in both univariable and multivariable logistic regression models. The latter assessed its prognostic value independent of (adjusting for) existing prognostic factors. Primary outcome measures were maternal and neonatal composite adverse outcomes, and a secondary outcome was gestation at delivery. In all, 204 women (28.5%) experienced a composite adverse maternal outcome and 146 women (20.4%) experienced a composite adverse neonatal outcome. Multivariate analysis of log-transformed ACR demonstrated that a 1-unit increase in log ACR is associated with an increased odds of adverse maternal [odds ratio 1.60, 95% confidence interval (CI) 1.45-1.80] and adverse neonatal (odds ratio 1.15, 95% CI 1.02-1.29) composite outcomes, and with reduced gestational age at delivery (coefficient: -0.46, 95% CI -0.54 to -0.38).\n\nQuestion: Is the first urinary albumin/creatinine ratio (ACR) in women with suspected preeclampsia a prognostic factor for maternal and neonatal adverse outcome?\n\nAnswer the question with yes, no, or maybe.\nAnswer:\n	yes
Context: To evaluate the effectiveness of feeding information on pharmacy back to primary care doctors in order to create awareness (knowledge) of pharmaceutical expenditure (PE). Retrospective cross-sectional study, through personal interview. Reformed PC, Sabadell, Barcelona. The 80 PC doctors working with primary care teams. As the personal feed-back on PE, each doctor was asked for the PE generated during 1997 and the mean cost of prescriptions to active and pensioner patients. The statistical test used was the t test to compare means for paired data, with p<0.05 the required level of significance. Out of the total doctors interviewed (80), 71 replies were obtained for the annual PE and 76 for the mean cost of prescriptions, for both active and pensioner patients. Significant differences were found between the annual PE in reality and doctors' estimates: around twelve million pesetas. The differences between the real mean costs of prescription and the estimates were also significant.\n\nQuestion: Is there awareness of pharmaceutical expenditure in the reformed primary care system?\n\nAnswer the question with yes, no, or maybe.\nAnswer:\n	no
Context: Women with ovaries of polycystic morphology (PCO), without any other features of polycystic ovary syndrome (PCOS), respond similarly to women with PCOS when stimulated with exogenous gonadotrophins, and both groups share various endocrinological disturbances underlying their pathology. In women with PCOS, metformin co-treatment during IVF has been shown to increase pregnancy rates and reduce the risk of ovarian hyperstimulation syndrome (OHSS). The aim of this study was to investigate whether metformin co-treatment before and during IVF can also increase the live birth rate (LBR) and lower severe OHSS rates for women with PCO, but no other manifestations of PCOS. This study was a double-blind, multi-centre, randomized, placebo-controlled trial. The study population included 134 women with ovulatory PCO (and no evidence of clinical or biochemical hyperandrogenism) undergoing IVF treatment at three tertiary referral IVF units. The primary outcome was LBR. In total, 134 women were randomized, 69 to metformin and 65 to placebo. There were no statistically significant differences between the two groups in baseline characteristics. With regard to IVF outcome, no significant improvements were found in the metformin group when compared with the placebo group. In particular, there was no difference between the groups in rates of live birth [metformin n = 27 (39.1%), placebo n = 30 (46.2), (95% confidence interval 0.38, 1.49, odds ratio = 0.75)], clinical pregnancy [metformin n = 29 (42.0%), placebo n = 33 (50.8%)]or severe OHSS [metformin n = 6 (8.7%), placebo n = 5 (7.7%)].\n\nQuestion: Do women with ovaries of polycystic morphology without any other features of PCOS benefit from short-term metformin co-treatment during IVF?\n\nAnswer the question with yes, no, or maybe.\nAnswer:\n	no
Context: The purpose of this study was to investigate whether knowledge of ultrasound-obtained estimated fetal weight (US-EFW) is a risk factor for cesarean delivery (CD). Retrospective cohort from a single center in 2009-2010 of singleton, term live births. CD rates were compared for women with and without US-EFW within 1 month of delivery and adjusted for potential confounders. Of the 2329 women in our cohort, 50.2% had US-EFW within 1 month of delivery. CD was significantly more common for women with US-EFW (15.7% vs 10.2%; P<.001); after we controlled for confounders, US-EFW remained an independent risk factor for CD (odds ratio, 1.44; 95% confidence interval, 1.1-1.9). The risk increased when US-EFW was>3500 g (odds ratio, 1.8; 95% confidence interval, 1.3-2.7).\n\nQuestion: Estimated fetal weight by ultrasound: a modifiable risk factor for cesarean delivery?\n\nAnswer the question with yes, no, or maybe.\nAnswer:\n	yes
Context: Limited and conflicting data exist on an association between mammographic density (MD) and re-excision rates after breast-conserving surgery (BCS). Additionally, the correlation of MD with resection of unnecessary margins during initial BCS is unknown. All women with a diagnosis of breast cancer from 2003 to 2012 and enrolled in a larger study on MD were evaluated. Operative and pathology reports were reviewed to determine margin resection and involvement. Mammographic density was determined both by breast imaging-reporting and data system (BI-RADS) classification and by an automated software program (Volpara Solutions). Additional margins were deemed unnecessary if the lumpectomy specimen margin was free of invasive tumor [≥2 mm for ductal carcinoma in situ (DCIS)] or if further re-excision was needed. Of 655 patients, 398 (60.8%) had BCS, whereas 226 (34.5%) underwent initial mastectomy. The women with denser breasts (BI-RADS 3 or 4) underwent initial mastectomy more frequently than the women with less dense breasts (40.0 vs. 30.5%, respectively; p = 0.0118). Of the patients with BCS, 166 (41.7%) required separate re-excision. Additional margins were taken during BCS in 192 (48.2%) patients, with 151 (78.6%) proving to be unnecessary. In the bivariable analysis, the patients with denser breasts according to BI-RADS classification and volumetric density showed a trend toward requiring more frequent re-excision, but this association was not seen in the multivariable analysis. The rate of unnecessary margins did not differ by breast density. In the multivariate analysis, the re-excision rates increased with DCIS (p<0.0003) and decreased with resection of additional margins (p = 0.0043).\n\nQuestion: Does Mammographic Density have an Impact on the Margin Re-excision Rate After Breast-Conserving Surgery?\n\nAnswer the question with yes, no, or maybe.\nAnswer:\n	no
Context: To provide equality of cancer care to rural patients, Townsville Cancer Centre administers intensive chemotherapy regimens to rural patients with node-positive breast and metastatic colorectal cancers at the same doses as urban patients. Side-effects were usually managed by rural general practitioners locally.AIM: The aim is to determine the safety of this practice by comparing the profile of serious adverse events and dose intensities between urban and rural patients at the Townsville Cancer Centre. A retrospective audit was conducted in patients with metastatic colorectal and node-positive breast cancers during a 24-month period. Fisher's exact test was used for analysis. Rurality was determined as per rural, remote and metropolitan classification. Of the 121 patients included, 70 and 51 patients had breast and colon cancers respectively. The urban versus rural patient split among all patients, breast and colorectal cancer subgroups was 68 versus 53, 43 versus 27 and 25 versus 26 respectively. A total of 421 cycles was given with dose intensity of>95% for breast cancer in both groups (P>0.05). Rate of febrile neutropenia was 9.3% versus 7.4% (P = 0.56). For XELOX, rate of diarrhoea was 20% versus 19% (P = 0.66) and rate of vomiting was 20% versus 11% (P = 0.11). Only two patients were transferred to Townsville for admission. No toxic death occurred in either group.\n\nQuestion: Is intensive chemotherapy safe for rural cancer patients?\n\nAnswer the question with yes, no, or maybe.\nAnswer:\n	yes
Context: To compare atropine with placebo as an adjunct to ketamine sedation in children undergoing minor painful procedures. Outcome measures included hypersalivation, side effect profile, parental/patient satisfaction, and procedural success rate. Children aged between 1 and 16 years of age requiring ketamine procedural sedation in a tertiary emergency department were randomised to receive 0.01 mg/kg of atropine or placebo. All received 4 mg/kg of intramuscular ketamine. Tolerance and sedation scores were recorded throughout the procedure. Side effects were recorded from the start of sedation until discharge. Parental and patient satisfaction scores were obtained at discharge and three to five days after the procedure, with the opportunity to report side effects encountered at home. A total of 83 patients aged 13 months to 14.5 years (median age 3.4 years) were enrolled over a 16 month period. Hypersalivation occurred in 11.4% of patients given atropine compared with 30.8% given placebo (odds ratio (OR) 0.29, 95% confidence interval (CI) 0.09 to 0.91). A transient rash was observed in 22.7% of the atropine group compared with 5.1% of the placebo group (OR 5.44, 95% CI 1.11 to 26.6). Vomiting during recovery occurred in 9.1% of atropine patients compared with 25.6% of placebo patients (OR 0.29, 95% CI 0.09 to 1.02). There was a trend towards better tolerance in the placebo group. No patient experienced serious side effects.\n\nQuestion: Is atropine needed with ketamine sedation?\n\nAnswer the question with yes, no, or maybe.\nAnswer:\n	yes
Context: To determine the cost of 46 commonly used investigations and therapies and to assess British Columbia family doctors' awareness of these costs. Mailed survey asking about costs of 23 investigations and 23 therapies relevant to family practice. A random sample of 600 doctors was asked to report their awareness of costs and to estimate costs of the 46 items. British Columbia. Six hundred family physicians. Estimates within 25% of actual cost were considered correct. Associations between cost awareness and respondents'characteristics (eg, sex, practice location) were sought. Degree of error in estimates was also assessed. Overall, 283 (47.2%) surveys were returned and 259 analyzed. Few respondents estimated costs within 25% of true cost, and estimates were highly variable. Physicians underestimated costs of expensive drugs and laboratory investigations and overestimated costs of inexpensive drugs. Cost awareness did not correlate with sex, practice location, College certification, faculty appointment, or years in practice.\n\nQuestion: Do family physicians know the costs of medical care?\n\nAnswer the question with yes, no, or maybe.\nAnswer:\n	no
Context: The primary objective of the study was to determine emergency medical services (EMS) professionals' opinions regarding participation in disease and injury prevention programs. A secondary objective was to determine the proportion of EMS professionals who had participated in disease prevention programs. As part of the National Registry of Emergency Medical Technicians' biennial reregistration process, EMS professionals reregistering in 2006 were asked to complete an optional survey regarding their opinions on and participation in disease and injury prevention. Demographic characteristics were also collected. Data were analyzed using descriptive statistics and 99% confidence intervals (CIs). The chi-square test was used to compare differences by responder demographics (alpha = 0.01). A 10% difference between groups was determined to be clinically significant. The survey was completed by 27,233 EMS professionals. Of these responders, 82.7% (99% CI: 82.1-83.3) felt that EMS professionals should participate in disease prevention, with those working 20 to 29 hours per week being the least likely to think they should participate (67.4%, p<0.001). About a third, 33.8% (99% CI: 33.1-34.6), of the respondents reported having provided prevention services, with those having a graduate degree (43.5%, p<0.001), those working in EMS for more than 21 years (44%, p<0.001), those working for the military (57%, p<0.001), those working 60 to 69 hours per week (41%, p<0.001), and those responding to zero emergency calls in a typical week (43%, p<0.001) being the most likely to report having provided prevention services. About half, 51.1% (99% CI: 50.4-51.9), of the respondents agreed that prevention services should be provided during emergency calls, and 7.7% (99% CI: 7.3-8.1) of the respondents reported providing prevention services during emergency calls. No demographic differences existed. Those who had participated in prevention programs were more likely to respond that EMS professionals should participate in prevention (92% vs. 82%, p<0.001). Further, those who had provided prevention services during emergency calls were more likely to think EMS professionals should provide prevention services during emergency calls (81% vs. 51%, p<0.001).\n\nQuestion: Do emergency medical services professionals think they should participate in disease prevention?\n\nAnswer the question with yes, no, or maybe.\nAnswer:\n	maybe
Context: Endometrial polyp is a common cause of abnormal uterine bleeding, but the etiology and pathogenesis remain unclear. Vascular endothelial growth factor (VEGF) is angiogenic, related to thick walled vessels and transforming growth factor-beta1 (TGF-β1) is related to fibrotic tissue, which are characteristics of endometrial polyps. The primary objective of this study was to find out if endometrial polyp formation is associated with increased expression of VEGF or TGF-β1, or both. A secondary objective is to determine if the changes are related to steroid receptor expression. This prospective study compared VEGF and TGF-β1 expression of endometrial polyps and adjacent endometrial tissue in 70 premenopausal women. The comparison of results was separately made for endometrium specimens obtained in the proliferative and secretory phases. The results were correlated with the steroid receptors (estrogen receptor and progesterone receptor) expression. The score of VEGF in glandular cells of endometrial polyps was significantly higher than the score in adjacent endometrium, both in the proliferative phase (P<0.001) and the secretory phase (P=0.03); the score of VEGF in stromal cells of endometrial polyps was significantly higher than the score in adjacent endometrium only in proliferative phase (P=0.006). The score of TGF-β1 in glandular cells of endometrial polyps was significantly higher than the score in adjacent endometrium in proliferative phase (P=0.02); whereas the score of TGF-β1 in stromal cells of endometrial polyps was significantly higher than the score in adjacent endometrium, both in the proliferative phase (P=0.006) and the secretory phase (P=0.008). There was a significant correlation between the expression of steroid receptors and VEGF and TGF-β1 (Spearman's correlation P<0.001 and P<0.05, respectively).\n\nQuestion: Is endometrial polyp formation associated with increased expression of vascular endothelial growth factor and transforming growth factor-beta1?\n\nAnswer the question with yes, no, or maybe.\nAnswer:\n	yes
Context: Recent studies have implicated the human cytomegalovirus (HCMV) as a possible pathogen for causing hypertension. We aimed to study the association between HCMV infection and hypertension in the United States National Health and Nutrition Examination Survey (NHANES). We analyzed data on 2979 men and 3324 women in the NHANES 1999-2002. We included participants aged 16-49 years who had valid data on HCMV infection and hypertension. Of the participants, 54.7% had serologic evidence of HCMV infection and 17.5% had hypertension. There were ethnic differences in the prevalence of HCMV infection (P<0.001) and hypertension (P<0.001). The prevalence of both increased with age (P<0.001). Before adjustment, HCMV seropositivity was significantly associated with hypertension in women (OR=1.63, 95% CI=1.25-2.13, P=0.001) but not in men. After adjustment for race/ethnicity, the association between HCMV seropositivity and hypertension in women remained significant (OR=1.55, 95% CI=1.20-2.02, P=0.002). Further adjustment for body mass index, diabetes status and hypercholesterolemia attenuated the association (OR=1.44, 95% CI=1.10-1.90, P=0.010). However, after adjusting for age, the association was no longer significant (OR=1.24, 95% CI=0.91-1.67, P=0.162).\n\nQuestion: Is human cytomegalovirus infection associated with hypertension?\n\nAnswer the question with yes, no, or maybe.\nAnswer:\n	no
Context: Treatment of HBeAg-negative chronic hepatitis B (CHB) with nucleos(t)ide analogues (NA) is usually indefinite, since the loss of HBsAg, as a criterion for its discontinuation, is a rare event. Recent evidence suggests that discontinuing NA therapy may be feasible in selected patients. To analyze the rate of virological relapse in patients with HBeAg-negative CHB who discontinued treatment with NAs. We performed a single-center observational study that included 140 patients with HBsAg-negative CHB. Twenty-two patients, who received only NAs, discontinued treatment for different reasons and were subsequently monitored. All had normal ALT and AST, undetectable DNA and absence of cirrhosis or significant comorbidities before stopping treatment. Twelve patients showed virologic relapse (54.54%). The mean interval between discontinuation and relapse was 6.38 months (± 1.9) (75% relapsed during the first 12 months after discontinuation). Five received adefovir, 1 lamivudine and adefovir, 1 tenofovir and 5 lamivudine alone. The mean treatment duration in this group was 38.5 months (± 4.5). The sustained response group had a higher mean age and longer treatment duration than patients with virologic relapse but these differences were not statistically significant.\n\nQuestion: Is it possible to stop treatment with nucleos(t)ide analogs in patients with e-antigen negative chronic hepatitis B?\n\nAnswer the question with yes, no, or maybe.\nAnswer:\n	maybe
Context: This study was designed to compare clinical effectiveness of operative with nonoperative treatment for displaced midshaft clavicular fractures (DMCF). We systematically searched electronic databases (MEDILINE, EMBASE, CLINICAL, OVID, BIOSIS and Cochrane registry of controlled clinical trials) to identify randomized controlled trials (RCTs) in which operative treatment was compared with nonoperative treatment for DMCF from 1980 to 2012. The methodologic quality of trials was assessed. Data from chosen studies were pooled with using of fixed-effects and random-effects models with mean differences and risk ratios for continuous and dichotomous variables, respectively. Four RCTs with a total of 321 patients were screened for the present study. Results showed that the operative treatment was superior to the nonoperative treatment regarding the rate of nonunion [95 % confidence interval (CI) (0.05, 0.43), P = 0.0004], malunion [95 % CI (0.06, 0.34), P < 0.00001] and overall complication [95 % CI (0.43-0.76), P = 0.0001]. Subgroup analyses of complications revealed that significant differences were existed in the incidence of neurologic symptoms [95 % CI (0.20, 0.74), P = 0.004] and dissatisfaction with appearance [95 % CI (0.19, 0.65), P = 0.001]. Lack of consistent and standardized assessment data, insufficiency analysis that carried out showed improved functional outcomes (P < 0.05) in operative treatment.\n\nQuestion: Should displaced midshaft clavicular fractures be treated surgically?\n\nAnswer the question with yes, no, or maybe.\nAnswer:\n	yes
Context: Heterotopic ossification is a common complication after total hip arthroplasty. Non-steroidal anti-inflammatory drugs (NSAIDs) are known to prevent heterotopic ossifications effectively, however gastrointestinal complaints are reported frequently. In this study, we investigated whether etoricoxib, a selective cyclo-oxygenase-2 (COX-2) inhibitor that produces fewer gastrointestinal side effects, is an effective alternative for the prevention of heterotopic ossification. We investigated the effectiveness of oral etoricoxib 90 mg for seven days in a prospective two-stage study design for phase-2 clinical trials in a small sample of patients (n = 42). A cemented primary total hip arthroplasty was implanted for osteoarthritis. Six months after surgery, heterotopic ossification was determined on anteroposterior pelvic radiographs using the Brooker classification. No heterotopic ossification was found in 62 % of the patients that took etoricoxib; 31 % of the patients had Brooker grade 1 and 7 % Brooker grade 2 ossification.\n\nQuestion: Is etoricoxib effective in preventing heterotopic ossification after primary total hip arthroplasty?\n\nAnswer the question with yes, no, or maybe.\nAnswer:\n	yes
Context: To evaluate the outcome of a new modification of percutaneous needle suspension, using a bone anchor system for fixing the suture at the public bone, and to compare the results with those published previously. From March 1996, 37 patients with stress urinary incontinence (>2 years) were treated using a bone anchor system. On each side the suture was attached to the pubocervical fascia and the vaginal wall via a broad 'Z'-stitch. A urodynamic investigation performed preoperatively in all patients confirmed stress incontinence and excluded detrusor instability. The outcome was assessed by either by a clinical follow-up investigation or using a standardized questionnaire, over a mean follow-up of 11 months (range 6-18). In the 37 patients, the procedure was successful in 25 (68%), with 16 (43%) of the patients completely dry and nine (24%) significantly improved. Removal of the bone anchor and suture was necessary in two patients, because of unilateral bacterial infection in one and a bilateral soft tissue granuloma in the other. One bone anchor became dislocated in a third patient. In two cases where the treatment failed, new detrusor instability was documented urodynamically. Minor complications were prolonged wound pain in 10 (26%) and transient urinary retention or residual urine in 12 patients (32%).\n\nQuestion: Does bone anchor fixation improve the outcome of percutaneous bladder neck suspension in female stress urinary incontinence?\n\nAnswer the question with yes, no, or maybe.\nAnswer:\n	yes
Context: Precursor events are undesirable events that can lead to a subsequent adverse event and have been associated with postoperative mortality. The purpose of the present study was to determine whether precursor events are associated with a composite endpoint of major adverse cardiac events (MACE) (death, acute renal failure, stroke, infection) in a low- to medium-risk coronary artery bypass grafting, valve, and valve plus coronary artery bypass grafting population. These events might be targets for strategies aimed at quality improvement. The present study was a retrospective cohort design performed at the Queen Elizabeth Health Science Centre. Low- to medium-risk patients who had experienced postoperative MACE were matched 1:1 with patients who had not experienced postoperative MACE. The operative notes, for both groups, were scored by 5 surgeons to determine the frequency of 4 precursor events: bleeding, difficulty weaning from cardiopulmonary bypass, repair or regrafting, and incomplete revascularization or repair. A univariate comparison of ≥1 precursor events in the matched groups was performed. A total of 311 MACE patients (98.4%) were matched. The primary outcome occurred more frequently in the MACE group than in the non-MACE group (33% vs 24%; P = .015). The incidence of the individual events of bleeding and difficulty weaning from cardiopulmonary bypass was significantly higher in the MACE group. Those patients with a precursor event in the absence of MACE also appeared to have a greater prevalence of other important postoperative outcomes.\n\nQuestion: Are intraoperative precursor events associated with postoperative major adverse events?\n\nAnswer the question with yes, no, or maybe.\nAnswer:\n	yes
Context: Our aim was to investigate the effects of growth hormone (GH), hyperbaric oxygen and combined therapy on normal and ischemic colonic anastomoses in rats. Eighty male Wistar rats were divided into eight groups (n = 10). In the first four groups, non-ischemic colonic anastomosis was performed, whereas in the remaining four groups, ischemic colonic anastomosis was performed. In groups 5, 6, 7, and 8, colonic ischemia was established by ligating 2 cm of the mesocolon on either side of the anastomosis. The control groups (1 and 5) received no treatment. Hyperbaric oxygen therapy was initiated immediately after surgery and continued for 4 days in groups 3 and 4. Groups 2 and 6 received recombinant human growth hormone, whereas groups 4 and 8 received GH and hyperbaric oxygen treatment. Relaparotomy was performed on postoperative day 4, and a perianastomotic colon segment 2 cm in length was excised for the detection of biochemical and mechanical parameters of anastomotic healing and histopathological evaluation. Combined treatment with hyperbaric oxygen and GH increased the mean bursting pressure values in all of the groups, and a statistically significant increase was noted in the ischemic groups compared to the controls (p<0.05). This improvement was more evident in the ischemic and normal groups treated with combined therapy. In addition, a histopathological evaluation of anastomotic neovascularization and collagen deposition showed significant differences among the groups.\n\nQuestion: Is combined therapy more effective than growth hormone or hyperbaric oxygen alone in the healing of left ischemic and non-ischemic colonic anastomoses?\n\nAnswer the question with yes, no, or maybe.\nAnswer:\n	yes
Context: This study represents a subset of a complete data set, considering only those children aged admitted to the Pediatric Surgery and Pediatric Nephrology Clinics during the period January 2011 to July 2012. In this study, we have determined that the QT interval changes significantly depending on the use of oxybutynin. The QT changes increased cardiac arrhythmia in children.\n\nQuestion: Does oxybutynin hydrochloride cause arrhythmia in children with bladder dysfunction?\n\nAnswer the question with yes, no, or maybe.\nAnswer:\n	yes
Context: Complications associated with blood transfusions have resulted in widespread acceptance of low hematocrit levels in surgical patients. However, preoperative anemia seems to be a risk factor for adverse postoperative outcomes in certain surgical patients. This study investigated the National Surgical Quality Improvement Program (NSQIP) database to determine if preoperative anemia in patients undergoing open and laparoscopic colectomies is an independent predictor for an adverse composite outcome (CO) consisting of myocardial infarction, stroke, progressive renal insufficiency or death within 30 days of operation, or for an increased hospital length of stay (LOS). Hematocrit levels were categorized into 4 classes: severe, moderate, mild, and no anemia. From 2005 to 2008, the NSQIP database recorded 23,348 elective open and laparoscopic colectomies that met inclusion criteria. Analyses using multivariable models, controlling for potential confounders and stratifying on propensity score, were performed. Compared with nonanemic patients, those with severe, moderate, and mild anemia were more likely to have the adverse CO with odds ratios of 1.83 (95% CI 1.05 to 3.19), 2.19 (95 % CI 1.63 to 2.94), and 1.49 (95% CI 1.20 to 1.86), respectively. Patients with a normal hematocrit had a reduced hospital LOS, compared with those with severe, moderate, and mild anemia (p<0.01). A history of cardiovascular disease did not significantly influence these findings.\n\nQuestion: Does preoperative anemia adversely affect colon and rectal surgery outcomes?\n\nAnswer the question with yes, no, or maybe.\nAnswer:\n	yes
Context: The purpose of this study was to retrospectively assess the potential benefits of delayed phase imaging series in routine CT scans of the abdomen and pelvis. Routine contrast-enhanced abdominopelvic CT scans of 1000 consecutively examined patients (912 men, 88 women; average age, 60 years; range, 22-94 years) were retrospectively evaluated, and the added benefits of the delayed phase series through the abdomen were recorded for each examination. Examinations performed for indications requiring multiphasic imaging were excluded. Images were reviewed by two fellowship-trained abdominal radiologists, who were blinded to official CT reports. All examinations were performed between July 2008 and February 2010 at a single institution. Radiation doses for both the portal venous and delayed phases, when available, were analyzed to assess the effect of the delayed phase on overall radiation exposure. Forty-two patients (4.2%) had findings that were further characterized or were observed only in the delayed phase. Most were incidental findings that could have been confirmed at noninvasive follow-up imaging, such as sonography or unenhanced CT or MRI. The most common findings were liver hemangioma (n = 12), adrenal adenoma (n = 12), and parapelvic renal cysts (n = 6). The most important finding was detection of a renal mass in one patient (0.1%). The mass was seen only on the delayed phase images but was difficult to appreciate in the portal venous phase. In the other 958 patients (95.8%), delayed imaging was of no benefit. In addition, use of the delayed phase resulted in a mean 59.5% increase in effective radiation dose.\n\nQuestion: Delayed imaging in routine CT examinations of the abdomen and pelvis: is it worth the additional cost of radiation and time?\n\nAnswer the question with yes, no, or maybe.\nAnswer:\n	no
Context: To discuss and compare the results of suturing the nasal septum after septoplasty with the results of nasal packing. A prospective study, which was performed at Prince Hashem Military Hospital in Zarqa, Jordan and Prince Rashed Military Hospital in Irbid, Jordan between September 2005 and August 2006 included 169 consecutive patients that underwent septoplasty. The patients were randomly divided into 2 groups. After completion of surgery, the nasal septum was sutured in the first group while nasal packing was performed in the second group. Thirteen patients (15.3%) in the first group and 11 patients (13%) in the second group had minor oozing in the first 24 hours, 4 patients (4.8%) had bleeding after removal of the pack in the second group. Four patients (4.8%) developed septal hematoma in the second group. Two patients (2.4%) had septal perforation in the second group. One patient (1.1%) in the first group, and 5 patients (5.9%) in the second group had postoperative adhesions. Five patients (5.9%) were found to have remnant deviated nasal septum in each group. The operating time was 4 minutes longer in the first group.\n\nQuestion: Suturing of the nasal septum after septoplasty, is it an effective alternative to nasal packing?\n\nAnswer the question with yes, no, or maybe.\nAnswer:\n	yes
Context: In January 2008, the Food and Drug Administration (FDA) communicated concerns and, in May 2009, issued a warning about an increased risk of suicidality for all antiepileptic drugs (AEDs). This research evaluated the association between the FDA suicidality communications and the AED prescription claims among members with epilepsy and/or psychiatric disorder. A longitudinal interrupted time-series design was utilized to evaluate Oklahoma Medicaid claims data from January 2006 through December 2009. The study included 9289 continuously eligible members with prevalent diagnoses of epilepsy and/or psychiatric disorder and at least one AED prescription claim. Trends, expressed as monthly changes in the log odds of AED prescription claims, were compared across three time periods: before (January 2006 to January 2008), during (February 2008 to May 2009), and after (June 2009 to December 2009) the FDA warning. Before the FDA warning period, a significant upward trend of AED prescription claims of 0.01% per month (99% CI: 0.008% to 0.013%, p<0.0001) was estimated. In comparison to the prewarning period, no significant change in trend was detected during (-20.0%, 99% CI: -70.0% to 30.0%, p=0.34) or after (80.0%, 99% CI: -20.0% to 200.0%, p=0.03) the FDA warning period. After stratification, no diagnostic group (i.e., epilepsy alone, epilepsy and comorbid psychiatric disorder, and psychiatric disorder alone) experienced a significant change in trend during the entire study period (p>0.01).\n\nQuestion: Have antiepileptic drug prescription claims changed following the FDA suicidality warning?\n\nAnswer the question with yes, no, or maybe.\nAnswer:\n	no
Context: To test the predictive value of distal ureteral diameter (UD) on reflux resolution after endoscopic injection in children with primary vesicoureteral reflux (VUR). This was a retrospective review of patients diagnosed with primary VUR between 2009 and 2012 who were managed by endoscopic injection. Seventy preoperative and postoperative voiding cystourethrograms were reviewed. The largest UD within the false pelvis was measured. The UD was divided by the L1-L3 vertebral body distance to get the UD ratio (UDR). One radiologist interpreted the findings of voiding cystourethrography in all patients. Clinical outcome was defined as reflux resolution. Seventy patients were enrolled in this series (17 boys and 53 girls). Mean age was 5.9 years (1.2-13 years). Grade III presented in 37 patients (53%), and 33 patients (47%) were of grade IV. Mean distal UD was 5.5 mm (2.5-13 mm). Mean UDR was 37.8% (18%-70%). Macroplastique injection was performed in all. Subureteric injection was performed in 60 patients (86%), whereas intraureteric injection was performed in 10 patients. No postoperative complications were detected. The effect of grade, UD, and UDR on success after endoscopic injection was tested. UD and UDR were significant predictors of reflux resolution on logistic regression analysis (P <.007 and .001, respectively).\n\nQuestion: Can distal ureteral diameter predict reflux resolution after endoscopic injection?\n\nAnswer the question with yes, no, or maybe.\nAnswer:\n	yes
Context: An increasingly significant public health issue in Canada, and elsewhere throughout the developed world, pertains to the provision of adequate palliative/end-of-life (P/EOL) care. Informal caregivers who take on the responsibility of providing P/EOL care often experience negative physical, mental, emotional, social and economic consequences. In this article, we specifically examine how Canada's Compassionate Care Benefit (CCB)--a contributory benefits social program aimed at informal P/EOL caregivers--operates as a public health response in sustaining informal caregivers providing P/EOL care, and whether or not it adequately addresses known aspects of caregiver burden that are addressed within the population health promotion (PHP) model. As part of a national evaluation of Canada's Compassionate Care Benefit, 57 telephone interviews were conducted with Canadian informal P/EOL caregivers in 5 different provinces, pertaining to the strengths and weaknesses of the CCB and the general caregiving experience. Interview data was coded with Nvivo software and emerging themes were identified by the research team, with such findings published elsewhere. The purpose of the present analysis was identified after comparing the findings to the literature specific to caregiver burden and public health, after which data was analyzed using the PHP model as a guiding framework. Informal caregivers spoke to several of the determinants of health outlined in the PHP model that are implicated in their burden experience: gender, income and social status, working conditions, health and social services, social support network, and personal health practises and coping strategies. They recognized the need for improving the CCB to better address these determinants.\n\nQuestion: Canada's Compassionate Care Benefit: is it an adequate public health response to addressing the issue of caregiver burden in end-of-life care?\n\nAnswer the question with yes, no, or maybe.\nAnswer:\n	no
Context: To determine whether fibromyalgia (FM) is more common in patients with primary Sjögren's syndrome (pSS) who complain of fatigue. The association and prevalence of fatigue and FM was recorded in a group of patients with pSS and a control group of lupus patients, a subset of whom had secondary Sjögren's syndrome (sSS). 74 patients with pSS and 216 patients with lupus were assessed with a questionnaire to identify the presence of fatigue and generalised pain. From the lupus group, in a subset of 117 lupus patients (from the Bloomsbury unit) those with sSS were identified. All patients were studied for the presence of FM. 50 of 74 patients with pSS (68%) reported fatigue-a prevalence significantly higher than in the lupus group (108/216 (50%); p<0.0087). Fatigue was present in 7/13 (54%) patients with SLE/sSS. FM was present in 9/74 patients with pSS (12%), compared with 11/216 lupus patients (5%), and in none of the patients with SLE/sSS. None of these values corresponds with previously reported figures of the incidence of FM in pSS.\n\nQuestion: Fatigue in primary Sjögren's syndrome: is there a link with the fibromyalgia syndrome?\n\nAnswer the question with yes, no, or maybe.\nAnswer:\n	no
Context: Alexithymia is presumed to play an important predisposing role in the pathogenesis of medically unexplained physical symptoms. However, no research on alexithymia has been done among general medical outpatients who present with medically unexplained physical symptoms as their main problem and in which anxiety and depression have been considered as possible confounding factors. This study investigated whether patients with medically unexplained physical symptoms are more alexithymic than those with explained symptoms and whether, in patients with unexplained symptoms, alexithymia is associated with subjective health experience and use of medical services. We conducted a cross-sectional study among patients attending an internal medicine outpatient clinic. All patients were given a standardized interview and completed a number of questionnaires. After complete physical examinations, 169 of 321 patients had unexplained physical symptoms according to two independent raters. Patients with medically unexplained symptoms more often had a mental disorder, but overall they were not more alexithymic. In patients with unexplained physical symptoms, alexithymia was not associated with subjective health experience or use of medical services. However, patients with both unexplained symptoms and a mental disorder who also denied any possible connection between emotional problems and their physical symptoms did have more alexithymic traits.\n\nQuestion: Is alexithymia a risk factor for unexplained physical symptoms in general medical outpatients?\n\nAnswer the question with yes, no, or maybe.\nAnswer:\n	no
Context: Mossy fibers are the sole excitatory projection from dentate gyrus granule cells to the hippocampus, forming part of the trisynaptic hippocampal circuit. They undergo significant plasticity during epileptogenesis and have been implicated in seizure generation. Mossy fibers are a highly unusual projection in the mammalian brain; in addition to glutamate, they release adenosine, dynorphin, zinc, and possibly other peptides. Mossy fiber terminals also show intense immunoreactivity for the inhibitory neurotransmitter gamma-aminobutyric acid (GABA), and immunoreactivity for GAD67. The purpose of this review is to present physiologic evidence of GABA release by mossy fibers and its modulation by epileptic activity. We used hippocampal slices from 3- to 5-week-old guinea pigs and made whole-cell voltage clamp recordings from CA3 pyramidal cells. We placed stimulating electrodes in stratum granulosum and adjusted their position in order to recruit mossy fiber to CA3 projections. We have shown that electrical stimuli that recruit dentate granule cells elicit monosynaptic GABAA receptor-mediated synaptic signals in CA3 pyramidal neurons. These inhibitory signals satisfy the criteria that distinguish mossy fiber-CA3 synapses: high sensitivity to metabotropic glutamate-receptor agonists, facilitation during repetitive stimulation, and N-methyl-D-aspartate (NMDA) receptor-independent long-term potentiation.\n\nQuestion: Do mossy fibers release GABA?\n\nAnswer the question with yes, no, or maybe.\nAnswer:\n	yes
Context: Many insurance payors mandate that bariatric surgery candidates undergo a medically supervised weight management (MSWM) program as a prerequisite for surgery. However, there is little evidence to support this requirement. We evaluated in a randomized controlled trial the hypothesis that participation in a MSWM program does not predict outcomes after laparoscopic adjustable gastric banding (LAGB) in a publicly insured population. This pilot randomized trial was conducted in a large academic urban public hospital. Patients who met NIH consensus criteria for bariatric surgery and whose insurance did not require a mandatory 6-month MSWM program were randomized to a MSWM program with monthly visits over 6 months (individual or group) or usual care for 6 months and then followed for bariatric surgery outcomes postoperatively. Demographics, weight, and patient behavior scores, including patient adherence, eating behavior, patient activation, and physical activity, were collected at baseline and at 6 months (immediately preoperatively and postoperatively). A total of 55 patients were enrolled in the study with complete follow-up on 23 patients. Participants randomized to a MSWM program attended an average of 2 sessions preoperatively. The majority of participants were female and non-Caucasian, mean age was 46 years, average income was less than $20,000/year, and most had Medicaid as their primary insurer, consistent with the demographics of the hospital's bariatric surgery program. Data analysis included both intention-to-treat and completers' analyses. No significant differences in weight loss and most patient behaviors were found between the two groups postoperatively, suggesting that participation in a MSWM program did not improve weight loss outcomes for LAGB. Participation in a MSWM program did appear to have a positive effect on physical activity postoperatively.\n\nQuestion: Does a preoperative medically supervised weight loss program improve bariatric surgery outcomes?\n\nAnswer the question with yes, no, or maybe.\nAnswer:\n	no
Context: To our knowledge there are no evidence-based medicine data to date to critically judge the vulnerability of a solitary kidney to warm ischemia compared to paired kidneys. Ten dogs were exposed to open right nephrectomy to create a solitary kidney model (group 1). Ten dogs with both kidneys were considered group 2. All dogs underwent warm ischemia by open occlusion of the left renal artery for 90 minutes. Dogs were sacrificed at different intervals (3 days to 4 weeks). All dogs were reevaluated by renogram before sacrifice and histopathology of the investigated kidney. The proinflammatory markers CD95 and tumor necrosis factor-α were assessed using real-time polymerase chain reaction. In group 1 clearance decreased by 20% at 1 week but basal function was regained starting at week 2. In group 2 clearance decreased more than 90% up to week 2. Recovery started at week 3 and by 4 weeks there was a 23% clearance reduction. Histopathological examination in group 1 revealed significant tubular necrosis (60%) at 3 days with regeneration starting at 1 week. In group 2 there was more pronounced tubular necrosis (90%) with regeneration starting at 2 weeks. The expression of proinflammatory markers was up-regulated in each group with higher, more sustained expression in group 2.\n\nQuestion: Is solitary kidney really more resistant to ischemia?\n\nAnswer the question with yes, no, or maybe.\nAnswer:\n	yes
Context: Acupuncture has been successfully used in myofascial pain syndromes. However, the number of needles used, that is, the dose of acupuncture stimulation, to obtain the best antinociceptive efficacy is still a matter of debate. The question was addressed comparing the clinical efficacy of two different therapeutic schemes, characterized by a different number of needles used on 36 patients between 29-60 years of age with by a painful cervical myofascial syndrome. Patients were divided into two groups; the first group of 18 patients were treated with 5 needles and the second group of 18 patients were treated with 11 needles, the time of needle stimulation was the same in both groups: 100 seconds. Each group underwent six cycles of somatic acupuncture. Pain intensity was evaluated before, immediately after and 1 and 3 months after the treatment by means of both the Mc Gill Pain Questionnaire and the Visual Analogue Scale (VAS). In both groups, the needles were fixed superficially excluding the two most painful trigger points where they were deeply inserted. Both groups, independently from the number of needles used, obtained a good therapeutic effect without clinically relevant differences.\n\nQuestion: Neck pain treatment with acupuncture: does the number of needles matter?\n\nAnswer the question with yes, no, or maybe.\nAnswer:\n	no
Context: The authors determine whether prevention influences the use of health services. Fluoridation's effect on restorative dental demand among 972 Washington state employees and spouses, aged 20 to 34 years, in two fluoridated communities and a nonfluoridated community was examined. At baseline, adults were interviewed by telephone, and oral assessments were conducted to measure personal characteristics, lifetime exposure to fluoridated water, oral disease, and the quality of restorations. Adults were followed for 2 years to measure dental demand from dental claims. Each adult's baseline and claims data were linked with provider and practice variables collected from the dentist who provided treatment. Relative to adults with no lifetime exposure to fluoridated water, adults drinking fluoridated water for half or more of their lives had less disease at baseline and a lower but nonsignificant probability of receiving a restoration in the follow-up period. In the 2-year follow-up period, however, more than half of the restorations were performed to replace fillings of satisfactory or ideal quality at baseline. When only teeth with decay and unsatisfactory fillings at baseline were considered, adults with high fluoridation exposure had a lower probability of receiving a restoration than adults with no exposure. Market effects also were detected in demand equations; relative to adults in the nonfluoridated community, adults residing in the fluoridated community with a large dentist supply received a greater number of restorations, suggesting potential supplier-induced demand from less disease and fewer patients.\n\nQuestion: Does fluoridation reduce the use of dental services among adults?\n\nAnswer the question with yes, no, or maybe.\nAnswer:\n	maybe
Context: To evaluate feasibility of the guidelines of the Groupe Francophone de Réanimation et Urgence Pédiatriques (French-speaking group of paediatric intensive and emergency care; GFRUP) for limitation of treatments in the paediatric intensive care unit (PICU). A 2-year prospective survey. A 12-bed PICU at the Hôpital Jeanne de Flandre, Lille, France. Were included when limitation of treatments was expected. Of 967 children admitted, 55 were included with a 2-day median delay. They were younger than others (24 v 60 months), had a higher paediatric risk of mortality (PRISM) score (14 v 4), and a higher paediatric overall performance category (POPC) score at admission (2 v 1); all p<0.002. 34 (50% of total deaths) children died. A limitation decision was made without meeting for 7 children who died: 6 received do-not-resuscitate orders (DNROs) and 1 received withholding decision. Decision-making meetings were organised for 31 children, and the following decisions were made: 12 DNROs (6 deaths and 6 survivals), 4 withholding (1 death and 3 survivals), with 14 withdrawing (14 deaths) and 1 continuing treatment (survival). After limitation, 21 (31% of total deaths) children died and 10 survived (POPC score 4). 13 procedures were interrupted because of death and 11 because of clinical improvement (POPC score 4). Parents' opinions were obtained after 4 family conferences (for a total of 110 min), 3 days after inclusion. The first meeting was planned for 6 days after inclusion and held on the 7th day after inclusion; 80% of parents were immediately informed of the decision, which was implemented after half a day.\n\nQuestion: Are the GFRUP's recommendations for withholding or withdrawing treatments in critically ill children applicable?\n\nAnswer the question with yes, no, or maybe.\nAnswer:\n	yes
Context: Despite rapid adoption of the Hirsch index (h-index) as a measure of academic success, the correlations between the h-index and other metrics of productivity remain poorly understood. The aims of this study were to determine whether h-indices were associated with greater National Institutes of Health (NIH) funding success among academic radiologists. Using the Scopus database, h-indices were calculated for a random sample of academic radiologists with the rank of professor. Using the NIH tool Research Portfolio Online Reporting Tools Expenditures and Reports, we determined the number, classification, and total years of NIH grant funding as principal investigator for each radiologist. Differences in h-index, sorted by funding status, were determined using Wilcoxon's tests. Associations between h-index and funding status were determined using logistic regression. Significant correlations between h-index and grant metrics were determined using Spearman's ρ. Among 210 professors of radiology, 48 (23%) secured at least one NIH grant. The mean h-index was significantly higher among individuals who secured at least one NIH grant (19.1) compared to those who did not (10.4) (P<.0001). Professors with h-indices<10 compared to those with h-indices>10 were significantly less likely to receive NIH funding (odds ratio, 0.07; P = .0321). However, h-indices>10 were not significantly predictive of greater funding. No significant relationships were observed between h-index and the number of grant awards, years of prior funding, the amounts of grant awards, or grant classification.\n\nQuestion: Is the h-index predictive of greater NIH funding success among academic radiologists?\n\nAnswer the question with yes, no, or maybe.\nAnswer:\n	yes
Context: Traditional resectional techniques and chordal transfer are difficult to apply in video-assisted mitral valve repair. Using artificial chords appears easier in this setting. The purpose of this study was to review the effectiveness and reproducibility of neochordal repair as a routine approach to minimally invasive mitral repair, and to assess the stability of neochord implantation using the figure-of-eight suture without pledgets in this setting. This is a retrospective review of all patients who underwent minimally invasive video-assisted mitral valve repair from 2008 to 2013. The primary endpoints were recurrent mitral regurgitation and reoperation. A total of 426 consecutive patients were included during the study period, with a mean age of 55 ± 18 years. Neochords were used in all patients, and in association with leaflet resection in 47 patients. One patient was not repairable and underwent valve replacement (repair rate, 99.8%). Fifteen patients had Grade I (3.5%) regurgitation, whereas the remainder had none. Patients were fast-tracked, with 25% extubated in the operation theatre and the remainder within 6 h. There were 5 deaths within 30 days (1.2%). Follow-up ranged 3-60 months, during which all of the patients remained with no or trace mitral regurgitation. No de-insertion or rupture of any neochords was found, and no patients required a reoperation.\n\nQuestion: Is minimally invasive mitral valve repair with artificial chords reproducible and applicable in routine surgery?\n\nAnswer the question with yes, no, or maybe.\nAnswer:\n	yes
Context: The cytomorphology of liquid-based preparations in urine cytology is different than classic slide preparations. To compare the performance of liquid-based preparation specimens to classically prepared urine specimens with a malignant diagnosis in the College of American Pathologists Interlaboratory Comparison Program in Nongynecologic Cytology. Participant responses between 2000 and 2007 for urine specimens with a reference diagnosis of high-grade urothelial carcinoma/carcinoma in situ/dysplasia (HGUCA), squamous cell carcinoma, or adenocarcinoma were evaluated. ThinPrep and SurePath challenges were compared with classic preparations (smears, cytospins) for discordant responses. There were 18 288 pathologist, 11 957 cytotechnologist, and 8086 "laboratory" responses available. Classic preparations comprised 90% (n = 34 551) of urine challenges; 9% (n = 3295) were ThinPrep and 1% (n = 485) were SurePath. Concordance to the general category of "positive-malignant" was seen in 92% of classic preparations, 96.5% of ThinPrep, and 94.6% of SurePath challenges (P<.001). These results were statistically different for the exact reference interpretation of HGUCA (P<.001) but not for adenocarcinoma (P = .22). Cytotechnologists demonstrate statistically better performance for the general category of "positive-malignant" compared with pathologists for all urinary slide types and for the exact reference interpretation of HGUCA (94% versus 91.1%; P<.001) but not adenocarcinoma (96.3% versus 95.8%; P = .77) or squamous cell carcinoma (93.6% versus 87.7%; P = .07).\n\nQuestion: Do liquid-based preparations of urinary cytology perform differently than classically prepared cases?\n\nAnswer the question with yes, no, or maybe.\nAnswer:\n	yes
Context: Trauma centers are designated to provide systematized multidisciplinary care to injured patients. Effective trauma systems reduce patient mortality by facilitating the treatment of injured patients at appropriately resourced hospitals. Several U.S. studies report reduced mortality among patients admitted directly to a level I trauma center compared with those admitted to hospitals with less resources. It has yet to be shown whether there is an outcome benefit associated with the "level of hospital" initially treating severely injured trauma patients in Australia. This study was designed to determine whether the level of trauma center providing treatment impacts mortality and/or hospital length of stay. Outcomes were evaluated for severely injured trauma patients with an Injury Severity Score (ISS)>15 using NSW Institute of Trauma and Injury Management data from 2002-2007 for our regional health service. To assess the association between trauma centers and binary outcomes, a logistic regression model was used. To assess the association between trauma centers and continuous outcomes, a multivariable linear regression model was used. Sex, age, and ISS were included as covariates in all models. There were 1,986 trauma presentations during the 6-year period. Patients presenting to a level III trauma center had a significantly higher risk of death than those presenting to the level I center, regardless of age, sex, ISS, or prehospital time. Peer review of deaths at the level III center identified problems in care delivery in 15 cases associated with technical errors, delay in decision making, or errors of judgement.\n\nQuestion: Outcomes of severely injured adult trauma patients in an Australian health service: does trauma center level make a difference?\n\nAnswer the question with yes, no, or maybe.\nAnswer:\n	yes
Context: To evaluate whether a well developed collateral circulation predisposes to restenosis after percutaneous coronary intervention (PCI). Prospective observational study. 58 patients undergoing elective single vessel PCI in a tertiary referral interventional cardiac unit in the UK. Collateral flow index (CFI) was calculated as (Pw-Pv)/(Pa-Pv), where Pa, Pw, and Pv are aortic, coronary wedge, and right atrial pressures during maximum hyperaemia. Collateral supply was considered poor (CFI<0.25) or good (CFI>or = 0.25). In-stent restenosis six months after PCI, classified as neointimal volume>or = 25% stent volume on intravascular ultrasound (IVUS), or minimum lumen area<or = 50% stent area on IVUS, or minimum lumen diameter<or = 50% reference vessel diameter on quantitative coronary angiography. Patients with good collaterals had more severe coronary stenoses at baseline (90 (11)% v 75 (16)%, p<0.001). Restenosis rates were similar in poor and good collateral groups (35% v 43%, p = 0.76 for diameter restenosis, 27% v 45%, p = 0.34 for area restenosis, and 23% v 24%, p = 0.84 for volumetric restenosis). CFI was not correlated with diameter, area, or volumetric restenosis (r2<0.1 for each). By multivariate analysis, stent diameter, stent length,>10% residual stenosis, and smoking history were predictive of restenosis.\n\nQuestion: Does a well developed collateral circulation predispose to restenosis after percutaneous coronary intervention?\n\nAnswer the question with yes, no, or maybe.\nAnswer:\n	no
Context: There is an urgent need to increase opportunistic screening for sexually transmitted infections (STIs) in community settings, particularly for those who are at increased risk including men who have sex with men (MSM). The aim of this qualitative study was to explore whether home sampling kits (HSK) for multiple bacterial STIs are potentially acceptable among MSM and to identify any concerns regarding their use. This study was developed as part of a formative evaluation of HSKs. Focus groups and one-to-one semi-structured interviews with MSM were conducted. Focus group participants (n = 20) were shown a variety of self-sampling materials and asked to discuss them. Individual interviewees (n = 24) had experience of the self-sampling techniques as part of a pilot clinical study. All data were digitally recorded and transcribed verbatim. Data were analysed using a framework analysis approach. The concept of a HSK was generally viewed as positive, with many benefits identified relating to increased access to testing, enhanced personal comfort and empowerment. Concerns about the accuracy of the test, delays in receiving the results, the possible lack of support and potential negative impact on 'others' were raised.\n\nQuestion: Are home sampling kits for sexually transmitted infections acceptable among men who have sex with men?\n\nAnswer the question with yes, no, or maybe.\nAnswer:\n	maybe
Context: (1) To describe the prevalence of general practitioner visits and hospitalization according to sex and age groups; (2) to identify which factors are independently associated with a higher use of health care services among elderly Spanish; and (3) to study the time trends in the prevalence of use of health care services 2001-2009. Observational study. We analyzed data from the Spanish National Health Surveys conducted in 2001 (n=21,058), 2003 (n=21,650), 2006 (n=29,478) and 2009 (n=22,188). We included responses from adults aged 65 years and older. The main variables were the number of general practitioner visits in the last 4 weeks and hospitalization in the past year. We stratified the adjusted models by the main variables. We analyzed socio-demographic characteristics, health related variables, using multivariate logistic regression models. The total number of subjects was 24,349 (15,041 woman, 9309 men). Women were significantly older than men (P<0.001). Women had higher prevalence of general practitioner visits than men in all surveys. Men had significantly higher prevalence of hospitalizations than women in the years 2001, 2006 and 2009. When we adjusted the hospitalization by possible confounders using logistic regressions, men had a higher probability of being hospitalized than women (OR 1.53, 1.39-1.69). The variables that were significantly associated with a higher use of health care services were lower educational level, worse self-rated health, chronic conditions, polypharmacy, and the level of disability. The number of general practitioner visits among women and men significantly increased from 2001 to 2009 (women: OR 1.43, 1.27-1.61; men: OR 1.71, 1.49-1.97).\n\nQuestion: Has the prevalence of health care services use increased over the last decade (2001-2009) in elderly people?\n\nAnswer the question with yes, no, or maybe.\nAnswer:\n	yes
Context: We have reported previously that cerulein-induced edematous pancreatitis would transform into hemorrhagic pancreatitis by administration of endothelin-1 in rats. In the present study, we tried to protect rat model from developing into hemorrhagic pancreatitis with BQ123 (an ETA receptor antagonist). The rat model was made by 5-hour restraint water-immersion stress and two intraperitoneal injections of cerulein (40 micrograms/kg) at hourly interval. BQ123 (3 or 6 mg/kg) was administered intravenously 30 minutes before and 2 hours after the first cerulein injection. Acute hemorrhagic pancreatitis was induced in all rats treated with cerulin + stress. The score for pancreatic hemorrhage was 2.4 +/- 0.2 in this group. In the rats pretreated with BQ123, the score was reduced to 1.0 +/- 0.0, pancreas wet weight and serum amylase activity were significantly reduced, and histologic alterations in the pancreas lightened, also the local pancreatic blood flow improved without affecting the systemic blood pressure.\n\nQuestion: Is endothelin-1 an aggravating factor in the development of acute pancreatitis?\n\nAnswer the question with yes, no, or maybe.\nAnswer:\n	yes
Context: A side-to-side difference in systolic brachial arterial blood pressure is a common finding in subclavian artery stenosis and is frequently used as a screening tool for subclavian steal syndrome (SSS). It was the goal of this retrospective study to investigate the relationship between different vertebral artery waveform types and the side-to-side difference in systolic blood pressure in patients with sonographically proven SSS. The records of 1860 patients from the Neuroultrasound Laboratory between January 2000 and December 2000 were screened for the diagnosis of SSS in the final ultrasound report. In all patients, bilateral brachial arterial blood pressure was measured in a sitting position prior to the ultrasound examination. Vertebral artery waveforms were classified as (1) systolic deceleration, (2) alternating flow, and (3) complete reversal at rest. Blood pressure difference as calculated by normal-side blood pressure minus lesion-side blood pressure was compared with the 3 Doppler waveform types. SSS was found in 51 of 1860 (2.7%) ultrasonography studies of 49 patients (17 men, 32 women; mean age 65.3 +/- 10.5 years). Two patients (4%) had bilateral SSS. In 3 patients (6%), SSS was related to an innominate artery stenosis. Waveform analysis showed a completely reversed flow in 16 (31%), an alternating flow in 24 (47%), and a systolic deceleration in 11 (22%) cases. Systolic blood pressure difference was significantly higher in the complete reversal and alternating groups than in the systolic deceleration group (P<.001).\n\nQuestion: Subclavian steal syndrome: can the blood pressure difference between arms predict the severity of steal?\n\nAnswer the question with yes, no, or maybe.\nAnswer:\n	yes
Context: To assess Internet use amongst young people to determine whether it would be a practical way to provide sex education and information. Year 10 students (aged 14-15 years) from North Nottinghamshire schools were asked to participate in focus groups to discuss the Internet. A series of predefined questions were directed to the whole group to generate debate. Areas explored included: Internet access and site; frequency and purpose of Internet use; websites visited; ideas for a genitourinary medicine (GUM) website. Responses were recorded by a hand count or as individual verbal responses. Thirteen focus groups were held involving 287 students of approximately equal sex distribution. All had access to Internet facilities at school and 224 (78.0%) had access elsewhere. Access was at least once a week by 178 (62.0%) mostly for e-mail, games, chatlines and homework. No one accessed for health information. One hundred and seventy-nine (62.4%) participants said they would use a GUM website. A 'question line' where they could e-mail questions to a health care professional was of interest to 202 (70.4%) participants.\n\nQuestion: Can the Internet be used to improve sexual health awareness in web-wise young people?\n\nAnswer the question with yes, no, or maybe.\nAnswer:\n	maybe
Context: To assess whether eligibility to an adjuvant chemotherapy protocol in itself represents a good prognostic factor after radical cystectomy for bladder cancer. Between April 1984 and May 1989, our institution entered 35 patients with invasive bladder cancer into the Swiss Group for Clinical and Epidemiological Cancer Research (SAKK) study 09/84. They were randomly assigned to either observation or three postoperative courses of cisplatin monotherapy after cystectomy. This study had a negative result. The outcome of these 35 patients (protocol group) was compared with an age- and tumor-stage-matched cohort (matched group; n = 35) who also underwent cystectomy during the same period, but were not entered into the SAKK study, as well as the remaining 57 patients treated during the study period for the same indication (remaining group). Median overall survival decreased from 76.3 months in the protocol group to 52.1 months in the matched group and to 20.3 months in the remaining group. The respective times of median recurrence-free survival were 67.2, 16.0, and 9.4 months. Tumor progression occurred in 46% of the protocol group compared with 69% in the matched group and 65% in the remaining group (P<.05). Cancer-related death was noted in 40% of the protocol group, 57% in the matched group, and 56% in the remaining group.\n\nQuestion: Is eligibility for a chemotherapy protocol a good prognostic factor for invasive bladder cancer after radical cystectomy?\n\nAnswer the question with yes, no, or maybe.\nAnswer:\n	yes
Context: The alterations of echocardiography and electrocardiogram (ECG) in patients received left atrial appendage LAA occlusion therapy are still unclear. The present study was to evaluate the influence of LAA occlusion device on echocardiography and ECG changes in patients with atrial fibrillation (AF). Seventy-three patients who had undergone Watchman, LAmbre and Lefort were enrolled in this study. Echocardiography and ECG results at pre- and post-operation were collected. Besides, echocardiography was also performed during follow-up visits at 1, 6 and 12months after discharge. After LAA occlusion, a slight and measureable movement of QRS electric axis was observed in most patients. The significant differences were also observed in heart rate (HR) and the mean-mean QT interval between pre- and post-operation for all patients. There existed no significant difference in echocardiographic parameters between before and after device implantation. However, a larger left atrial (LA) diameter was detected by echocardiography during follow-up visit at 6months when compared with pre-operation parameters. Similarly, aortic root diameter (ARD) was also larger during follow-up at 12months than the baseline dimension in pre-operation.\n\nQuestion: Does left atrial appendage (LAA) occlusion device alter the echocardiography and electrocardiogram parameters in patients with atrial fibrillation?\n\nAnswer the question with yes, no, or maybe.\nAnswer:\n	yes
Context: Currently the choice of breast cancer therapy is based on prognostic factors. The proliferation marker Ki-67 is used increasingly to determine the method of therapy. The current study analyses the predictive value of Ki-67 in foreseeing breast cancer patients' responses to neoadjuvant chemotherapy. This study includes patients with invasive breast cancer treated between 2008 and 2013. The clinical response was assessed by correlating Ki-67 to histological examination, mammography, and ultrasonography findings. The average Ki-67 value in our patients collectively (n = 77) is 34.9 ± 24.6%. The average Ki-67 value is the highest with 37.4 ± 24.0% in patients with a pCR. The Ki-67 values do not differ significantly among the 3 groups: pCR versus partial pathological response versus stable disease/progress (P = 0.896). However, Ki-67 values of patients with luminal, Her2 enriched, and basal-like cancers differed significantly from each other. Furthermore, within the group of luminal tumors Ki-67 values of patients with versus without pCR also differed significantly.\n\nQuestion: Can ki-67 play a role in prediction of breast cancer patients' response to neoadjuvant chemotherapy?\n\nAnswer the question with yes, no, or maybe.\nAnswer:\n	yes
Context: Previous studies reported that breast-feeding protects children against a variety of diseases, but these studies were generally conducted on "high-risk" or hospitalized children. This paper describes the results of our study on the effects of breast-feeding on rate of illness in normal children with a family history of atopy. A historic cohort approach of 794 children with a family history of atopy was used to assess the effects of breast-feeding on illness rates. Family history of atopy was based on allergic diseases in family members as registered by the family physician. Illness data from birth onwards were available from the Continuous Morbidity Registration of the Department of Family Medicine. Information on breast-feeding was collected by postal questionnaire. We then compared rates of illness between children with a family history of atopy who were and who were not breast-fed. Breast-feeding was related to lower levels of childhood illness both in the first and the first three years of life. In the first year of life they had fewer episodes of gastroenteritis, lower respiratory tract infections, and digestive tract disorders. Over the next three years of life they had fewer respiratory tract infections and skin infections.\n\nQuestion: Is the breast best for children with a family history of atopy?\n\nAnswer the question with yes, no, or maybe.\nAnswer:\n	yes
Context: To show the results of treating posterior uveal melanomas with 106Ru plaque beta-ray radiotherapy and to review and discuss the literature concerning the optimal apical dose prescription (100 vs. 160 Gy). Forty-eight patients with uveal melanomas (median height 3.85 mm + 1 mm sclera) were treated with ruthenium plaques. The median apical dose was 120 Gy, the median scleral dose 546 Gy. After 5.8 years of follow-up, the overall 5-year survival rate was 90%, the disease specific 5-year survival rate was 92% (3 patients alive with metastasis). Six percent received a second ruthenium application, 10% of the eyes had to be enucleated. Local control was achieved in 90% of the patients with conservative therapy alone. Central or paracentral tumors showed 50% of the pretherapeutic vision after 4 years, and 80% of the vision was preserved in those with peripheral tumors. The main side effects were mostly an uncomplicated retinopathy (30%); macular degeneration or scarring led to poor central vision in 30% of cases.\n\nQuestion: Does escalation of the apical dose change treatment outcome in beta-radiation of posterior choroidal melanomas with 106Ru plaques?\n\nAnswer the question with yes, no, or maybe.\nAnswer:\n	no
Context: To measure the dimensions of compensatory hypertrophy of the middle turbinate in patients with nasal septal deviation, before and after septoplasty. The mucosal and bony structures of the middle turbinate and the angle of the septum were measured using radiological analysis before septoplasty and at least one year after septoplasty. All pre- and post-operative measurements of the middle turbinate were compared using the paired sample t-test and Wilcoxon rank sum test. The dimensions of bony and mucosal components of the middle turbinate on concave and convex sides of the septum were not significantly changed by septoplasty. There was a significant negative correlation after septoplasty between the angle of the septum and the middle turbinate total area on the deviated side (p = 0.033).\n\nQuestion: Does septoplasty change the dimensions of compensatory hypertrophy of the middle turbinate?\n\nAnswer the question with yes, no, or maybe.\nAnswer:\n	no
Context: Minority patients with cancer experience worse control of their pain than do their white counterparts. This disparity may, in part, reflect more miscommunication between minority patients and their physicians. Therefore, we examined whether patient coaching could reduce disparities in pain control in a secondary analysis of a randomized controlled trial. Sixty-seven English-speaking adult cancer outpatients, including 15 minorities, with moderate pain over the prior 2 weeks were randomly assigned to the experimental (N = 34) or control group (N = 33). Experimental patients received a 20-minute individualized education and coaching session to increase knowledge of pain self-management, to redress personal misconceptions about pain treatment, and to rehearse an individually scripted patient-physician dialog about pain control. The control group received standardized information on controlling pain. Data on average pain (0-10 scale) were collected at enrollment and 2-week follow-up. At enrollment, minority patients had significantly more pain than their white counterparts (6.0 vs 5.0, P = 0.05). At follow-up, minorities in the control group continued to have more pain (6.4 vs 4.7, P = 0.01), whereas in the experimental group, disparities were eliminated (4.0 vs 4.3, P = 0.71). The effect of the intervention on reducing disparities was significant (P = 0.04).\n\nQuestion: Can patient coaching reduce racial/ethnic disparities in cancer pain control?\n\nAnswer the question with yes, no, or maybe.\nAnswer:\n	yes
Context: It is generally believed that positioning of the patient in a head-down tilt (Trendelenberg position) decreases the likelihood of a venous air embolism during liver resection. The physiological effect of variation in horizontal attitude on central and hepatic venous pressure was measured in 10 patients during liver surgery. Hemodynamic indices were recorded with the operating table in the horizontal, 20 degrees head-up and 20 degrees head-down positions. There was no demonstrable pressure gradient between the hepatic and central venous levels in any of the positions. The absolute pressures did, however, vary in a predictable way, being highest in the head-down and lowest during head-up tilt. However, on no occasion was a negative intraluminal pressure recorded.\n\nQuestion: Does patient position during liver surgery influence the risk of venous air embolism?\n\nAnswer the question with yes, no, or maybe.\nAnswer:\n	no
Context: To assess whether Indigenous Australians age prematurely compared with other Australians, as implied by Australian Government aged care policy, which uses age 50 years and over for population-based planning for Indigenous people compared with 70 years for non-indigenous people. Cross-sectional analysis of aged care assessment, hospital and health survey data comparing Indigenous and non-indigenous age-specific prevalence of health conditions. Analysis of life tables for Indigenous and non-indigenous populations comparing life expectancy at different ages. At age 63 for women and age 65 for men, Indigenous people had the same life expectancy as non-indigenous people at age 70. There is no consistent pattern of a 20-year lead in age-specific prevalence of age-associated conditions for Indigenous compared with other Australians. There is high prevalence from middle-age onwards of some conditions, particularly diabetes (type unspecified), but there is little or no lead for others.\n\nQuestion: Do Indigenous Australians age prematurely?\n\nAnswer the question with yes, no, or maybe.\nAnswer:\n	no
Context: Tuberculosis (TB) patients face numerous difficulties adhering to the long-term, rigorous TB treatment regimen. Findings on TB patients' treatment adherence vary across existing literature and official reports. The present study attempted to determine the actual treatment adherence of new TB patients and to identify factors leading to non-adherence. A prospective cohort of 481 newly confirmed TB patients from three counties in western China were enrolled during June to December 2012 and was followed until June 2013. Patients who missed at least one dose of drugs or one follow-up re-examination during the treatment course were deemed as non-adherent. Influencing factors were identified using a logistic regression model. A total of 173 (36.0 %) patients experienced non-adherence and the loss to follow-up cases reached 136 (28.2 %). Only 13.9 % of patients took drugs under direct observation, and 60.5 % of patients were supervised by phone calls. Factor analyses suggested that patients who were observed by family members (OR:5.54, 95 % CI:2.87-10.69) and paying monthly service expenses above 450 RMB (OR:2.08, 95 % CI:1.35-3.19) were more likely to be non-adherent, while supervision by home visit (OR:0.06, 95 % CI:0.01-0.28) and phone calls (OR:0.27, 95 % CI:0.17-0.44) were protective factors.\n\nQuestion: Are tuberculosis patients adherent to prescribed treatments in China?\n\nAnswer the question with yes, no, or maybe.\nAnswer:\n	maybe
Context: An unknown number of colorectal cancers could be due to missed adenomas during previous endoscopy. Data in the literature are sparse. A large cross-sectional study was done in a prospective database of all patients diagnosed with colorectal cancer. All consecutive endoscopies over a period of 15 years, in which colorectal cancer was diagnosed were included. All patients who underwent more than one endoscopy and in whom ultimately cancer was diagnosed were studied separately. Colorectal cancer was diagnosed in 835 patients. Twenty-five patients underwent a previous endoscopy without a cancer diagnosis. These 25 patients were divided into three groups according to the time between the endoscopy in which the cancer was detected and the previous endoscopy. Five out of these 25 patients underwent regular surveillance. Only 11 patients had no argument for regular follow-up. Assuming that these cancers developed from an adenoma than only 11 out of 835 (1.3%) cancers were missed in the adenoma phase. There was no difference in the size of the tumour between the three groups of patients.\n\nQuestion: Are many colorectal cancers due to missed adenomas?\n\nAnswer the question with yes, no, or maybe.\nAnswer:\n	no
Context: Although desflurane is commonly used to control surgically induced hypertension, its effects on left ventricular (LV) function have not been investigated in this clinical situation. The purpose of the present study was to evaluate the LV function response to desflurane, when used to control intraoperative hypertension. In 50 patients, scheduled for vascular surgery, anesthesia was induced with sufentanil 0.5 microg/kg, midazolam 0.3 mg/kg and atracurium 0.5 mg/kg. After tracheal intubation, anesthesia was maintained with increments of drugs with controlled ventilation (N2O/O2=60/40%) until the start of surgery. A 5 Mhz transesophageal echocardiography (TEE) probe was inserted after intubation. Pulmonary artery catheter and TEE measurements were obtained after induction (to)(control value), at surgical incision (t1) if it was associated with an increase in systolic arterial pressure (SAP) greater than 140 mmHg (hypertension) and after control of hemodynamic parameters by administration of desflurane (return of systolic arterial pressure to within 20% of the control value) (t2) in a fresh gas flow of 31/ min. Sixteen patients developed hypertension at surgical incision. SAP was controlled by desflurane in all 16 patients. Afterload assessed by systemic vascular resistance index (SVRI), end-systolic wall-stress (ESWS) and left-ventricular stroke work index (LVSWI) increased with incision until the hypertension returned to post-induction values with mean end-tidal concentration of 5.1+/-0.7% desflurane. No change in heart rate, cardiac index, mean pulmonary arterial pressure, stroke volume, end-diastolic and end-systolic cross-sectional areas, fractional area change and left ventricular circumferential fiber shortening was noted when desflurane was added to restore blood pressure.\n\nQuestion: Does desflurane alter left ventricular function when used to control surgical stimulation during aortic surgery?\n\nAnswer the question with yes, no, or maybe.\nAnswer:\n	no
Context: After 34 weeks gestation, summary measures of location for birthweight (e.g means and centiles) increase more slowly for Australian Aborigines than for whites. A similar pattern has been observed for blacks in the US. This study tests whether the reported pattern is due to differential misclassification of gestational age. Simulation was used to measure the potential effect of differential misclassification of gestational age. Reported gestational age data were obtained from Queensland Perinatal Data Collection (QPDC). Estimates of the true distributions of gestational age were obtained by assuming various (plausible) types of misclassification and applying these to the reported distributions. Previous studies and data from the QPDC were used to help specify the birthweight distributions used in the simulations. At full term, the parameters of the birthweight distributions were robust to gestational age misclassification. At preterm, the 10th centiles were robust to misclassification. In contrast, the 90th centiles were sensitive to even minor misclassification. Extreme types of misclassification were required to remove the divergence in median birthweights for Aborigines and whites.\n\nQuestion: Does gestational age misclassification explain the difference in birthweights for Australian aborigines and whites?\n\nAnswer the question with yes, no, or maybe.\nAnswer:\n	no
Context: We analyzed the pharmacokinetic-pharmacodynamic relationship of vancomycin to determine the drug exposure parameters that correlate with the efficacy and nephrotoxicity of vancomycin in patients with methicillin-resistant Staphylococcus aureus pneumonia and evaluated the need to use peak concentration in therapeutic drug monitoring (TDM). Serum drug concentrations of 31 hospitalized patients treated with vancomycin for methicillin-resistant S. aureus pneumonia were collected. Significant differences in trough concentration (Cmin)/minimum inhibitory concentration (MIC) and area under the serum concentration-time curve (AUC0-24)/MIC were observed between the response and non-response groups. Significant differences in Cmin and AUC0-24 were observed between the nephrotoxicity and non-nephrotoxicity groups. Receiver operating characteristic curves revealed high predictive values of Cmin/MIC and AUC0-24/MIC for efficacy and of Cmin and AUC0-24 for safety of vancomycin.\n\nQuestion: Is peak concentration needed in therapeutic drug monitoring of vancomycin?\n\nAnswer the question with yes, no, or maybe.\nAnswer:\n	no
Context: The reduced use of sugars-containing (SC) liquid medicines has increased the use of other dose forms, potentially resulting in more widespread dental effects, including tooth wear. The aim of this study was to assess the erosive potential of 97 paediatric medicines in vitro. The study took the form of in vitro measurement of endogenous pH and titratable acidity (mmol). Endogenous pH was measured using a pH meter, followed by titration to pH 7.0 with 0.1-M NaOH. Overall, 55 (57%) formulations had an endogenous pH of<5.5. The mean (+/- SD) endogenous pH and titratable acidity for 41 SC formulations were 5.26 +/- 1.30 and 0.139 +/- 0.133 mmol, respectively; for 56 sugars-free (SF) formulations, these figures were 5.73 +/- 1.53 and 0.413 +/- 1.50 mmol (P>0.05). Compared with their SC bioequivalents, eight SF medicines showed no significant differences for pH or titratable acidity, while 15 higher-strength medicines showed lower pH (P = 0.035) and greater titratable acidity (P = 0.016) than their lower-strength equivalents. Chewable and dispersible tablets (P<0.001), gastrointestinal medicines (P = 0.002) and antibiotics (P = 0.007) were significant predictors of higher pH. In contrast, effervescent tablets (P<0.001), and nutrition and blood preparations (P = 0.021) were significant predictors of higher titratable acidity.\n\nQuestion: Are sugars-free medicines more erosive than sugars-containing medicines?\n\nAnswer the question with yes, no, or maybe.\nAnswer:\n	no
